timestamp,lat,lon,rain_1h,rain_3h,rain_6h,rain_24h,rain_72h
2020-01-01 00:00:00+00:00,30.1,78.3,0.8383815207201775,0.8383815207201775,0.8383815207201775,0.8383815207201775,0.8383815207201775
2020-01-01 00:00:00+00:00,30.8,79.2,3.1848648927359995,3.1848648927359995,3.1848648927359995,3.1848648927359995,3.1848648927359995
2020-01-01 00:00:00+00:00,29.9,78.9,5.875471049562611,5.875471049562611,5.875471049562611,5.875471049562611,5.875471049562611
2020-01-01 00:00:00+00:00,31.2,78.6,0.9321076857406965,0.9321076857406965,0.9321076857406965,0.9321076857406965,0.9321076857406965
2020-01-01 00:00:00+00:00,31.0,78.2,2.146005085394919,2.146005085394919,2.146005085394919,2.146005085394919,2.146005085394919
2020-01-01 00:00:00+00:00,30.7,78.9,11.631634240580267,11.631634240580267,11.631634240580267,11.631634240580267,11.631634240580267
2020-01-01 00:00:00+00:00,30.5,78.7,2.8621289420374163,2.8621289420374163,2.8621289420374163,2.8621289420374163,2.8621289420374163
2020-01-01 00:00:00+00:00,30.3,78.5,4.25006285387552,4.25006285387552,4.25006285387552,4.25006285387552,4.25006285387552
2020-01-01 01:00:00+00:00,30.8,79.2,8.649235667061937,11.834100559797937,11.834100559797937,11.834100559797937,11.834100559797937
2020-01-01 01:00:00+00:00,30.1,78.3,9.171592258390879,10.009973779111057,10.009973779111057,10.009973779111057,10.009973779111057
2020-01-01 01:00:00+00:00,29.9,78.9,0.614532810904485,6.490003860467096,6.490003860467096,6.490003860467096,6.490003860467096
2020-01-01 01:00:00+00:00,30.3,78.5,7.440379604323395,11.690442458198916,11.690442458198916,11.690442458198916,11.690442458198916
2020-01-01 01:00:00+00:00,30.5,78.7,5.275180351881652,8.137309293919067,8.137309293919067,8.137309293919067,8.137309293919067
2020-01-01 01:00:00+00:00,31.0,78.2,3.423464734363017,5.569469819757936,5.569469819757936,5.569469819757936,5.569469819757936
2020-01-01 01:00:00+00:00,30.7,78.9,0.5544891935763578,12.186123434156624,12.186123434156624,12.186123434156624,12.186123434156624
2020-01-01 01:00:00+00:00,31.2,78.6,2.5427055883508967,3.474813274091593,3.474813274091593,3.474813274091593,3.474813274091593
2020-01-01 02:00:00+00:00,31.0,78.2,7.863315961972237,13.432785781730173,13.432785781730173,13.432785781730173,13.432785781730173
2020-01-01 02:00:00+00:00,30.3,78.5,3.0189780214584565,14.709420479657371,14.709420479657371,14.709420479657371,14.709420479657371
2020-01-01 02:00:00+00:00,29.9,78.9,8.600098061515748,15.090101921982845,15.090101921982845,15.090101921982845,15.090101921982845
2020-01-01 02:00:00+00:00,30.5,78.7,1.8782090201022594,10.015518314021328,10.015518314021328,10.015518314021328,10.015518314021328
2020-01-01 02:00:00+00:00,30.1,78.3,0.6511308265179098,10.661104605628967,10.661104605628967,10.661104605628967,10.661104605628967
2020-01-01 02:00:00+00:00,30.8,79.2,2.8643695279504855,14.698470087748422,14.698470087748422,14.698470087748422,14.698470087748422
2020-01-01 02:00:00+00:00,30.7,78.9,6.430325334435985,18.616448768592612,18.616448768592612,18.616448768592612,18.616448768592612
2020-01-01 02:00:00+00:00,31.2,78.6,2.5899193668024036,6.064732640893997,6.064732640893997,6.064732640893997,6.064732640893997
2020-01-01 03:00:00+00:00,31.0,78.2,1.9075320537388447,13.194312750074099,15.340317835469017,15.340317835469017,15.340317835469017
2020-01-01 03:00:00+00:00,29.9,78.9,9.169320057660853,18.383950930081085,24.259421979643697,24.259421979643697,24.259421979643697
2020-01-01 03:00:00+00:00,30.8,79.2,8.949324615208658,20.46292981022108,23.64779470295708,23.64779470295708,23.64779470295708
2020-01-01 03:00:00+00:00,31.2,78.6,12.540324285517771,17.672949240671073,18.60505692641177,18.60505692641177,18.60505692641177
2020-01-01 03:00:00+00:00,30.7,78.9,2.2455798628725514,9.230394390884895,20.86202863146516,20.86202863146516,20.86202863146516
2020-01-01 03:00:00+00:00,30.1,78.3,13.911799365255199,23.734522450163986,24.572903970884166,24.572903970884166,24.572903970884166
2020-01-01 03:00:00+00:00,30.5,78.7,2.7456429302370404,9.899032302220952,12.761161244258368,12.761161244258368,12.761161244258368
2020-01-01 03:00:00+00:00,30.3,78.5,4.777206612100871,15.236564237882723,19.486627091758244,19.486627091758244,19.486627091758244
2020-01-01 04:00:00+00:00,30.5,78.7,2.1354721497278413,6.759324100067142,14.896633393986209,14.896633393986209,14.896633393986209
2020-01-01 04:00:00+00:00,31.2,78.6,1.4033019964255145,16.53354564874569,20.00835892283728,20.00835892283728,20.00835892283728
2020-01-01 04:00:00+00:00,31.0,78.2,5.2550034540468005,15.025851469757882,20.595321289515816,20.595321289515816,20.595321289515816
2020-01-01 04:00:00+00:00,29.9,78.9,1.3555164823912866,19.124934601567887,25.614938462034985,25.614938462034985,25.614938462034985
2020-01-01 04:00:00+00:00,30.8,79.2,1.5084170589493824,13.322111202108525,25.156211761906462,25.156211761906462,25.156211761906462
2020-01-01 04:00:00+00:00,30.7,78.9,2.6369285814037067,11.312833778712244,23.498957212868866,23.498957212868866,23.498957212868866
2020-01-01 04:00:00+00:00,30.3,78.5,0.2518938145095235,8.04807844806885,19.738520906267766,19.738520906267766,19.738520906267766
2020-01-01 04:00:00+00:00,30.1,78.3,6.505798015891206,21.068728207664314,31.07870198677537,31.07870198677537,31.07870198677537
2020-01-01 05:00:00+00:00,30.1,78.3,2.418752012512639,22.836349393659045,33.49745399928801,33.49745399928801,33.49745399928801
2020-01-01 05:00:00+00:00,31.2,78.6,4.422832285521202,18.366458567464488,24.431191208358484,24.431191208358484,24.431191208358484
2020-01-01 05:00:00+00:00,29.9,78.9,2.0949210235152433,12.619757563567383,27.709859485550226,27.709859485550226,27.709859485550226
2020-01-01 05:00:00+00:00,31.0,78.2,2.8005869111534287,9.963122418939074,23.395908200669247,23.395908200669247,23.395908200669247
2020-01-01 05:00:00+00:00,30.8,79.2,13.569280002211304,24.027021676369344,38.72549176411776,38.72549176411776,38.72549176411776
2020-01-01 05:00:00+00:00,30.7,78.9,5.10120331978332,9.983711764059578,28.60016053265219,28.60016053265219,28.60016053265219
2020-01-01 05:00:00+00:00,30.3,78.5,9.537484336105413,14.566584762715806,29.27600524237318,29.27600524237318,29.27600524237318
2020-01-01 05:00:00+00:00,30.5,78.7,4.030006896703811,8.911121976668692,18.92664029069002,18.92664029069002,18.92664029069002
2020-01-01 06:00:00+00:00,31.0,78.2,0.6154535275516091,8.671043892751838,21.865356642825937,24.011361728220855,24.011361728220855
2020-01-01 06:00:00+00:00,31.2,78.6,2.580664111638582,8.406798393585298,26.07974763425637,27.011855319997068,27.011855319997068
2020-01-01 06:00:00+00:00,30.5,78.7,3.716147622817352,9.881626669249004,19.780658971469958,22.642787913507373,22.642787913507373
2020-01-01 06:00:00+00:00,30.1,78.3,13.71165548171781,22.636205510121655,46.37072796028564,47.20910948100582,47.20910948100582
2020-01-01 06:00:00+00:00,30.7,78.9,5.086064474331792,12.824196375518818,22.054590766403713,33.68622500698398,33.68622500698398
2020-01-01 06:00:00+00:00,29.9,78.9,0.3858507003242724,3.8362882062308024,22.220239136311886,28.0957101858745,28.0957101858745
2020-01-01 06:00:00+00:00,30.8,79.2,11.63081746948958,26.708514530650266,47.171444340871346,50.35630923360735,50.35630923360735
2020-01-01 06:00:00+00:00,30.3,78.5,5.645174092460827,15.434552243075762,30.67111648095849,34.92117933483401,34.92117933483401
2020-01-01 07:00:00+00:00,30.5,78.7,5.982913330913106,13.72906785043427,20.48839195050141,28.625701244420476,28.625701244420476
2020-01-01 07:00:00+00:00,31.2,78.6,5.8183751786199815,12.821871575779767,29.355417224525453,32.83023049861705,32.83023049861705
2020-01-01 07:00:00+00:00,29.9,78.9,2.546154722737848,5.026926446577363,24.151861048145253,30.641864908612348,30.641864908612348
2020-01-01 07:00:00+00:00,30.8,79.2,11.457637047874222,36.6577345195751,49.97984572168363,61.81394628148157,61.81394628148157
2020-01-01 07:00:00+00:00,30.3,78.5,6.313940741148029,21.496599169714266,29.54467761778312,41.23512007598204,41.23512007598204
2020-01-01 07:00:00+00:00,31.0,78.2,4.292553190730196,7.708593629435233,22.734445099193117,28.30391491895105,28.30391491895105
2020-01-01 07:00:00+00:00,30.7,78.9,1.9086341138984926,12.095901908013605,23.408735686725848,35.594859120882475,35.594859120882475
2020-01-01 07:00:00+00:00,30.1,78.3,3.955651264474329,20.086058758704777,41.154786966369095,51.16476074548015,51.16476074548015
2020-01-01 08:00:00+00:00,30.8,79.2,21.587784408558022,44.67623892592182,68.70326060229117,83.40173069003959,83.40173069003959
2020-01-01 08:00:00+00:00,29.9,78.9,2.680609275723066,5.612614698785187,18.23237226235257,33.32247418433541,33.32247418433541
2020-01-01 08:00:00+00:00,31.2,78.6,1.4922735632576953,9.891312853516258,28.257771420980745,34.322504061874746,34.322504061874746
2020-01-01 08:00:00+00:00,31.0,78.2,5.126241222498885,10.03424794078069,19.997370359719763,33.430156141449935,33.430156141449935
2020-01-01 08:00:00+00:00,30.3,78.5,3.5219908336107757,15.48110566721963,30.04769042993544,44.75711090959281,44.75711090959281
2020-01-01 08:00:00+00:00,30.1,78.3,3.88757596835706,21.554882714549198,44.39123210820824,55.05233671383721,55.05233671383721
2020-01-01 08:00:00+00:00,30.5,78.7,23.22154695446101,32.92060790819147,41.83172988486016,51.84724819888149,51.84724819888149
2020-01-01 08:00:00+00:00,30.7,78.9,1.8643433856658995,8.859041973896185,18.842753737955764,37.45920250654837,37.45920250654837
2020-01-01 09:00:00+00:00,29.9,78.9,7.66342367710301,12.890187675563924,16.726475881794727,40.985897861438424,40.985897861438424
2020-01-01 09:00:00+00:00,31.2,78.6,5.330285944000807,12.640934685878484,21.047733079463782,39.65279000587555,39.65279000587555
2020-01-01 09:00:00+00:00,30.1,78.3,6.493279029757126,14.336506262588514,36.97271177271017,61.54561574359433,61.54561574359433
2020-01-01 09:00:00+00:00,30.7,78.9,3.229759677210815,7.002737176775208,19.826933552294026,40.68896218375919,40.68896218375919
2020-01-01 09:00:00+00:00,30.3,78.5,3.092807085420025,12.928738660178828,28.36329090325459,47.84991799501284,47.84991799501284
2020-01-01 09:00:00+00:00,31.0,78.2,9.08688165653469,18.505676069763773,27.17671996251561,42.51703779798463,42.51703779798463
2020-01-01 09:00:00+00:00,30.5,78.7,18.99746522680337,48.20192551217749,58.08355218142649,70.84471342568486,70.84471342568486
2020-01-01 09:00:00+00:00,30.8,79.2,6.334545438007466,39.379966894439704,66.08848142508998,89.73627612804705,89.73627612804705
2020-01-01 10:00:00+00:00,31.0,78.2,2.4157869157066183,16.628909794740192,24.337503424175427,44.93282471369125,44.93282471369125
2020-01-01 10:00:00+00:00,29.9,78.9,2.372299070157296,12.716332022983373,17.743258469560736,43.35819693159572,43.35819693159572
2020-01-01 10:00:00+00:00,30.7,78.9,12.81193042399085,17.906033486867564,30.001935394881173,53.50089260775004,53.50089260775004
2020-01-01 10:00:00+00:00,30.3,78.5,9.72915750710592,16.34395542613672,37.84055459585099,57.579075502118755,57.579075502118755
2020-01-01 10:00:00+00:00,30.8,79.2,20.423665004314902,48.34599485088039,85.00372937045549,110.15994113236196,110.15994113236196
2020-01-01 10:00:00+00:00,31.2,78.6,3.9174988330978717,10.740058340356375,23.56192991613614,43.570288838973426,43.570288838973426
2020-01-01 10:00:00+00:00,30.1,78.3,6.414281147320564,16.795136145434746,36.88119490413953,67.9598968909149,67.9598968909149
2020-01-01 10:00:00+00:00,30.5,78.7,22.460275265109594,64.67928744637398,78.40835529680825,93.30498869079446,93.30498869079446
2020-01-01 11:00:00+00:00,30.7,78.9,6.511999980332871,22.553690081534537,31.41273205543072,60.012892588082906,60.012892588082906
2020-01-01 11:00:00+00:00,30.8,79.2,16.146600236560992,42.904810678883365,87.58104960480519,126.30654136892295,126.30654136892295
2020-01-01 11:00:00+00:00,31.0,78.2,4.435539561140856,15.938208133382163,25.972456074162857,49.3683642748321,49.3683642748321
2020-01-01 11:00:00+00:00,29.9,78.9,2.786194604054749,12.821917351315054,18.43453205010024,46.14439153565047,46.14439153565047
2020-01-01 11:00:00+00:00,30.5,78.7,6.207933616766954,47.665674108679916,80.5862820168714,99.51292230756141,99.51292230756141
2020-01-01 11:00:00+00:00,31.2,78.6,10.66782834809246,19.91561312519114,29.8069259787074,54.23811718706588,54.23811718706588
2020-01-01 11:00:00+00:00,30.3,78.5,3.6355598306219457,16.45752442314789,31.93863009036752,61.214635332740706,61.214635332740706
2020-01-01 11:00:00+00:00,30.1,78.3,7.043840816185467,19.951400993263157,41.50628370781235,75.00373770710037,75.00373770710037
2020-01-01 12:00:00+00:00,30.1,78.3,9.87053605249491,23.32865801600094,37.66516427858946,84.87427375959527,84.87427375959527
2020-01-01 12:00:00+00:00,30.5,78.7,1.7880106862638148,30.456219568140362,78.65814508031785,101.30093299382523,101.30093299382523
2020-01-01 12:00:00+00:00,30.8,79.2,16.63324649180128,53.20351173267717,92.58347862711689,142.93978786072424,142.93978786072424
2020-01-01 12:00:00+00:00,29.9,78.9,7.1452159413180025,12.303709615530048,25.193897291093972,53.28960747696847,53.28960747696847
2020-01-01 12:00:00+00:00,31.2,78.6,9.445514446173569,24.030841627363902,36.67177631324239,63.68363163323945,63.68363163323945
2020-01-01 12:00:00+00:00,30.3,78.5,7.850941940760089,21.215659278487955,34.144397938666785,69.0655772735008,69.0655772735008
2020-01-01 12:00:00+00:00,31.0,78.2,5.592490808665652,12.443817285513127,30.949493355276896,54.960855083497755,54.960855083497755
2020-01-01 12:00:00+00:00,30.7,78.9,13.26296295418024,32.58689335850396,39.58963053527917,73.27585554226314,73.27585554226314
2020-01-01 13:00:00+00:00,30.1,78.3,12.882893272367884,29.797270141048262,46.592406286483005,97.75716703196316,97.75716703196316
2020-01-01 13:00:00+00:00,30.8,79.2,30.295178483657963,63.075025212020236,111.42102006290062,173.2349663443822,173.2349663443822
2020-01-01 13:00:00+00:00,30.5,78.7,1.9744501195435062,9.970394422574275,74.64968186894825,103.27538311336873,103.27538311336873
2020-01-01 13:00:00+00:00,30.3,78.5,9.362123343604212,20.848625114986245,37.192580541122965,78.427700617105,78.427700617105
2020-01-01 13:00:00+00:00,30.7,78.9,4.925395018844962,24.700357953358075,42.606391440225636,78.20125056110811,78.20125056110811
2020-01-01 13:00:00+00:00,29.9,78.9,1.0973498864264544,11.028760431799206,23.74509245478258,54.38695736339493,54.38695736339493
2020-01-01 13:00:00+00:00,31.0,78.2,1.3987137061870072,11.426744075993515,28.05565387073371,56.35956878968476,56.35956878968476
2020-01-01 13:00:00+00:00,31.2,78.6,8.401903770247038,28.515246564513067,39.25530490486945,72.08553540348649,72.08553540348649
2020-01-01 14:00:00+00:00,30.5,78.7,1.7610116505254398,5.523472456332761,53.18914656501268,105.03639476389417,105.03639476389417
2020-01-01 14:00:00+00:00,30.7,78.9,2.931989189064975,21.12034716209018,43.67403724362472,81.13323975017309,81.13323975017309
2020-01-01 14:00:00+00:00,31.0,78.2,8.384797525554147,15.376002040406807,31.31421017378897,64.7443663152389,64.7443663152389
2020-01-01 14:00:00+00:00,29.9,78.9,7.560341933504509,15.802907761248967,28.62482511256402,61.94729929689944,61.94729929689944
2020-01-01 14:00:00+00:00,30.3,78.5,1.716560798451388,18.929626082815687,35.38715050596358,80.14426141555639,80.14426141555639
2020-01-01 14:00:00+00:00,31.2,78.6,15.273057662531311,33.12047587895192,53.03608900414306,87.3585930660178,87.3585930660178
2020-01-01 14:00:00+00:00,30.8,79.2,28.751347790368563,75.6797727658278,118.58458344471117,201.98631413475076,201.98631413475076
2020-01-01 14:00:00+00:00,30.1,78.3,19.565903829480014,42.31933315434281,62.270734147605964,117.32307086144317,117.32307086144317
2020-01-01 15:00:00+00:00,29.9,78.9,3.2284795696221003,11.886171389553063,24.189881005083112,65.17577886652154,65.17577886652154
2020-01-01 15:00:00+00:00,31.2,78.6,20.740568446302547,44.41552987908089,68.44637150644479,108.09916151232035,108.09916151232035
2020-01-01 15:00:00+00:00,30.7,78.9,11.036903556854455,18.894287764764393,51.48118112326836,92.17014330702754,92.17014330702754
2020-01-01 15:00:00+00:00,30.1,78.3,36.27736738609566,68.72616448794356,92.05482250394451,153.60043824753882,153.60043824753882
2020-01-01 15:00:00+00:00,31.0,78.2,3.943618428552753,13.727129660293908,26.17094694580703,68.68798474379166,68.68798474379166
2020-01-01 15:00:00+00:00,30.3,78.5,3.6092185166693227,14.687902658724921,35.90356193721288,83.75347993222572,83.75347993222572
2020-01-01 15:00:00+00:00,30.5,78.7,3.959924132612158,7.695385902681105,38.151605470821465,108.99631889650632,108.99631889650632
2020-01-01 15:00:00+00:00,30.8,79.2,32.92317864177082,91.96970491579735,145.17321664847452,234.90949277652157,234.90949277652157
2020-01-01 16:00:00+00:00,30.5,78.7,11.39236217803863,17.11329796117623,27.083692383750503,120.38868107454496,120.38868107454496
2020-01-01 16:00:00+00:00,31.0,78.2,2.382465978335904,14.710881932442804,26.137626008436317,71.07045072212756,71.07045072212756
2020-01-01 16:00:00+00:00,31.2,78.6,17.06779191875112,53.081418027584974,81.59666459209805,125.16695343107146,125.16695343107146
2020-01-01 16:00:00+00:00,29.9,78.9,1.09880260494963,11.88762410807624,22.916384539875445,66.27458147147117,66.27458147147117
2020-01-01 16:00:00+00:00,30.1,78.3,32.48423340670763,88.3275046222833,118.12477476333157,186.08467165424645,186.08467165424645
2020-01-01 16:00:00+00:00,30.8,79.2,41.565411596362004,103.2399380285014,166.31496324052162,276.4749043728836,276.4749043728836
2020-01-01 16:00:00+00:00,30.3,78.5,13.800451557071682,19.12623087219239,39.974855987178636,97.5539314892974,97.5539314892974
2020-01-01 16:00:00+00:00,30.7,78.9,5.844197081321566,19.813089827240994,44.51344778059907,98.01434038834911,98.01434038834911
2020-01-01 17:00:00+00:00,29.9,78.9,3.346525617388013,7.673807791959743,23.47671555320871,69.62110708885918,69.62110708885918
2020-01-01 17:00:00+00:00,31.2,78.6,25.017245138140574,62.82560550319424,95.94608138214616,150.18419856921204,150.18419856921204
2020-01-01 17:00:00+00:00,30.5,78.7,2.461653785673006,17.813940096323794,23.337412552656552,122.85033486021796,122.85033486021796
2020-01-01 17:00:00+00:00,30.1,78.3,31.781089614706932,100.54269040751022,142.86202356185302,217.8657612689534,217.8657612689534
2020-01-01 17:00:00+00:00,31.0,78.2,7.298867475184824,13.624951882073482,29.000953922480292,78.3693181973124,78.3693181973124
2020-01-01 17:00:00+00:00,30.3,78.5,10.357972957595656,27.76764303133666,46.69726911415235,107.91190444689305,107.91190444689305
2020-01-01 17:00:00+00:00,30.7,78.9,3.8183710197742124,20.699471657950234,41.81981882004041,101.83271140812332,101.83271140812332
2020-01-01 17:00:00+00:00,30.8,79.2,35.622440643444776,110.11103088157759,185.7908036474054,312.09734501632835,312.09734501632835
2020-01-01 18:00:00+00:00,30.7,78.9,0.17517683473064974,9.837744935826429,28.73203270059082,102.00788824285397,102.00788824285397
2020-01-01 18:00:00+00:00,31.0,78.2,2.4098520479393404,12.09118550146007,25.818315161753976,80.77917024525173,80.77917024525173
2020-01-01 18:00:00+00:00,30.8,79.2,39.69038760973538,116.87823984954215,208.8479447653395,351.78773262606376,351.78773262606376
2020-01-01 18:00:00+00:00,30.3,78.5,1.6693041988828297,25.82772871355017,40.515631372275095,109.58120864577589,109.58120864577589
2020-01-01 18:00:00+00:00,30.1,78.3,40.53401312952168,104.79933615093624,173.5255006388798,258.3997743984751,258.3997743984751
2020-01-01 18:00:00+00:00,29.9,78.9,1.9186552228884146,6.363983445226058,18.25015483477912,71.5397623117476,71.5397623117476
2020-01-01 18:00:00+00:00,30.5,78.7,2.112420566830541,15.966436530542175,23.661822433223282,124.9627554270485,124.9627554270485
2020-01-01 18:00:00+00:00,31.2,78.6,36.15083421238405,78.23587126927573,122.65140114835664,186.33503278159608,186.33503278159608
2020-01-01 19:00:00+00:00,30.3,78.5,1.1913013832372166,13.2185785397157,32.344809411908095,110.7725100290131,110.7725100290131
2020-01-01 19:00:00+00:00,30.7,78.9,4.139141695847359,8.132689550352222,27.945779377593215,106.14702993870132,106.14702993870132
2020-01-01 19:00:00+00:00,30.5,78.7,10.772528638273046,15.346602990776594,32.45990095195282,135.73528406532154,135.73528406532154
2020-01-01 19:00:00+00:00,30.8,79.2,36.85267155579972,112.16549980897989,215.40543783748126,388.64040418186346,388.64040418186346
2020-01-01 19:00:00+00:00,31.2,78.6,33.28560545712094,94.45368480764556,147.53510283523053,219.62063823871702,219.62063823871702
2020-01-01 19:00:00+00:00,30.1,78.3,44.15833445908466,116.47343720331328,204.80094182559657,302.5581088575597,302.5581088575597
2020-01-01 19:00:00+00:00,29.9,78.9,10.542580850762427,15.807761691038854,27.695385799115094,82.08234316251001,82.08234316251001
2020-01-01 19:00:00+00:00,31.0,78.2,5.893274150194232,15.601993673318397,30.3128756057612,86.67244439544596,86.67244439544596
2020-01-01 20:00:00+00:00,30.7,78.9,3.003218544763277,7.317537075341285,28.01700873329152,109.15024848346461,109.15024848346461
2020-01-01 20:00:00+00:00,30.1,78.3,55.35453439108667,140.046881979693,240.58957238720325,357.9126432486464,357.9126432486464
2020-01-01 20:00:00+00:00,30.5,78.7,3.566635820514502,16.45158502561809,34.265525121941884,139.30191988583604,139.30191988583604
2020-01-01 20:00:00+00:00,31.0,78.2,1.9944329796164524,10.297559177750024,23.922511059823506,88.66687737506241,88.66687737506241
2020-01-01 20:00:00+00:00,30.3,78.5,0.8110567078515852,3.67166228997163,31.43930532130829,111.58356673686468,111.58356673686468
2020-01-01 20:00:00+00:00,31.2,78.6,35.26094541385133,104.69738508335631,167.52299058655058,254.88158365256834,254.88158365256834
2020-01-01 20:00:00+00:00,30.8,79.2,35.282752359167176,111.82581152470229,221.93684240627988,423.9231565410306,423.9231565410306
2020-01-01 20:00:00+00:00,29.9,78.9,7.898162221574928,20.35939829522577,28.033206087185512,89.98050538408495,89.98050538408495
2020-01-01 21:00:00+00:00,31.2,78.6,42.27418556737164,110.82073643834391,189.05660770761966,297.15576921994,297.15576921994
2020-01-01 21:00:00+00:00,30.8,79.2,29.83732497674854,101.97274889171544,218.8509887412576,453.76048151777917,453.76048151777917
2020-01-01 21:00:00+00:00,30.7,78.9,0.5081946279944528,7.650554868605089,17.488299804431517,109.65844311145905,109.65844311145905
2020-01-01 21:00:00+00:00,30.5,78.7,5.819958600207006,20.159123058994556,36.125559589536735,145.12187848604304,145.12187848604304
2020-01-01 21:00:00+00:00,30.1,78.3,66.32784597816813,165.84071482833946,270.6400509792757,424.24048922681453,424.24048922681453
2020-01-01 21:00:00+00:00,31.0,78.2,1.9288194881420124,9.816526617952697,21.907712119412764,90.59569686320442,90.59569686320442
2020-01-01 21:00:00+00:00,30.3,78.5,11.741626002009443,13.743984093098243,39.571712806648414,123.32519273887412,123.32519273887412
2020-01-01 21:00:00+00:00,29.9,78.9,1.1140688932463854,19.554811965583742,25.9187954108098,91.09457427733133,91.09457427733133
2020-01-01 22:00:00+00:00,30.5,78.7,5.138480692512821,14.52507511323433,29.871678104010922,150.2603591785559,150.2603591785559
2020-01-01 22:00:00+00:00,31.2,78.6,50.776111003666216,128.3112419848892,222.76492679253474,347.9318802236062,347.9318802236062
2020-01-01 22:00:00+00:00,30.1,78.3,67.21605511710554,188.89843548636034,305.37187268967364,491.4565443439201,491.4565443439201
2020-01-01 22:00:00+00:00,30.3,78.5,6.717689166214796,19.27037187607582,32.48895041579153,130.04288190508893,130.04288190508893
2020-01-01 22:00:00+00:00,30.7,78.9,6.558801696944995,10.070214869702724,18.202904420054946,116.21724480840405,116.21724480840405
2020-01-01 22:00:00+00:00,31.0,78.2,5.751523171811068,9.674775639569532,25.276769312887932,96.3472200350155,96.3472200350155
2020-01-01 22:00:00+00:00,30.8,79.2,28.593958292375664,93.71403562829138,205.87953543727127,482.3544398101548,482.3544398101548
2020-01-01 22:00:00+00:00,29.9,78.9,13.511419370776808,22.52365048559812,38.331412176636974,104.60599364810814,104.60599364810814
2020-01-01 23:00:00+00:00,30.8,79.2,35.53708424585738,93.96836751498158,205.79417903968385,517.8915240560123,517.8915240560123
2020-01-01 23:00:00+00:00,30.7,78.9,6.401144928255465,13.468141253194913,20.7856783285362,122.61838973665952,122.61838973665952
2020-01-01 23:00:00+00:00,30.5,78.7,5.161293132750453,16.11973242547028,32.57131745108837,155.42165231130633,155.42165231130633
2020-01-01 23:00:00+00:00,30.3,78.5,4.265150300759407,22.724465468983645,26.396127758955277,134.30803220584832,134.30803220584832
2020-01-01 23:00:00+00:00,29.9,78.9,13.046357486324377,27.671845750347572,48.031244045573345,117.65235113443252,117.65235113443252
2020-01-01 23:00:00+00:00,31.0,78.2,3.7871819809368508,11.46752464088993,21.76508381863996,100.13440201595235,100.13440201595235
2020-01-01 23:00:00+00:00,30.1,78.3,75.53489350979879,209.07879460507246,349.1256765847655,566.9914378537188,566.9914378537188
2020-01-01 23:00:00+00:00,31.2,78.6,45.418616868522264,138.4689134395601,243.16629852291643,393.3504970921285,393.3504970921285
2020-01-02 00:00:00+00:00,30.3,78.5,2.728503314164712,13.711342781138914,27.455326874237162,132.7864726661375,137.03653552001305
2020-01-02 00:00:00+00:00,31.2,78.6,45.30753393196451,141.502261804153,252.3229982424969,437.7259233383523,438.65803102409296
2020-01-02 00:00:00+00:00,30.1,78.3,73.97380437425528,216.72475300115963,382.5654678294991,640.126860707254,640.9652422279742
2020-01-02 00:00:00+00:00,30.5,78.7,16.14537187543477,26.445145700698042,46.604268759692594,168.70489524470366,171.5670241867411
2020-01-02 00:00:00+00:00,30.7,78.9,4.069057714621621,17.02900433982208,24.67955920842717,115.05581321070088,126.68744745128114
2020-01-02 00:00:00+00:00,31.0,78.2,2.320676566249318,11.859381718997236,21.675908336949934,100.30907349680675,102.45507858220166
2020-01-02 00:00:00+00:00,30.8,79.2,17.963456355566716,82.09449889379975,184.0672477855152,532.670115518843,535.8549804115789
2020-01-02 00:00:00+00:00,29.9,78.9,8.156423950072734,34.71420080717392,54.26901277275766,119.93330403494265,125.80877508450526
2020-01-02 01:00:00+00:00,30.1,78.3,75.50784337032479,225.01654125437886,413.91497674073923,706.4631118191878,716.4730855982989
2020-01-02 01:00:00+00:00,30.5,78.7,10.949725747456647,32.25639075564187,46.7814658688762,174.3794406402787,182.51674993419775
2020-01-02 01:00:00+00:00,31.0,78.2,4.328981376354223,10.436839923540392,20.111615563109925,101.21459013879794,106.78405995855589
2020-01-02 01:00:00+00:00,30.7,78.9,3.910478300408487,14.380680943285572,24.450895812988296,118.411802317533,130.59792575168962
2020-01-02 01:00:00+00:00,30.8,79.2,19.00010452351605,72.50064512494014,166.21468075323153,543.0209843752971,554.855084935095
2020-01-02 01:00:00+00:00,29.9,78.9,10.204967908177219,31.407749344574327,53.93139983017245,129.52373913221538,136.01374299268247
2020-01-02 01:00:00+00:00,30.3,78.5,4.197686693991918,11.191340308916036,30.46171218499186,129.54377975580604,141.23422221400497
2020-01-02 01:00:00+00:00,31.2,78.6,48.39299476780689,139.11914556829367,267.43038755318287,483.57621251780824,487.05102579189986
2020-01-02 02:00:00+00:00,31.2,78.6,41.95204130801587,135.6525700077873,274.1214834473474,522.9383344590217,529.0030670999157
2020-01-02 02:00:00+00:00,29.9,78.9,6.56192879949408,24.923320657744036,52.5951664080916,127.4855698701937,142.57567179217654
2020-01-02 02:00:00+00:00,31.0,78.2,12.809796025905822,19.459453968509365,30.926978609399296,106.16107020273154,119.59385598446171
2020-01-02 02:00:00+00:00,30.1,78.3,70.72333225839476,220.20498000297482,429.2837746080473,776.5353132510647,787.1964178566936
2020-01-02 02:00:00+00:00,30.3,78.5,14.277924777115384,21.20411478527201,43.928580254255664,140.80272651146296,155.51214699112035
2020-01-02 02:00:00+00:00,30.5,78.7,16.67048662604112,43.76558424893254,59.885316674402816,189.17171824621752,199.18723656023886
2020-01-02 02:00:00+00:00,30.7,78.9,0.6663613662413864,8.645897381271494,22.114038634466407,112.6478383493384,131.26428711793102
2020-01-02 02:00:00+00:00,30.8,79.2,10.588701711940104,47.55226259102287,141.52063010600446,550.7453165592866,565.443786647035
2020-01-02 03:00:00+00:00,29.9,78.9,4.4638268309392135,21.230723538610512,55.94492434578443,122.78007664347206,147.03949862311578
2020-01-02 03:00:00+00:00,30.7,78.9,1.1716389161789993,5.748478582828873,22.777482922650954,111.57389740264485,132.43592603411003
2020-01-02 03:00:00+00:00,31.0,78.2,6.147742588221258,23.286519990481303,35.14590170947854,110.40128073721394,125.74159857268296
2020-01-02 03:00:00+00:00,30.1,78.3,71.37778301662968,217.60895864534922,434.33371164650885,834.0012969024392,858.5742008733234
2020-01-02 03:00:00+00:00,30.5,78.7,29.972755533027865,57.59296790652563,84.03811360722368,216.39883084900836,229.15999209326674
2020-01-02 03:00:00+00:00,31.2,78.6,45.80515605786746,136.1501921336902,277.6524539378432,556.2031662313715,574.8082231577832
2020-01-02 03:00:00+00:00,30.3,78.5,0.8323714784332388,19.30798294954054,33.019325730679455,136.85789137779534,156.34451846955358
2020-01-02 03:00:00+00:00,30.8,79.2,10.28813497843089,39.876941213887044,121.9714401076868,552.0841269225089,575.7319216254659
2020-01-02 04:00:00+00:00,30.8,79.2,5.089632967637894,25.966469658008887,98.46711478294903,555.6653428311974,580.8215545931039
2020-01-02 04:00:00+00:00,30.7,78.9,18.774859504675984,20.61285978709637,34.993540730381945,127.71182832591712,151.21078553878598
2020-01-02 04:00:00+00:00,29.9,78.9,0.4240175888210007,11.449773219254293,42.857522563828624,121.84857774990178,147.46351621193676
2020-01-02 04:00:00+00:00,30.1,78.3,65.99613859167079,208.0972538666952,433.1137951210741,893.4916374782188,924.5703394649942
2020-01-02 04:00:00+00:00,31.0,78.2,5.3171150612712506,24.274653675398334,34.71149359893872,110.46339234443839,131.05871363395423
2020-01-02 04:00:00+00:00,30.3,78.5,7.4055662201779136,22.515862475726536,33.707202784642575,144.01156378346374,163.7500846897315
2020-01-02 04:00:00+00:00,30.5,78.7,32.91761990843606,79.56086206750504,111.81725282314692,247.18097860771658,262.0776120017028
2020-01-02 04:00:00+00:00,31.2,78.6,36.91566716211098,124.6728645279943,263.792010096288,591.7155313970569,611.7238903198942
2020-01-02 05:00:00+00:00,30.5,78.7,33.57803363158296,96.46840907304689,140.23399332197943,276.7290053425957,295.65564563328576
2020-01-02 05:00:00+00:00,30.3,78.5,4.155680019264269,12.393617717875419,33.597732503147434,138.62975946662257,167.90576470899578
2020-01-02 05:00:00+00:00,29.9,78.9,5.368418433239859,10.256262853000074,35.1795835107441,125.1220751596264,152.83193464517663
2020-01-02 05:00:00+00:00,31.0,78.2,8.913721577571778,20.378579227064286,39.83803319557365,116.57652701085675,139.972435211526
2020-01-02 05:00:00+00:00,31.2,78.6,37.000572005714844,119.72139522569327,255.37396523348053,624.2932711172506,648.724462325609
2020-01-02 05:00:00+00:00,30.8,79.2,3.7128290912789588,19.09059703734774,66.64285962837062,545.8088919202651,584.5343836843829
2020-01-02 05:00:00+00:00,30.7,78.9,1.6550921506165472,21.60159057147153,30.247487952743025,124.26571715675036,152.86587768940254
2020-01-02 05:00:00+00:00,30.1,78.3,61.73192894010545,199.10585054840593,419.3108305513807,952.8048144058116,986.3022684050997
2020-01-02 06:00:00+00:00,29.9,78.9,6.920671316632705,12.713107338693565,33.94383087730408,131.65689577593483,159.75260596180934
2020-01-02 06:00:00+00:00,30.1,78.3,61.40522587457407,189.1332934063503,406.74225205169955,1000.4983847986679,1047.7074942796737
2020-01-02 06:00:00+00:00,30.3,78.5,1.3441721714340864,12.905418410876267,32.21340136041681,134.32875754559583,169.24993688042986
2020-01-02 06:00:00+00:00,30.8,79.2,6.668031824563451,15.470493883480305,55.347435097367345,540.8461062753389,591.2024155089463
2020-01-02 06:00:00+00:00,31.2,78.6,30.38048120503337,104.29672037285918,240.44691250654944,652.0930882106453,679.1049435306423
2020-01-02 06:00:00+00:00,31.0,78.2,2.1639318958872686,16.394768534730296,39.6812885252116,118.1250053791924,142.13636710741326
2020-01-02 06:00:00+00:00,30.7,78.9,3.4289217167122494,23.85887337200478,29.607351954833653,122.60857439913082,156.2947994061148
2020-01-02 06:00:00+00:00,30.5,78.7,50.92414969929291,117.41980323931193,175.01277114583758,323.9370074190713,346.57979533257867
2020-01-02 07:00:00+00:00,30.3,78.5,2.903170412680245,8.403022603378599,30.918885079105134,130.91798721712806,172.1531072931101
2020-01-02 07:00:00+00:00,30.7,78.9,10.892557108216764,15.97657097554556,36.58943076264193,131.5924973934491,167.18735651433155
2020-01-02 07:00:00+00:00,30.5,78.7,54.19584375751589,138.69802708839177,218.2588891558968,372.14993784567406,400.77563909009456
2020-01-02 07:00:00+00:00,31.2,78.6,22.366073118852952,89.74712632960116,214.41999085759548,668.6407861508783,701.4710166494954
2020-01-02 07:00:00+00:00,31.0,78.2,1.7499354557003222,12.82758892915937,37.1022426045577,115.58238764416254,143.8863025631136
2020-01-02 07:00:00+00:00,30.1,78.3,58.5665298644,181.70368467907952,389.8009385457747,1055.1092633985936,1106.2740241440738
2020-01-02 07:00:00+00:00,29.9,78.9,2.8313560676918503,15.120445817564416,26.57021903681871,131.94209712088883,162.58396202950118
2020-01-02 07:00:00+00:00,30.8,79.2,5.027718206654179,15.40857912249659,41.37504878050547,534.4161874341189,596.2301337156005
2020-01-02 08:00:00+00:00,31.2,78.6,21.444638358873867,74.19119268276019,193.91258790845347,688.5931509464945,722.9156550083692
2020-01-02 08:00:00+00:00,29.9,78.9,8.696080792588424,18.44810817691298,28.704371029913055,137.9575686377542,171.2800428220896
2020-01-02 08:00:00+00:00,31.0,78.2,0.36602869793373255,4.279896049521325,24.65847527658561,110.82217511959738,144.25233126104732
2020-01-02 08:00:00+00:00,30.7,78.9,4.21342978778609,18.534908612715103,40.13649918418663,133.94158379556927,171.40078630211764
2020-01-02 08:00:00+00:00,30.5,78.7,49.85430528840024,154.97429874520904,251.44270781825594,398.7826961796133,450.62994437849477
2020-01-02 08:00:00+00:00,30.3,78.5,2.3340008602873454,6.581343444401675,18.974961162277097,129.72999724380463,174.48710815339743
2020-01-02 08:00:00+00:00,30.1,78.3,51.70493342945338,171.67668916842746,370.78253971683336,1102.92662085969,1157.9789575735272
2020-01-02 08:00:00+00:00,30.8,79.2,1.3055350869899596,13.00128511820759,32.09188215555533,514.1339381125508,597.5356688025904
2020-01-02 09:00:00+00:00,31.2,78.6,15.827963928916043,59.63867540664286,163.93539577950204,699.0908289314098,738.7436189372853
2020-01-02 09:00:00+00:00,29.9,78.9,7.872037358499399,19.399474218779673,32.11258155747324,138.16618231915058,179.152080180589
2020-01-02 09:00:00+00:00,30.1,78.3,43.55842916312873,153.82989245698212,342.9631858633324,1139.9917709930617,1201.537386736656
2020-01-02 09:00:00+00:00,30.7,78.9,6.577772678757054,21.683759574759907,45.542632946764684,137.2895967971155,177.9785589808747
2020-01-02 09:00:00+00:00,30.3,78.5,0.8764297355321407,6.113601008499729,19.019019419375997,127.51361989391675,175.36353788892959
2020-01-02 09:00:00+00:00,30.8,79.2,4.292803352119974,10.626056645764113,26.096550529244418,512.0921960266634,601.8284721547104
2020-01-02 09:00:00+00:00,31.0,78.2,1.7737831523197127,3.8897473059537693,20.28451584068406,103.5090766153824,146.02611441336703
2020-01-02 09:00:00+00:00,30.5,78.7,52.07709722387623,156.12724626979235,273.5470495091043,431.8623281766861,502.707041602371
2020-01-02 10:00:00+00:00,30.8,79.2,11.273167199013262,16.871505638123196,32.280084760619786,502.9416982213617,613.1016393537236
2020-01-02 10:00:00+00:00,31.2,78.6,9.397566658491318,46.67016894628123,136.4172952758824,704.5708967568032,748.1411855957766
2020-01-02 10:00:00+00:00,31.0,78.2,9.657876602041839,11.797688452295287,24.62527738145465,110.75116630171762,155.68399101540888
2020-01-02 10:00:00+00:00,30.3,78.5,7.503760453958203,10.714191049777687,19.117213653156288,125.28822284076904,182.86729834288778
2020-01-02 10:00:00+00:00,30.7,78.9,2.8566923288056008,13.647894795348744,29.624465770894307,127.33435870193027,180.8352513096803
2020-01-02 10:00:00+00:00,29.9,78.9,8.135858835825648,24.70397698691347,39.824422804477884,143.92974208481894,187.28793901641464
2020-01-02 10:00:00+00:00,30.5,78.7,49.70081558091067,151.63221809318713,290.3302451815789,459.10286849248723,552.4078571832817
2020-01-02 10:00:00+00:00,30.1,78.3,39.791523950074094,135.05488654265622,316.75857122173574,1173.369013795815,1241.3289106867298
2020-01-02 11:00:00+00:00,30.3,78.5,9.236292388172606,17.61648257766295,24.19782602206463,130.8889553983197,192.1035907310604
2020-01-02 11:00:00+00:00,29.9,78.9,3.6831008931302356,19.690997087455283,38.13910526436826,144.82664837389444,190.97103990954488
2020-01-02 11:00:00+00:00,30.8,79.2,5.224644349593225,20.79061490072646,33.79190001893405,492.0197423343939,618.3262837033169
2020-01-02 11:00:00+00:00,30.1,78.3,30.34232101298344,113.69227412618628,285.3689632946137,1196.6674939926131,1271.6712316997134
2020-01-02 11:00:00+00:00,31.0,78.2,3.9206738419355514,15.352333596297106,19.632229645818427,110.23630058251231,159.60466485734443
2020-01-02 11:00:00+00:00,30.7,78.9,2.824070009407662,12.258535016970317,30.793443629685424,123.64642873100506,183.65932131908795
2020-01-02 11:00:00+00:00,30.5,78.7,44.51886516585035,146.29677797063727,301.2710767158463,497.41380004157065,596.9267223491321
2020-01-02 11:00:00+00:00,31.2,78.6,14.304556508344884,39.53008709575224,113.72127977851244,708.2076249170556,762.4457421041215
2020-01-02 12:00:00+00:00,30.3,78.5,1.880773172831803,18.62082601496261,24.73442702346234,124.91878663039141,193.9843639038922
2020-01-02 12:00:00+00:00,30.7,78.9,9.000159599866487,14.68092193807975,36.36468151283966,119.3836253766913,192.65948091895444
2020-01-02 12:00:00+00:00,30.8,79.2,7.777304387736409,24.275115936342896,34.90117258210701,483.16380023032906,626.1035880910533
2020-01-02 12:00:00+00:00,31.2,78.6,12.239896339263835,35.94201950610004,95.5806949127429,711.0020068101459,774.6856384433853
2020-01-02 12:00:00+00:00,31.0,78.2,1.3679424183569002,14.946492862334292,18.836240168288054,106.01175219220357,160.9726072757013
2020-01-02 12:00:00+00:00,30.1,78.3,28.873260292328897,99.00710525538643,252.83699771236854,1215.6702182324468,1300.5444919920421
2020-01-02 12:00:00+00:00,29.9,78.9,2.349749575499163,14.168709304455046,33.56818352323472,140.03118200807558,193.32078948504406
2020-01-02 12:00:00+00:00,30.5,78.7,39.94205645785146,134.16173720461248,290.28898347440486,535.5678458131583,636.8687788069835
2020-01-02 13:00:00+00:00,31.0,78.2,7.067803974940724,12.356420235233177,24.15410868752846,111.68084246095728,168.04041125064205
2020-01-02 13:00:00+00:00,30.1,78.3,24.772158780805807,83.98774008611815,219.04262662877434,1227.5594837408848,1325.316650772848
2020-01-02 13:00:00+00:00,30.7,78.9,3.6542292658662148,15.478458875140365,29.126353670489113,118.11245962371255,196.31371018482065
2020-01-02 13:00:00+00:00,30.3,78.5,13.56228377011628,24.67934933112069,35.39354038089838,129.11894705690347,207.54664767400848
2020-01-02 13:00:00+00:00,29.9,78.9,5.059703081210452,11.09255354983985,35.79653053675332,143.99353520285956,198.3804925662545
2020-01-02 13:00:00+00:00,30.8,79.2,6.477680403511191,19.479629140840824,36.351134778964024,459.3463021501823,632.5812684945645
2020-01-02 13:00:00+00:00,31.2,78.6,3.0935518088195315,29.638004656428247,76.30817360270947,705.6936548487183,777.7791902522048
2020-01-02 13:00:00+00:00,30.5,78.7,37.718326096448756,122.17924772015057,273.8114658133377,571.3117217900635,674.5871049034323
2020-01-02 14:00:00+00:00,31.0,78.2,10.68813824497557,19.123884638273196,34.4762182345703,113.98418318037871,178.7285494956176
2020-01-02 14:00:00+00:00,30.7,78.9,1.727732862322524,14.382121728055226,26.640656745025545,116.9082032969701,198.0414430471432
2020-01-02 14:00:00+00:00,30.3,78.5,6.507970795605733,21.95102773855382,39.56751031621677,133.9103570540578,214.0546184696142
2020-01-02 14:00:00+00:00,31.2,78.6,4.7492952596114675,20.082743407694835,59.61283050344708,695.1698924457985,782.5284855118163
2020-01-02 14:00:00+00:00,30.1,78.3,21.215551612011772,74.86097068514647,188.55324481133275,1229.2091315234168,1346.5322023848598
2020-01-02 14:00:00+00:00,29.9,78.9,0.15673805914794267,7.566190715857557,27.25718780331284,136.589931328503,198.53723062540246
2020-01-02 14:00:00+00:00,30.5,78.7,29.152296067776135,106.81267862207635,253.1094565927136,598.7030062073143,703.7394009712084
2020-01-02 14:00:00+00:00,30.8,79.2,3.2102948154631714,17.465279606710773,38.25589450743723,433.80524917527686,635.7915633100276
2020-01-02 15:00:00+00:00,30.8,79.2,5.322427220973231,15.010402439947594,39.28551837629048,406.2044977544793,641.1139905310009
2020-01-02 15:00:00+00:00,30.3,78.5,4.008445206267099,24.078699771989115,42.699525786951725,134.3095837436556,218.06306367588132
2020-01-02 15:00:00+00:00,30.7,78.9,3.83196023111096,9.2139223592997,23.894844297379453,109.7032599712266,201.87340327825416
2020-01-02 15:00:00+00:00,31.0,78.2,1.7935546669048046,19.549496886821103,34.495989749155385,111.83411941873077,180.52210416252242
2020-01-02 15:00:00+00:00,29.9,78.9,0.8859098886938125,6.102351029052207,20.271060333507254,134.24736164757473,199.42314051409625
2020-01-02 15:00:00+00:00,31.2,78.6,11.978807901271475,19.82165496970247,55.76367447580251,686.4081319007673,794.5072934130877
2020-01-02 15:00:00+00:00,30.1,78.3,10.756677646805876,56.74438803962346,155.75149329500988,1203.6884417841268,1357.2888800316657
2020-01-02 15:00:00+00:00,30.5,78.7,26.145651026679033,93.01627319090393,227.1780103955164,620.8887331013811,729.8850519978874
2020-01-02 16:00:00+00:00,31.0,78.2,3.826336499591464,16.308029411471843,28.664449646705016,113.27798993998633,184.3484406621139
2020-01-02 16:00:00+00:00,29.9,78.9,5.709761584580056,6.752409532421811,17.84496308226166,138.85832062720516,205.1329020986763
2020-01-02 16:00:00+00:00,30.1,78.3,11.736640744153759,43.70887000297141,127.69661008908955,1182.940849121573,1369.0255207758194
2020-01-02 16:00:00+00:00,30.5,78.7,17.590372789965894,72.88831988442107,195.06756760457162,627.0867437133084,747.4754247878533
2020-01-02 16:00:00+00:00,30.7,78.9,6.057452312100433,11.617145405533917,27.095604280674287,109.91651520200547,207.93085559035458
2020-01-02 16:00:00+00:00,30.3,78.5,7.480961222411406,17.99737722428424,42.67672655540493,127.99009340899532,225.54402489829272
2020-01-02 16:00:00+00:00,31.2,78.6,5.9652741968455425,22.693377357728487,52.33138201415673,675.3056141788619,800.4725676099333
2020-01-02 16:00:00+00:00,30.8,79.2,9.073868222675827,17.60659025911223,37.08621939995305,373.7129543807931,650.1878587536767
2020-01-02 17:00:00+00:00,30.7,78.9,3.7841970057726138,13.673609548984006,28.055731277039236,109.88234118800388,211.7150525961272
2020-01-02 17:00:00+00:00,30.1,78.3,13.28938297280689,35.78270136376653,110.643672048913,1164.4491424796731,1382.3149037486264
2020-01-02 17:00:00+00:00,31.2,78.6,10.076244147885635,28.020326246002654,48.10306965369749,660.3646131886069,810.548811757819
2020-01-02 17:00:00+00:00,31.0,78.2,1.631517390966164,7.251408557462435,26.375293195735626,107.61063985576764,185.97995805308005
2020-01-02 17:00:00+00:00,29.9,78.9,9.911009463499443,16.50668093677331,24.072871652630866,145.42280447331657,215.04391156217577
2020-01-02 17:00:00+00:00,30.8,79.2,14.595706243550701,28.99200168719976,46.457281293910526,352.68621998089907,664.7835649972274
2020-01-02 17:00:00+00:00,30.5,78.7,14.190104866961779,57.92612868360671,164.73880730568305,638.8151947945971,761.6655296548151
2020-01-02 17:00:00+00:00,30.3,78.5,7.044871098763743,18.53427752744225,40.48530526599607,124.67699155016341,232.58889599705645
2020-01-02 18:00:00+00:00,30.8,79.2,10.395983186056773,34.0655576522833,49.07596009223089,323.3918155572204,675.1795481832842
2020-01-02 18:00:00+00:00,31.2,78.6,0.9935732033730675,17.035091548104248,36.85674651780672,625.207352179596,811.542384961192
2020-01-02 18:00:00+00:00,30.7,78.9,13.84180212432848,23.683451442201523,32.89737380150123,123.54896647760171,225.55685472045568
2020-01-02 18:00:00+00:00,30.5,78.7,16.43660952617494,48.21708718310262,141.23336037400654,653.1393837539415,778.10213918099
2020-01-02 18:00:00+00:00,30.1,78.3,7.965500248769418,32.99152396573007,89.73591200535353,1131.8806295989207,1390.2804039973958
2020-01-02 18:00:00+00:00,29.9,78.9,22.84521645449329,38.46598750257279,44.56833853162499,166.34936570492144,237.88912801666905
2020-01-02 18:00:00+00:00,30.3,78.5,11.393793495370074,25.91962581654522,49.99832558853434,134.40148084665066,243.98268949242654
2020-01-02 18:00:00+00:00,31.0,78.2,9.722764814318936,15.180618704876565,34.73011559169767,114.92355262214724,195.702722867399
2020-01-02 19:00:00+00:00,30.3,78.5,10.070589756519235,28.509254350653052,46.506631574937295,143.28076921993267,254.05327924894576
2020-01-02 19:00:00+00:00,31.0,78.2,4.354592434648801,15.708874639933901,32.01690405140574,113.38487090660182,200.05731530204778
2020-01-02 19:00:00+00:00,29.9,78.9,3.2808606019369555,36.03708651992969,42.789496052351495,159.087645456096,241.169988618606
2020-01-02 19:00:00+00:00,31.2,78.6,2.6620042221648537,13.731821573423556,36.42519893115204,594.5837509446399,814.2043891833569
2020-01-02 19:00:00+00:00,30.8,79.2,1.832218398125996,26.82390782773347,44.430498086845695,288.37136239954674,677.0117665814101
2020-01-02 19:00:00+00:00,30.7,78.9,8.644969454543897,26.27096858464499,37.88811399017891,128.05479423629825,234.20182417499956
2020-01-02 19:00:00+00:00,30.5,78.7,11.236481512811265,41.86319590594799,114.75151579036906,653.6033366284798,789.3386206938013
2020-01-02 19:00:00+00:00,30.1,78.3,4.308076578559211,25.562959800135516,69.27182980310694,1092.0303717183951,1394.588480575955
2020-01-02 20:00:00+00:00,31.0,78.2,8.70784253307381,22.78519978204155,30.036608339503978,120.09828046005919,208.76515783512158
2020-01-02 20:00:00+00:00,29.9,78.9,4.53662404639419,30.662701102824435,47.16938203959775,155.72610728091524,245.7066126650002
2020-01-02 20:00:00+00:00,30.7,78.9,8.10095843466866,30.587730013541037,44.261339562525045,133.15253412620362,242.30278260966824
2020-01-02 20:00:00+00:00,30.1,78.3,6.108453405165394,18.382030232494024,54.16473159626055,1042.784290732474,1400.6969339811203
2020-01-02 20:00:00+00:00,31.2,78.6,2.522379701524662,6.177957127062584,34.19828337306524,561.8451852323132,816.7267688848815
2020-01-02 20:00:00+00:00,30.8,79.2,3.1434697293069034,15.371671313489673,44.36367300068943,256.23207976968644,680.1552363107171
2020-01-02 20:00:00+00:00,30.5,78.7,4.209571506959599,31.882662545945813,89.80879122955251,654.2462723149249,793.5481922007609
2020-01-02 20:00:00+00:00,30.3,78.5,9.642346460180837,31.10672971207015,49.64100723951239,152.1120589722619,263.6956257091266
2020-01-02 21:00:00+00:00,30.1,78.3,2.747553424685088,13.164083408409692,46.15560737413976,979.2039981789909,1403.4444874058054
2020-01-02 21:00:00+00:00,30.7,78.9,5.103954834967385,21.849882724179945,45.53333416638147,137.74829433317657,247.4067374446356
2020-01-02 21:00:00+00:00,30.5,78.7,7.929031977975215,23.375084997746086,71.59217218084869,656.355345692693,801.4772241787362
2020-01-02 21:00:00+00:00,30.3,78.5,4.513859089928778,24.226795306628848,50.14642112317407,144.88429206018125,268.20948479905536
2020-01-02 21:00:00+00:00,30.8,79.2,1.8922124230570487,6.867900550489948,40.93345820277325,228.28696721599496,682.0474487337741
2020-01-02 21:00:00+00:00,31.2,78.6,2.777973331800647,7.962357255490163,24.99744880359441,522.3489729967422,819.5047422166822
2020-01-02 21:00:00+00:00,31.0,78.2,19.358981584388538,32.421416552111154,47.60203525698771,137.52844255630572,228.12413941951013
2020-01-02 21:00:00+00:00,29.9,78.9,3.8068740314441554,11.624358679775302,50.090346182348085,158.41891241911298,249.51348669644435
2020-01-02 22:00:00+00:00,30.7,78.9,1.4578956858820213,14.662808955518067,40.93377754016306,132.64738832211358,248.86463313051763
2020-01-02 22:00:00+00:00,31.0,78.2,13.543672293526278,41.61049641098863,57.31937105092253,145.32059167802092,241.6678117130364
2020-01-02 22:00:00+00:00,30.8,79.2,4.3492037885817,9.38488594094565,36.20879376867912,204.04221271220098,686.3966525223558
2020-01-02 22:00:00+00:00,30.1,78.3,5.1815359796225655,14.037542809473047,39.60050260960857,917.1694790415079,1408.626023385428
2020-01-02 22:00:00+00:00,30.5,78.7,5.01781339785149,17.15641688278631,59.019612788734285,656.2346783980317,806.4950375765876
2020-01-02 22:00:00+00:00,29.9,78.9,5.1277389986563575,13.471237076494702,49.50832359642439,150.03523204699258,254.6412256951007
2020-01-02 22:00:00+00:00,31.2,78.6,5.225383641702582,10.52573667502789,24.257558248451446,476.79824563477854,824.7301258583848
2020-01-02 22:00:00+00:00,30.3,78.5,0.5326591695233561,14.68886471963297,43.19811907028602,138.6992620634898,268.7421439685787
2020-01-02 23:00:00+00:00,30.7,78.9,5.327155186123031,11.889005706972437,42.476735720513474,131.57339857998113,254.19178831664067
2020-01-02 23:00:00+00:00,31.0,78.2,24.054841275286222,56.95749515320104,79.74269493524258,165.58825097237028,265.72265298832264
2020-01-02 23:00:00+00:00,29.9,78.9,9.545204110599686,18.4798171407002,49.142518243524634,146.53407867126788,264.1864298057004
2020-01-02 23:00:00+00:00,30.3,78.5,1.3795482064570517,6.426066465909184,37.53279617797933,135.81365996918748,270.1216921750358
2020-01-02 23:00:00+00:00,31.2,78.6,0.1217964960969152,8.125153469600145,14.303110596662727,431.50142526235317,824.8519223544816
2020-01-02 23:00:00+00:00,30.1,78.3,1.0425049926771683,8.971594396984822,27.353624629478844,842.6770905243864,1409.668528378105
2020-01-02 23:00:00+00:00,30.8,79.2,1.4243470307777792,7.665763242416528,23.0374345559062,169.9294754971214,687.8209995531336
2020-01-02 23:00:00+00:00,30.5,78.7,11.604098631282922,24.550944007109635,56.43360655305543,662.6774838965642,818.0991362078705
2020-01-03 00:00:00+00:00,29.9,78.9,5.631701687721947,20.30464479697799,31.929003476753287,144.00935640891709,269.81813149342236
2020-01-03 00:00:00+00:00,31.0,78.2,23.140954766650886,60.739468335463386,93.16088488757453,186.40852917277186,288.8636077549735
2020-01-03 00:00:00+00:00,30.3,78.5,2.7920926720308596,4.704300048011266,28.931095354640117,135.87724932705362,272.91378484706667
2020-01-03 00:00:00+00:00,30.7,78.9,14.11426297693369,20.899313848938743,42.74919657311869,141.61860384229323,268.30605129357434
2020-01-03 00:00:00+00:00,30.5,78.7,8.287044723203785,24.908956752338206,48.28404175008427,654.8191567443332,826.3861809310744
2020-01-03 00:00:00+00:00,30.8,79.2,4.846758645800793,10.620309465160272,17.48821001565022,156.81277778735546,692.6677581989344
2020-01-03 00:00:00+00:00,31.2,78.6,0.205993829117391,5.553173966916888,13.51553122240705,386.3998851595061,825.0579161835991
2020-01-03 00:00:00+00:00,30.1,78.3,19.870351900166273,26.094392872466006,39.2584762808757,788.5736380502973,1429.5388802782713
2020-01-03 01:00:00+00:00,29.9,78.9,5.664302596310649,20.841208394632282,34.312445471126985,139.4686910970505,275.482434089733
2020-01-03 01:00:00+00:00,30.7,78.9,5.1636796934623135,24.60509785651903,39.267906812037104,142.87180523534707,273.46973098703666
2020-01-03 01:00:00+00:00,30.8,79.2,5.402635157289396,11.673740833867967,21.05862677481362,143.2153084211288,698.0703933562238
2020-01-03 01:00:00+00:00,30.5,78.7,10.82287224864738,30.714015603134094,47.87043248592039,654.6923032455239,837.2090531797216
2020-01-03 01:00:00+00:00,30.1,78.3,6.170903041022076,27.083759933865515,41.12130274333857,719.2366977209946,1435.7097833192936
2020-01-03 01:00:00+00:00,30.3,78.5,3.2091647329138797,7.380805611401789,22.06967033103476,134.88872736597557,276.1229495799805
2020-01-03 01:00:00+00:00,31.2,78.6,6.791163612216522,7.118953937430828,17.644690612458717,344.7980540039157,831.8490797958156
2020-01-03 01:00:00+00:00,31.0,78.2,32.59812591829278,79.79392196022988,121.40441837121853,214.6776737147104,321.4617336732663
2020-01-03 02:00:00+00:00,31.2,78.6,9.04085081293235,16.038008254266263,24.16316172386641,311.8868635088322,840.8899306087479
2020-01-03 02:00:00+00:00,30.3,78.5,10.531691144676369,16.532948549621107,22.959015015530294,131.14249373353655,286.65464072465693
2020-01-03 02:00:00+00:00,30.8,79.2,1.130392326533009,11.379786129623197,19.045549372039726,133.75699903572172,699.2007856827568
2020-01-03 02:00:00+00:00,30.7,78.9,11.299262380000116,30.577205050396117,42.46621075736856,153.50470624910577,284.7689933670368
2020-01-03 02:00:00+00:00,30.1,78.3,7.104686790725497,33.145941731913844,42.117536128898664,655.6180522533252,1442.814470110019
2020-01-03 02:00:00+00:00,30.5,78.7,21.236325077372744,40.34624204922392,64.89718605633354,659.2581416968555,858.4453782570945
2020-01-03 02:00:00+00:00,29.9,78.9,6.380139567903309,17.676143851935905,36.155960992636096,139.28690186545975,281.8625736576363
2020-01-03 02:00:00+00:00,31.0,78.2,35.6424058170856,91.38148650202928,148.3389816552303,237.5102835058902,357.1041394903519
2020-01-03 03:00:00+00:00,30.7,78.9,26.486356681180048,42.94929875464247,63.84861260358122,178.8194240141068,311.2553500482168
2020-01-03 03:00:00+00:00,31.2,78.6,9.589356959629233,25.421371384778105,30.974545351694996,275.671064410594,850.4792875683771
2020-01-03 03:00:00+00:00,30.3,78.5,4.679142140863287,18.419998018453533,23.124298066464803,134.98926439596661,291.33378286552016
2020-01-03 03:00:00+00:00,30.1,78.3,0.3132566960448847,13.588846527792457,39.683239400258465,584.5535259327406,1443.127726806064
2020-01-03 03:00:00+00:00,30.5,78.7,22.21903429514667,54.2782316211668,79.187188373505,651.5044204589743,880.6644125522411
2020-01-03 03:00:00+00:00,31.0,78.2,43.9925428001312,112.23307453550959,172.97254287097297,275.35508371780014,401.0966822904831
2020-01-03 03:00:00+00:00,29.9,78.9,3.4269892131813346,15.471431377395293,35.77607617437328,138.25006424770186,285.28956287081763
2020-01-03 03:00:00+00:00,30.8,79.2,1.9196173264158034,8.452644810238208,19.07295427539848,125.38848138370665,701.1204030091726
2020-01-03 04:00:00+00:00,29.9,78.9,2.8531275643199896,12.660256345404633,33.50146474003691,140.67917422320085,288.14269043513764
2020-01-03 04:00:00+00:00,31.0,78.2,45.2204321866264,124.85538080384319,204.64930276407307,315.2584008431553,446.3171144771095
2020-01-03 04:00:00+00:00,30.8,79.2,1.5796172931462589,4.629626946095071,16.30336777996304,121.878465709215,702.7000203023189
2020-01-03 04:00:00+00:00,30.3,78.5,11.15135122984219,26.362184515381845,33.74299012678364,138.7350494056309,302.48513409536235
2020-01-03 04:00:00+00:00,30.5,78.7,29.440683095135483,72.89604246765491,103.610058070789,648.0274836456738,910.1050956473766
2020-01-03 04:00:00+00:00,31.2,78.6,6.644378140414517,25.2745859129761,32.39353985040693,245.39977538889752,857.1236657087917
2020-01-03 04:00:00+00:00,30.7,78.9,39.16988031144655,76.9554993726267,101.56059722914574,199.2144448208774,350.4252303596634
2020-01-03 04:00:00+00:00,30.1,78.3,9.871289587836285,17.289233074606667,44.37299300847219,528.428676928906,1452.9990163939
2020-01-03 05:00:00+00:00,30.5,78.7,29.240120562201838,80.899837952484,121.2460800017079,643.6895705762927,939.3452162095784
2020-01-03 05:00:00+00:00,30.8,79.2,10.681542909348686,14.180777528910747,25.560563658533944,128.84717952728474,713.3815632116675
2020-01-03 05:00:00+00:00,31.2,78.6,5.702833378531299,21.93656847857505,37.974576732841314,214.10203676171398,862.826499087323
2020-01-03 05:00:00+00:00,29.9,78.9,3.906549260492138,10.186666037993461,27.862809889929363,139.21730505045315,292.04923969562975
2020-01-03 05:00:00+00:00,30.7,78.9,51.051129427348975,116.70736641997556,147.2845714703717,248.6104820976098,401.47635978701237
2020-01-03 05:00:00+00:00,30.3,78.5,8.866305751669847,24.696799122375324,41.22974767199643,143.44567513803645,311.3514398470322
2020-01-03 05:00:00+00:00,30.1,78.3,0.5933783015298778,10.777924585411046,43.923866317324894,467.2901262903305,1453.5923946954301
2020-01-03 05:00:00+00:00,31.0,78.2,50.93421599585254,140.14719098261014,231.52867748463942,357.27889526143605,497.251330472962
2020-01-03 06:00:00+00:00,30.1,78.3,2.2202669050327746,12.684934794398936,26.273781322191397,408.1051673207892,1455.812661600463
2020-01-03 06:00:00+00:00,30.8,79.2,1.7127287102427358,13.97388891273768,22.426533722975886,123.89187641296402,715.0942919219103
2020-01-03 06:00:00+00:00,30.5,78.7,36.17534086722622,94.85614452456355,149.13437614573033,628.9407617442259,975.5205570768046
2020-01-03 06:00:00+00:00,31.0,78.2,59.59491916258473,155.74956734506367,267.9826418805732,414.7098825281335,556.8462496355468
2020-01-03 06:00:00+00:00,29.9,78.9,5.2553754061189375,12.015052230931065,27.486483608326353,137.55200913993937,297.3046151017487
2020-01-03 06:00:00+00:00,30.3,78.5,1.9217196990323742,21.93937668054441,40.35937469899794,144.02322266563473,313.2731595460646
2020-01-03 06:00:00+00:00,30.7,78.9,53.39443370110608,143.6154434399016,186.5647421945441,298.5759940820036,454.87079348811847
2020-01-03 06:00:00+00:00,31.2,78.6,4.548359261300951,16.895570780246768,42.31694216502487,188.26991481798152,867.3748583486239
2020-01-03 07:00:00+00:00,30.8,79.2,12.158427879394031,24.552699498985454,29.182326445080523,131.02258608570386,727.2527198013044
2020-01-03 07:00:00+00:00,30.5,78.7,49.192364380900834,114.6078258103289,187.5038682779838,623.9372823676109,1024.7129214577055
2020-01-03 07:00:00+00:00,30.7,78.9,50.949846971214136,155.3954100996692,232.3509094722959,338.63328394500104,505.8206404593326
2020-01-03 07:00:00+00:00,29.9,78.9,23.898132478832405,33.06005714544348,45.72031349084811,158.61878555107992,321.2027475805811
2020-01-03 07:00:00+00:00,31.2,78.6,2.57342145511239,12.82461409494464,38.09920000792074,168.47726315424097,869.9482798037363
2020-01-03 07:00:00+00:00,30.3,78.5,15.791586798213867,26.57961224891609,52.94179676429793,156.91163905116835,329.0647463442785
2020-01-03 07:00:00+00:00,30.1,78.3,6.8575688109343504,9.671214017497,26.96044709210367,356.3962062673235,1462.6702304113971
2020-01-03 07:00:00+00:00,31.0,78.2,37.94913020060029,148.47826535903755,273.33364616288077,450.90907727303346,594.795379836147
2020-01-03 08:00:00+00:00,30.7,78.9,42.362914361005714,146.70719503332592,263.41456145330153,376.7827685182207,548.1835548203383
2020-01-03 08:00:00+00:00,30.5,78.7,39.30668990468225,124.67439515280931,205.57423310529327,613.3896669838929,1064.0196113623876
2020-01-03 08:00:00+00:00,29.9,78.9,6.640240073219793,35.79374795817114,45.98041399616459,156.56294483171126,327.8429876538009
2020-01-03 08:00:00+00:00,30.1,78.3,5.882948149426409,14.960783865393532,25.73870845080458,310.57422098729654,1468.5531785608237
2020-01-03 08:00:00+00:00,30.8,79.2,0.8200450176730503,14.691201607309818,28.871979136220563,130.53709601638695,728.0727648189774
2020-01-03 08:00:00+00:00,31.0,78.2,41.077632901866714,138.62168226505173,278.7688732476619,491.62068147696647,635.8730127380138
2020-01-03 08:00:00+00:00,31.2,78.6,2.6246889828091193,9.74646969922246,31.683038177797513,149.65731377817622,872.5729687865454
2020-01-03 08:00:00+00:00,30.3,78.5,6.836668563640013,24.549975060886258,49.24677418326157,161.41430675452105,335.9014149079185
2020-01-03 09:00:00+00:00,31.0,78.2,29.042629217468203,108.0693923199352,263.81895966499883,518.8895275421149,664.915641955482
2020-01-03 09:00:00+00:00,30.8,79.2,3.4257757510575146,16.404248648124597,30.378137560862275,129.6700684153245,731.4985405700348
2020-01-03 09:00:00+00:00,30.7,78.9,35.907949847042104,129.22071117926194,272.83615461916355,406.11294568650567,584.0915046673804
2020-01-03 09:00:00+00:00,29.9,78.9,1.0093991680836656,31.547771720135863,43.56282395106693,149.70030664129555,328.8523868218846
2020-01-03 09:00:00+00:00,30.5,78.7,49.59260496094772,138.0916592465308,232.94780377109436,610.9051747209644,1113.6122163233354
2020-01-03 09:00:00+00:00,30.3,78.5,3.6372055025951946,26.265460864449075,48.20483754499348,164.1750825215841,339.53862041051366
2020-01-03 09:00:00+00:00,31.2,78.6,7.529040094960397,12.727150532881907,29.62272131312867,141.3583899442206,880.1020088815059
2020-01-03 09:00:00+00:00,30.1,78.3,8.942438701715147,21.682955662075905,34.36789045647484,275.958230525883,1477.4956172625386
2020-01-03 10:00:00+00:00,30.5,78.7,43.955957094270396,132.8552519599004,247.46307777022926,605.1603162343242,1157.5681734176057
2020-01-03 10:00:00+00:00,30.8,79.2,2.0441832440922796,6.290004012822845,30.8427035118083,120.44108446040352,733.5427238141272
2020-01-03 10:00:00+00:00,31.0,78.2,24.603039119576458,94.72330123891138,243.20156659794893,533.8346900596496,689.5186810750585
2020-01-03 10:00:00+00:00,30.7,78.9,38.452976588546434,116.72384079659426,272.11925089626345,441.7092299462465,622.5444812559268
2020-01-03 10:00:00+00:00,30.3,78.5,2.3559470245571577,12.829821090792365,39.40943333970845,159.02726909218305,341.8945674350708
2020-01-03 10:00:00+00:00,29.9,78.9,1.3579895113128602,9.00762875261632,42.0676858980598,142.92243731678275,330.2103763331974
2020-01-03 10:00:00+00:00,31.2,78.6,0.9193146973823113,11.073043775151827,23.897657870096467,132.88013798311158,881.0213235788882
2020-01-03 10:00:00+00:00,30.1,78.3,12.574835693079645,27.4002225442212,37.0714365617182,248.7415422688885,1490.0704529556183
2020-01-03 11:00:00+00:00,30.1,78.3,6.821080158105221,28.33835455290001,43.29913841829355,225.2203014140103,1496.8915331137237
2020-01-03 11:00:00+00:00,29.9,78.9,3.067396323857258,5.434785003253784,41.22853296142492,142.30673274750978,333.2777726570547
2020-01-03 11:00:00+00:00,30.7,78.9,40.75775168206116,115.1186781176497,261.8258731509756,479.64291161890003,663.302232937988
2020-01-03 11:00:00+00:00,30.3,78.5,4.6598607685802165,10.653013295732569,35.202988356618825,154.45083747259065,346.55442820365107
2020-01-03 11:00:00+00:00,31.0,78.2,19.195547771448087,72.84121610849274,211.46289837354448,549.109563989162,708.7142288465066
2020-01-03 11:00:00+00:00,30.8,79.2,8.228944894874125,13.69890389002392,28.390105497333735,123.44538500568441,741.7716687090013
2020-01-03 11:00:00+00:00,30.5,78.7,41.07944350144492,134.62800555666303,259.30240070947235,601.7208945699188,1198.6476169190507
2020-01-03 11:00:00+00:00,31.2,78.6,3.182667077456305,11.631021869799014,21.377491569021476,121.758248552223,884.2039906563444
2020-01-03 12:00:00+00:00,30.7,78.9,43.91715429550988,123.12788256611748,252.34859374537945,514.5599063145435,707.2193872334979
2020-01-03 12:00:00+00:00,30.8,79.2,8.453174389702122,18.726302528668526,35.130551176793126,124.12125500765012,750.2248430987034
2020-01-03 12:00:00+00:00,31.0,78.2,14.803233799238377,58.601820690262926,166.6712130101981,562.5448553700436,723.5174626457449
2020-01-03 12:00:00+00:00,29.9,78.9,2.6794656060924806,7.104851441262599,38.65262316139846,142.6364487781031,335.95723826314713
2020-01-03 12:00:00+00:00,30.5,78.7,41.26137145977364,126.29677205548896,264.38843130201974,603.0402095718408,1239.9089883788245
2020-01-03 12:00:00+00:00,30.3,78.5,3.786209843514161,10.802017636651534,37.06747850110062,156.35627414327303,350.3406380471652
2020-01-03 12:00:00+00:00,30.1,78.3,4.34540340637141,23.741319257556277,45.42427491963218,200.6924445280528,1501.236936520095
2020-01-03 12:00:00+00:00,31.2,78.6,6.3677406366524,10.469722411491016,23.196872944372927,115.88609284961157,890.5717312929969
2020-01-03 13:00:00+00:00,30.3,78.5,6.183019134949818,14.629089747044198,27.458910837836562,148.97700950810653,356.523657182115
2020-01-03 13:00:00+00:00,31.2,78.6,14.048178382874134,23.59858609698284,34.671629872134666,126.84071942366617,904.619909675871
2020-01-03 13:00:00+00:00,30.8,79.2,2.1339879030172493,18.816107187593495,25.10611120041634,119.77756250715618,752.3588310017207
2020-01-03 13:00:00+00:00,30.5,78.7,39.798454336104164,122.13926929732274,254.99452125722308,605.1203378114964,1279.7074427149287
2020-01-03 13:00:00+00:00,29.9,78.9,9.12216078026886,14.869022710218598,23.876651462834918,146.69890647716153,345.079399043416
2020-01-03 13:00:00+00:00,30.7,78.9,38.421551640365934,123.09645761793698,239.82029841453124,549.3272286890432,745.6409388738638
2020-01-03 13:00:00+00:00,31.0,78.2,8.61939136070299,42.61817293138945,137.3414741703008,564.0964427558058,732.1368540064478
2020-01-03 13:00:00+00:00,30.1,78.3,1.1936723230117896,12.36015588748842,39.760378431709626,177.1139580702588,1502.4306088431067
2020-01-03 14:00:00+00:00,30.7,78.9,33.475838757138405,115.81454469301423,230.93322281066392,581.075334583859,779.1167776310022
2020-01-03 14:00:00+00:00,30.8,79.2,4.051390387830869,14.638552680550243,28.33745657057416,120.61865807952388,756.4102213895516
2020-01-03 14:00:00+00:00,30.5,78.7,25.04855928097513,106.10838507685294,240.73639063351598,601.0166010246953,1304.7560019959037
2020-01-03 14:00:00+00:00,31.0,78.2,9.959992643324103,33.38261780326547,106.22383391175822,563.3682971541543,742.096846649772
2020-01-03 14:00:00+00:00,30.3,78.5,3.2836408401960613,13.252869818660042,23.90588311439261,145.75267955269686,359.8072980223111
2020-01-03 14:00:00+00:00,31.2,78.6,7.04248220514882,27.458401224675356,39.08942309447437,129.13390636920352,911.6623918810199
2020-01-03 14:00:00+00:00,29.9,78.9,1.8443123778065078,13.645938764167848,19.08072376742163,148.3864807958201,346.92371142122255
2020-01-03 14:00:00+00:00,30.1,78.3,10.136808342854359,15.675884072237558,44.01423862513757,166.03521480110138,1512.5674171859612
2020-01-03 15:00:00+00:00,30.3,78.5,7.116348605173285,16.583008580319166,27.3850262169707,148.86058295160308,366.92364662748435
2020-01-03 15:00:00+00:00,31.0,78.2,6.725579740502755,25.304963744529847,83.90678443479277,568.3003222277523,748.8224263902747
2020-01-03 15:00:00+00:00,30.5,78.7,22.739089893145046,87.58610351022435,213.88287556571328,597.6100398911613,1327.4950918890488
2020-01-03 15:00:00+00:00,29.9,78.9,5.652750181323967,16.619223339399333,23.724074780661937,153.15332108845024,352.5764616025465
2020-01-03 15:00:00+00:00,30.8,79.2,4.1420216050975815,10.327399895945703,29.05370242461423,119.43825246364824,760.5522429946491
2020-01-03 15:00:00+00:00,31.2,78.6,5.627696964363643,26.7183575523866,37.18807996387761,122.78279543229569,917.2900888453835
2020-01-03 15:00:00+00:00,30.7,78.9,33.883536913520416,105.78092731102475,228.90880987714223,611.1269112662685,813.0003145445227
2020-01-03 15:00:00+00:00,30.1,78.3,1.601546276375041,12.932026942241189,36.673346199797464,156.88008343067054,1514.1689634623363
2020-01-03 16:00:00+00:00,29.9,78.9,8.326977854553574,15.824040413684047,30.693063123902647,155.77053735842372,360.90343945710003
2020-01-03 16:00:00+00:00,31.2,78.6,5.703784657182293,18.373963826694755,41.9725499236776,122.52130589263244,922.9938735025657
2020-01-03 16:00:00+00:00,30.3,78.5,12.308708790578223,22.70869823594757,37.33778798299177,153.68833051976986,379.2323554180626
2020-01-03 16:00:00+00:00,30.1,78.3,4.604392921790842,16.34274754102024,28.702903428508662,149.7478356083076,1518.773356384127
2020-01-03 16:00:00+00:00,30.5,78.7,16.657220636280265,64.44486981040045,186.58413910772316,596.6768877374757,1344.152312525329
2020-01-03 16:00:00+00:00,30.8,79.2,2.1821393278749035,10.375551320803357,29.191658508396852,112.54652356884732,762.734382322524
2020-01-03 16:00:00+00:00,31.0,78.2,15.730423903706063,32.41599628753292,75.03416921892237,580.204409631867,764.5528502939808
2020-01-03 16:00:00+00:00,30.7,78.9,20.727533266568315,88.08690893722712,211.18336655516413,625.7969922207363,833.7278478110909
2020-01-03 17:00:00+00:00,30.7,78.9,30.756077477285196,85.36714765737392,201.18169235038815,652.7688726922489,864.4839252883761
2020-01-03 17:00:00+00:00,31.2,78.6,3.5466337261081975,14.878115347654134,42.336516572329494,115.991695470855,926.540507228674
2020-01-03 17:00:00+00:00,30.8,79.2,13.134371087903887,19.458532020876376,34.09708470142661,111.08518841320048,775.8687534104279
2020-01-03 17:00:00+00:00,31.0,78.2,8.180358688557373,30.63636233276619,64.01898013603166,586.7532509294581,772.7332089825381
2020-01-03 17:00:00+00:00,29.9,78.9,5.5833665715517915,19.56309460742933,33.20903337159718,151.4428944664761,366.48680602865187
2020-01-03 17:00:00+00:00,30.5,78.7,18.540576621322533,57.93688715074785,164.04527222760078,601.0273594918365,1362.6928891466516
2020-01-03 17:00:00+00:00,30.3,78.5,4.828580880304525,24.253638276056034,37.506508094716075,151.47204030131067,384.0609362983671
2020-01-03 17:00:00+00:00,30.1,78.3,9.765597813797392,15.971537011963274,31.647421084200833,146.22405044929812,1528.5389541979243
2020-01-03 18:00:00+00:00,30.1,78.3,0.9010988379979888,15.271089573586222,28.20311651582741,139.15964903852668,1529.4400530359223
2020-01-03 18:00:00+00:00,30.7,78.9,31.560938326683647,83.04454907053716,188.82547638156188,670.4880088946041,896.0448636150597
2020-01-03 18:00:00+00:00,31.2,78.6,1.3564594325751649,10.606877815865655,37.32523536825225,116.3545817000571,927.896966661249
2020-01-03 18:00:00+00:00,30.5,78.7,11.92397706213007,47.12177431973288,134.7078778299572,596.5147270277917,1374.6168662087816
2020-01-03 18:00:00+00:00,30.3,78.5,4.057874602983536,21.195164273866283,37.77817285418545,144.1361214089241,388.1188109013507
2020-01-03 18:00:00+00:00,30.8,79.2,13.309257853307995,28.625768269086787,38.95316816503249,113.99846308045171,789.1780112637359
2020-01-03 18:00:00+00:00,29.9,78.9,10.064294229073267,23.97463865517863,40.59386199457796,138.66197224105608,376.5511002577251
2020-01-03 18:00:00+00:00,31.0,78.2,4.9146941442664875,28.825476736529925,54.13044048105978,581.9451802594057,777.6479031268046
2020-01-03 19:00:00+00:00,31.0,78.2,5.725793043067987,18.820845875891848,51.23684216342477,583.3163808678249,783.3736961698727
2020-01-03 19:00:00+00:00,30.5,78.7,13.413869624464994,43.8784233079176,108.32329311831803,598.6921151394453,1388.0307358332466
2020-01-03 19:00:00+00:00,29.9,78.9,13.343596427819792,28.991257228444848,44.8152976421289,148.7247080669389,389.8946966855449
2020-01-03 19:00:00+00:00,31.2,78.6,0.5710515466036119,5.4741447052869745,23.848108531981733,114.26362902449586,928.4680182078528
2020-01-03 19:00:00+00:00,30.1,78.3,1.356892303081979,12.02358895487736,28.3663364958976,136.20846476304948,1530.7969453390044
2020-01-03 19:00:00+00:00,30.7,78.9,38.320121541220814,100.63713734518964,188.7240462824168,700.1631609812811,934.3649851562806
2020-01-03 19:00:00+00:00,30.8,79.2,8.357543838189923,34.80117277940181,45.17672410020516,120.52378852051564,797.5355551019259
2020-01-03 19:00:00+00:00,30.3,78.5,5.754754161180887,14.641209644468947,37.34990788041652,139.8202858135858,393.87356506253155
2020-01-03 20:00:00+00:00,30.7,78.9,38.72824523692422,108.60930510482866,193.9764527622026,730.7904477835366,973.0932303932049
2020-01-03 20:00:00+00:00,31.0,78.2,3.865794654437729,14.506281841772203,45.14264417453839,578.4743329891887,787.2394908243103
2020-01-03 20:00:00+00:00,30.5,78.7,11.528689624209482,36.866536310804555,94.8034234615524,606.0112332566952,1399.5594254574562
2020-01-03 20:00:00+00:00,31.2,78.6,1.2240795849840185,3.1515905641627953,18.029705911816933,112.96532890795521,929.6920977928368
2020-01-03 20:00:00+00:00,29.9,78.9,19.428206402556953,42.83609705945001,62.39919166687934,163.6162904231017,409.32290308810184
2020-01-03 20:00:00+00:00,30.8,79.2,12.807339151383736,34.47414084288165,53.93267286375803,130.18765794259247,810.3428942533095
2020-01-03 20:00:00+00:00,30.1,78.3,2.612799606732233,4.870790747812201,20.842327759775475,132.71281096461632,1533.4097449457367
2020-01-03 20:00:00+00:00,30.3,78.5,1.798821851157156,11.611450615321578,35.86508889137761,131.9767612045621,395.6723869136887
2020-01-03 21:00:00+00:00,30.7,78.9,48.21391864058571,125.26228541873073,208.3068344892679,773.9004115891548,1021.3071490337906
2020-01-03 21:00:00+00:00,29.9,78.9,26.058105194981025,58.82990802535777,82.80454668053639,185.86752158663856,435.3810082830829
2020-01-03 21:00:00+00:00,30.5,78.7,15.017638094066271,39.960197342740756,87.08197166247362,613.0998393727863,1414.5770635515223
2020-01-03 21:00:00+00:00,31.2,78.6,2.0445000313902746,3.8396311629779047,14.446508978843562,112.23185560754483,931.736597824227
2020-01-03 21:00:00+00:00,30.3,78.5,0.4027096370555709,7.956285649393614,29.151449923259896,127.86561175168889,396.07509655074426
2020-01-03 21:00:00+00:00,31.0,78.2,0.7299475327233905,10.321535230229106,39.14701196675903,559.8452989375236,787.9694383570338
2020-01-03 21:00:00+00:00,30.1,78.3,1.964957548511167,5.934649458325379,21.205739031911598,131.9302150884424,1535.374702494248
2020-01-03 21:00:00+00:00,30.8,79.2,18.29462876701538,39.45951175658904,68.08528002567581,146.5900742865508,828.6375230203249
2020-01-03 22:00:00+00:00,31.0,78.2,2.406988781450819,7.002730968611939,25.823576844503787,548.7086154254482,790.3764271384846
2020-01-03 22:00:00+00:00,31.2,78.6,2.779327121282083,6.047906737656376,11.522051442943352,109.78579908712435,934.5159249455091
2020-01-03 22:00:00+00:00,30.5,78.7,25.91890905217569,52.46523677045145,96.34366007836903,634.0009350271105,1440.495972603698
2020-01-03 22:00:00+00:00,30.1,78.3,0.6128919524899209,5.190649107733321,17.21423806261068,127.36157106130973,1535.9875944467378
2020-01-03 22:00:00+00:00,29.9,78.9,26.936627760672224,72.4229393582102,101.41419658665504,207.6764103486544,462.3176360437551
2020-01-03 22:00:00+00:00,30.8,79.2,29.971726974299617,61.07369489269874,95.87486767210054,172.21259747226873,858.6092499946245
2020-01-03 22:00:00+00:00,30.7,78.9,51.62143009322382,138.56359397073373,239.2007313159234,824.0639459964966,1072.9285791270142
2020-01-03 22:00:00+00:00,30.3,78.5,7.259212630267788,9.460744118480516,24.101953762949464,134.59216521243331,403.33430918101203
2020-01-03 23:00:00+00:00,31.0,78.2,4.366828451435169,7.503764765609378,22.010046607381582,529.0206026015971,794.7432555899197
2020-01-03 23:00:00+00:00,31.2,78.6,11.584306286385834,16.40813343905819,19.55972400322099,121.24830887741325,946.1002312318949
2020-01-03 23:00:00+00:00,30.3,78.5,2.689996200797586,10.351918468120946,21.963369083442522,135.90261320677385,406.02430538180965
2020-01-03 23:00:00+00:00,30.1,78.3,6.60238460013415,9.180234101135238,14.051024848947439,132.9214506687667,1542.5899790468718
2020-01-03 23:00:00+00:00,30.8,79.2,31.57277382908693,79.83912957040192,114.31327041328358,202.3610242705779,890.1820238237115
2020-01-03 23:00:00+00:00,29.9,78.9,33.04619876350482,86.04093171915807,128.87702877860806,231.17740500155952,495.36383480725993
2020-01-03 23:00:00+00:00,30.5,78.7,47.05564841495668,87.99219556119864,124.85873187200318,669.4524848107842,1487.5516210186547
2020-01-03 23:00:00+00:00,30.7,78.9,46.84691404897376,146.68226278278328,255.29156788761196,865.5837048593473,1119.775493175988
2020-01-04 00:00:00+00:00,30.3,78.5,15.334985195283846,25.28419402634922,33.24047967574283,148.44550573002684,417.10922772321794
2020-01-04 00:00:00+00:00,29.9,78.9,34.08967174698404,94.07249827116108,152.90240629651885,259.6353750608216,523.5780355046813
2020-01-04 00:00:00+00:00,30.5,78.7,63.33071589477707,136.30527336190943,176.2654707046502,724.4961559823575,1548.0202079713945
2020-01-04 00:00:00+00:00,30.8,79.2,36.41275789541044,97.95725869879698,137.41677045538603,233.9270235201875,923.4099168263859
2020-01-04 00:00:00+00:00,30.7,78.9,42.51576657283308,140.98411071503065,266.24639613376144,893.9852084552468,1150.6596255082409
2020-01-04 00:00:00+00:00,31.0,78.2,5.704667356356033,12.47848458924202,22.800019819471128,511.58431519130227,798.3019178608808
2020-01-04 00:00:00+00:00,31.2,78.6,10.72371301317451,25.08734642084243,28.926977583820335,131.76602806147037,955.8918365593288
2020-01-04 00:00:00+00:00,30.1,78.3,4.295767996661118,11.511044549285188,17.44569400761057,117.34686676526155,1546.047365522813
2020-01-04 01:00:00+00:00,30.1,78.3,3.2991086740874964,14.197261270882764,19.387910378616088,114.47507239832697,1540.1748819385093
2020-01-04 01:00:00+00:00,30.8,79.2,42.16247926351041,110.14801098800778,171.2217058807065,270.68686762640857,956.9231604228345
2020-01-04 01:00:00+00:00,31.0,78.2,3.36224545939295,13.433741267184152,20.43647223579609,482.34843473240244,798.2406985859108
2020-01-04 01:00:00+00:00,29.9,78.9,34.59623077060247,101.73210128109133,174.15504063930155,288.56730323511346,557.5597334643793
2020-01-04 01:00:00+00:00,31.2,78.6,6.900361531853615,29.208380831413958,35.25628756907034,131.87522598110746,960.2494925028315
2020-01-04 01:00:00+00:00,30.7,78.9,42.1744550377501,131.53713565955692,270.1007296302907,930.9959837995345,1192.2795913524146
2020-01-04 01:00:00+00:00,30.5,78.7,76.77514983375707,187.16151414349082,239.62675091394226,790.4484335674672,1619.5201774532698
2020-01-04 01:00:00+00:00,30.3,78.5,1.0515629830794495,19.07654437916088,28.5372884976414,146.2879039801924,410.72041110197404
2020-01-04 02:00:00+00:00,30.7,78.9,42.81357727442534,127.50379888500851,274.1860616677918,962.5102986939598,1228.662843292404
2020-01-04 02:00:00+00:00,31.0,78.2,7.085623936187574,16.15253675193656,23.656301517545934,453.7916528515044,797.4630065601261
2020-01-04 02:00:00+00:00,30.8,79.2,42.60173080406307,121.17696796298392,201.01609753338585,312.1582061039386,996.6605216989469
2020-01-04 02:00:00+00:00,30.5,78.7,73.94583270600357,214.0516984345377,302.04389399573637,843.157941196098,1691.587801139171
2020-01-04 02:00:00+00:00,30.3,78.5,6.47575538908366,22.862303567446958,33.2142220355679,142.2319682245997,414.17718846959923
2020-01-04 02:00:00+00:00,30.1,78.3,6.337408306035758,13.932284976784373,23.11251907791961,113.70779391363725,1545.8611594180275
2020-01-04 02:00:00+00:00,31.2,78.6,1.9457284861351618,19.569803031163286,35.97793647022148,124.78010365431028,959.6053016221642
2020-01-04 02:00:00+00:00,29.9,78.9,33.42613891475564,102.11204143234215,188.15297315150022,315.6133025819658,582.3857743176192
2020-01-04 03:00:00+00:00,30.8,79.2,44.66039703201597,129.42460709958945,227.38186579838646,354.8989858095388,1032.3715941157543
2020-01-04 03:00:00+00:00,30.7,78.9,37.31881118701288,122.3068434991883,263.29095421421897,973.3427531997927,1263.7360746165443
2020-01-04 03:00:00+00:00,31.0,78.2,0.7225756407844116,11.170445036364935,23.648929625606957,410.52168569215763,796.2780501471717
2020-01-04 03:00:00+00:00,30.3,78.5,7.445170194903477,14.972488567066588,40.2566825934158,144.99799627863987,416.84515205240183
2020-01-04 03:00:00+00:00,29.9,78.9,56.64515440793139,124.6675240932895,218.74002236445057,368.83146777671584,629.8616086678899
2020-01-04 03:00:00+00:00,31.2,78.6,15.829159608522382,24.67524962651116,49.76259604735359,131.01990630320344,962.8941369451688
2020-01-04 03:00:00+00:00,30.1,78.3,3.1419994014891195,12.778516381612373,24.289560930897565,116.53653661908147,1535.0913594542612
2020-01-04 03:00:00+00:00,30.5,78.7,63.69809019792902,214.41907273768967,350.7243460995991,884.6369970988803,1752.5402484068632
2020-01-04 04:00:00+00:00,30.1,78.3,21.07527812327593,30.554685830800807,44.75194710168357,127.74052515452112,1549.660839561646
2020-01-04 04:00:00+00:00,29.9,78.9,26.772113265121455,116.84340658780849,218.57550786889982,392.75045347751734,655.27820545062
2020-01-04 04:00:00+00:00,30.8,79.2,35.00525771504553,122.26738555112456,232.41539653913236,388.32462623143806,1065.8684347718504
2020-01-04 04:00:00+00:00,31.0,78.2,2.1961619500802496,10.004361527052236,23.438102794236386,367.4974154556115,793.2192086432052
2020-01-04 04:00:00+00:00,31.2,78.6,2.117327443080205,19.892215537737748,49.10059636915171,126.49285560586912,963.6081623918235
2020-01-04 04:00:00+00:00,30.7,78.9,28.530989927299533,108.66337838873774,240.2005140482947,962.7038628156456,1289.6301359624401
2020-01-04 04:00:00+00:00,30.5,78.7,52.51491297515189,190.1588358790845,377.3203500225753,907.7112269788968,1802.9196892322873
2020-01-04 04:00:00+00:00,30.3,78.5,2.0103913593486347,15.931316943335773,35.00786132249666,135.85703640814634,418.603649597241
2020-01-04 05:00:00+00:00,29.9,78.9,22.920193880886806,106.33746155393965,208.4495029862818,411.764098097912,676.1034783079915
2020-01-04 05:00:00+00:00,30.8,79.2,34.14753728784799,113.81319203490949,234.9901599978934,411.7906206099373,1086.446692057487
2020-01-04 05:00:00+00:00,31.2,78.6,6.523724721294863,24.47021177289745,44.04001480406074,127.3137469486327,965.7090548275971
2020-01-04 05:00:00+00:00,30.5,78.7,42.54591592033179,158.75891909341271,372.8106175279504,921.0170223370267,1841.435598255915
2020-01-04 05:00:00+00:00,30.7,78.9,21.14806855321891,86.99786966753132,214.50166855253983,932.8008019415156,1305.6770011958758
2020-01-04 05:00:00+00:00,31.0,78.2,7.738516893277168,10.65725448414183,26.809791236078386,324.3017163530361,798.1571386253289
2020-01-04 05:00:00+00:00,30.1,78.3,3.6828811095119653,27.900158634277012,41.832443611061386,130.8300279625032,1550.9249686586454
2020-01-04 05:00:00+00:00,30.3,78.5,4.45404573524276,13.909607289494872,36.77191085694183,131.44477639171924,413.5202109963783
2020-01-04 06:00:00+00:00,30.3,78.5,11.705347898714367,18.16978499330576,33.142273560372345,141.22840459140124,419.58038480263184
2020-01-04 06:00:00+00:00,30.8,79.2,28.22578370158588,97.37857870447941,226.80318580406885,438.3036756012805,1103.0416582895834
2020-01-04 06:00:00+00:00,31.2,78.6,1.9974135732882892,10.638465737663356,35.31371536417452,124.76280126062002,965.125804289247
2020-01-04 06:00:00+00:00,31.0,78.2,3.484548856689105,13.419227700046523,24.58967273641146,268.1913460471405,801.0262339544663
2020-01-04 06:00:00+00:00,29.9,78.9,18.250481474848804,67.94278862085707,192.61031271414657,424.7592041666419,693.968109082516
2020-01-04 06:00:00+00:00,30.7,78.9,21.117726696607228,70.79678517712566,193.103628676314,900.5240949370168,1321.7086634181512
2020-01-04 06:00:00+00:00,30.1,78.3,6.813328459155024,31.57148769194292,44.35000407355529,135.42308951662545,1544.0266416360826
2020-01-04 06:00:00+00:00,30.5,78.7,33.08868315919816,128.14951205468185,342.5685847923715,917.9303646289986,1870.8081337922958
2020-01-04 07:00:00+00:00,31.2,78.6,5.554496089741924,14.075634384325076,33.967849922062825,127.74387589524956,964.8619252003688
2020-01-04 07:00:00+00:00,31.0,78.2,12.400262467117855,23.62332821708413,33.62768974413636,242.64247831365805,809.1339432308541
2020-01-04 07:00:00+00:00,29.9,78.9,13.550495054230762,54.721170409966376,171.56457699777488,414.4115667420402,704.972449414009
2020-01-04 07:00:00+00:00,30.3,78.5,13.200251617565991,29.35964525152312,45.290962194858885,138.63706941075336,426.4666956790498
2020-01-04 07:00:00+00:00,30.8,79.2,21.714206427039045,84.08752741647291,206.3549129675975,447.85945414892547,1113.2982276687483
2020-01-04 07:00:00+00:00,30.5,78.7,34.198620244796686,109.83321932432665,299.9920552034111,902.9366204928946,1899.0238407061795
2020-01-04 07:00:00+00:00,30.1,78.3,11.640795180663392,22.13700474933038,52.69169058013119,140.2063158863545,1551.7117855522715
2020-01-04 07:00:00+00:00,30.7,78.9,11.739180131250984,54.00497538107712,162.66835376981487,861.3134280970536,1331.5392094355036
2020-01-04 08:00:00+00:00,29.9,78.9,11.136946285213595,42.93792281429316,149.2753843682328,418.908272954034,713.4287864234994
2020-01-04 08:00:00+00:00,30.8,79.2,19.689974327727672,69.6299644563526,183.4431564912621,466.7293834589801,1111.400417587918
2020-01-04 08:00:00+00:00,30.1,78.3,21.832482715067275,40.28660635488569,68.1867649891627,156.15585045199535,1569.6566922989819
2020-01-04 08:00:00+00:00,30.7,78.9,7.809550663840996,40.666457491699205,127.66432715923052,826.7600643998888,1337.484416713679
2020-01-04 08:00:00+00:00,30.3,78.5,1.7591284375337457,26.664727953814104,40.57433524330897,133.55952928464708,424.70383328297277
2020-01-04 08:00:00+00:00,30.5,78.7,18.517054493711633,85.8043578977065,244.56327699111915,882.146985081924,1894.31934824543
2020-01-04 08:00:00+00:00,31.2,78.6,19.08513412057052,26.63704378360073,51.10725555649819,144.20432103301096,982.4547857576816
2020-01-04 08:00:00+00:00,31.0,78.2,3.9510060037274526,19.835817327534414,30.49307181167624,205.5158514155188,807.9587080120826
2020-01-04 09:00:00+00:00,31.2,78.6,25.381071146395026,50.02070135670747,60.65916709437083,162.0563520844456,1002.5055709600758
2020-01-04 09:00:00+00:00,30.8,79.2,12.90702697063126,54.31120772539798,151.68978642987736,476.2106346785539,1117.9728991205416
2020-01-04 09:00:00+00:00,30.5,78.7,18.09062019218863,70.80629493069696,198.95580698537879,850.6450003131648,1893.4125032108154
2020-01-04 09:00:00+00:00,31.0,78.2,3.743265023289262,20.09453349413457,33.51376119418109,180.21648722133983,802.6150913788372
2020-01-04 09:00:00+00:00,30.7,78.9,6.9232308055767025,26.471961600668678,97.26874677779435,797.7753453584235,1341.1778878420446
2020-01-04 09:00:00+00:00,30.1,78.3,32.05332210693503,65.5266000026657,97.09808769460861,179.26673385721526,1595.2167353761597
2020-01-04 09:00:00+00:00,29.9,78.9,13.698318247524922,38.38575958696928,106.32854820782634,431.59719203347527,719.4636809939215
2020-01-04 09:00:00+00:00,30.3,78.5,6.353607888696984,21.31298794379672,39.48277293710248,136.27593167074886,427.9646340862497
2020-01-04 10:00:00+00:00,30.1,78.3,35.14510805005715,89.03091287205945,111.16791762138983,201.83700621419274,1623.9475622788962
2020-01-04 10:00:00+00:00,29.9,78.9,6.9240035683169,31.75926810105542,86.48043851102179,437.16320609047926,724.015385492081
2020-01-04 10:00:00+00:00,31.2,78.6,38.274168028625404,82.74037329559096,96.81600767991603,199.41120541568867,1036.8622401556033
2020-01-04 10:00:00+00:00,30.3,78.5,5.460199509221712,13.57293583545244,42.93258108697555,139.38018415541345,423.6956760883655
2020-01-04 10:00:00+00:00,30.8,79.2,9.470029210877414,42.067030509236346,126.15455792570926,483.636480645339,1107.019263327104
2020-01-04 10:00:00+00:00,30.5,78.7,7.798251984895153,44.40592667079543,154.23914599512204,814.4872952037895,1878.750479930601
2020-01-04 10:00:00+00:00,31.0,78.2,0.8049947578910112,8.499265784907726,32.12259400199186,156.4184428596544,801.0042992210216
2020-01-04 10:00:00+00:00,30.7,78.9,8.44384416734739,23.17662563676508,77.18160101784221,767.7662129372245,1336.8098015854011
2020-01-04 11:00:00+00:00,29.9,78.9,4.60590349238916,25.228225308230982,68.16614812252415,438.7017132590112,725.8350943804154
2020-01-04 11:00:00+00:00,30.8,79.2,5.877988563026742,28.255044744535418,97.88500920088802,481.28552431349163,1096.7506516535698
2020-01-04 11:00:00+00:00,30.5,78.7,6.245856915069856,32.134729092153655,117.93908698986012,779.6537086174145,1878.788403228904
2020-01-04 11:00:00+00:00,30.3,78.5,5.311391083535138,17.125198481453832,43.78992643526794,140.03171447036837,425.3715073412787
2020-01-04 11:00:00+00:00,30.7,78.9,6.622810495904761,21.989885468828845,62.656342960528065,733.631271751068,1336.9206121009731
2020-01-04 11:00:00+00:00,30.1,78.3,38.62151581620864,105.81994597320082,146.1065523280865,233.63744187229617,1655.5252372789196
2020-01-04 11:00:00+00:00,31.0,78.2,4.0623367875121845,8.610596568692458,28.446413896226872,141.2852318757185,800.6310964473929
2020-01-04 11:00:00+00:00,31.2,78.6,34.143242053510015,97.79848122853045,124.43552501213117,230.3717803917424,1060.337653861021
2020-01-04 12:00:00+00:00,31.2,78.6,34.446792437745756,106.86420251988116,156.88490387658865,258.4508321928357,1085.338931852593
2020-01-04 12:00:00+00:00,30.1,78.3,34.1755460566065,107.9421699228723,173.46876992553797,263.46758452253124,1679.830247283031
2020-01-04 12:00:00+00:00,31.0,78.2,6.303572179465594,11.17090372486879,31.26543721900336,132.78557025594571,801.3421778181928
2020-01-04 12:00:00+00:00,30.8,79.2,4.715526587346661,20.063544361250816,74.3747520866488,477.5478765111361,1084.8329317491155
2020-01-04 12:00:00+00:00,30.7,78.9,10.561838464881827,25.628493128133968,52.10045472880266,700.27595592044,1334.2194876116748
2020-01-04 12:00:00+00:00,30.5,78.7,20.31228676117957,34.356395661144596,105.16269059184154,758.7046239188204,1897.3126793038196
2020-01-04 12:00:00+00:00,30.3,78.5,0.1896882219618292,10.96127881471868,32.2742667585154,136.43519284881603,417.7102536224805
2020-01-04 12:00:00+00:00,29.9,78.9,3.110150802431861,14.64005786313792,53.0258174501072,439.1323984553506,721.8000292415293
2020-01-04 13:00:00+00:00,30.3,78.5,3.229380844561318,8.730460150058285,22.30339598551073,133.48155455842755,411.57751112343755
2020-01-04 13:00:00+00:00,30.7,78.9,30.6672944074819,47.85194336826848,71.02856900503357,692.521698687556,1359.9613870003118
2020-01-04 13:00:00+00:00,31.2,78.6,19.359482173868624,87.94951666512439,170.68988996071536,263.7621359838302,1096.2965102562148
2020-01-04 13:00:00+00:00,29.9,78.9,4.7668043168283685,12.48285861164939,44.2421267127048,434.7770419919101,725.4694836719312
2020-01-04 13:00:00+00:00,30.5,78.7,3.6889789893318228,30.247122665581266,74.65304933637667,722.5951485720481,1899.027208173608
2020-01-04 13:00:00+00:00,30.8,79.2,0.9705200668705698,11.564035217243973,53.63106572648032,476.3844086749895,1055.508273332328
2020-01-04 13:00:00+00:00,30.1,78.3,34.10336745181311,106.90042932462825,195.9313421966877,296.37727965133257,1701.050721462476
2020-01-04 13:00:00+00:00,31.0,78.2,5.820416083950173,16.18632505092795,24.685590835835676,129.98659497919292,805.7638801959561
2020-01-04 14:00:00+00:00,29.9,78.9,0.8695467584295624,8.746501877689791,33.97472718592078,433.8022763725332,718.7786884968561
2020-01-04 14:00:00+00:00,30.8,79.2,4.232573965200188,9.918620619417418,38.173665363952836,476.5655922523588,1030.9894995071595
2020-01-04 14:00:00+00:00,30.5,78.7,2.3352950896243785,26.336560840135785,58.471289932289416,699.8818843806973,1899.601491612707
2020-01-04 14:00:00+00:00,30.3,78.5,2.065725406091876,5.4847944726150235,22.609992954068858,132.26363912432333,411.92667573107803
2020-01-04 14:00:00+00:00,31.2,78.6,18.100612151136175,71.90688676275056,169.705367991281,274.8202659298176,1099.1240647448196
2020-01-04 14:00:00+00:00,31.0,78.2,1.139915834063343,13.263904097479111,21.874500666171567,121.16651816993215,798.5189985044651
2020-01-04 14:00:00+00:00,30.1,78.3,21.832297205624595,90.11121071404419,195.93115668724502,308.0727685141028,1703.3171148386207
2020-01-04 14:00:00+00:00,30.7,78.9,49.38997734050908,90.6191102128728,112.60899568170166,708.4358372709266,1406.4193751517557
2020-01-04 15:00:00+00:00,30.1,78.3,12.883094848118851,68.81875950555656,176.76092942842885,319.3543170858466,1679.9228423006439
2020-01-04 15:00:00+00:00,30.7,78.9,62.46384533075907,142.52111707875002,168.149610206884,737.0161456881652,1457.8463169256604
2020-01-04 15:00:00+00:00,31.0,78.2,12.192466525190458,19.152798443203974,30.323702168072764,126.63340495461983,806.767846601103
2020-01-04 15:00:00+00:00,30.8,79.2,7.11956867525098,12.322662707321737,32.38620706857255,479.54313932251216,1005.1858895406398
2020-01-04 15:00:00+00:00,30.5,78.7,5.277327139637162,11.301601218593378,45.657996879737944,682.4201216271895,1900.9188946197319
2020-01-04 15:00:00+00:00,29.9,78.9,3.8789543809198723,9.515305456177803,24.155363319315725,432.028480572129,719.429163308154
2020-01-04 15:00:00+00:00,30.3,78.5,5.852857516782565,11.14796376743576,22.10924258215444,131.00014803593263,414.17031473119124
2020-01-04 15:00:00+00:00,31.2,78.6,21.855441847317238,59.31553617232204,166.17973869220322,291.0480108127712,1100.2389381458343
2020-01-04 16:00:00+00:00,30.5,78.7,1.6317991338992146,9.24442136316077,39.491544028742005,667.3947001248084,1891.1583315755925
2020-01-04 16:00:00+00:00,30.7,78.9,60.363233022247954,172.2170556935161,220.0689990617846,776.6518454438449,1512.3653528665866
2020-01-04 16:00:00+00:00,29.9,78.9,4.0630571458272255,8.81155828517666,21.29441689682605,427.7645598634027,722.3934178490316
2020-01-04 16:00:00+00:00,30.8,79.2,8.481622033928437,19.833764674379605,31.397799891623578,485.84262202856576,972.1020999782062
2020-01-04 16:00:00+00:00,30.1,78.3,5.8120607751077795,40.527452828851224,147.4278821534795,320.56198493916355,1653.250669669044
2020-01-04 16:00:00+00:00,31.0,78.2,3.6194336168348764,16.951815976088678,33.13814102701663,114.52241466774866,808.0048142396018
2020-01-04 16:00:00+00:00,31.2,78.6,2.936435915736058,42.89248991418947,130.84200657931387,288.2806620713249,1086.1075821428192
2020-01-04 16:00:00+00:00,30.3,78.5,18.46770007630427,26.38628299917871,35.116743149236996,137.15913932165867,418.8375632504239
2020-01-04 17:00:00+00:00,30.5,78.7,0.8345068714798083,7.743633145016199,34.08019398515196,649.6886303749657,1889.5311846613993
2020-01-04 17:00:00+00:00,30.8,79.2,5.1543703242031365,20.755561033382552,30.674181652799973,477.86262126486497,941.6340296589644
2020-01-04 17:00:00+00:00,31.2,78.6,4.106571628383721,28.898449391437016,100.80533615418757,288.8405999736005,1065.1969086330623
2020-01-04 17:00:00+00:00,30.7,78.9,29.186326828445964,152.01340518145298,242.6325153943258,775.0820947950057,1537.7333086752585
2020-01-04 17:00:00+00:00,31.0,78.2,1.1895227044317396,17.001422846457075,30.265326943936184,107.53157868362302,801.8954694688488
2020-01-04 17:00:00+00:00,29.9,78.9,5.761709607898472,13.70372113464557,22.450223012335364,427.9429028997494,724.8086018395421
2020-01-04 17:00:00+00:00,30.3,78.5,17.732180303502158,42.052737896588994,47.537532369204015,150.06273874485632,426.2117705963304
2020-01-04 17:00:00+00:00,30.1,78.3,2.789283652448246,21.484439275674877,111.59564998971908,313.5856707778144,1624.2588637067856
2020-01-04 18:00:00+00:00,31.0,78.2,4.650198088410455,9.45915440967707,28.611952852881046,107.26708262776698,804.1358155093199
2020-01-04 18:00:00+00:00,29.9,78.9,4.234875066043232,14.059641819768931,23.57494727594673,422.11348373671933,727.1248216826968
2020-01-04 18:00:00+00:00,30.3,78.5,38.68279465198343,74.88267503178986,86.03063879922561,184.6876587938562,463.22526104943097
2020-01-04 18:00:00+00:00,30.1,78.3,11.892069820133184,20.49341424768921,89.31217375324577,324.5766417599496,1595.616920397397
2020-01-04 18:00:00+00:00,31.2,78.6,8.892060140875145,15.935067684994923,75.25060385731697,296.37620068190046,1037.9381345615534
2020-01-04 18:00:00+00:00,30.5,78.7,11.006964853532924,13.473270858911961,24.77487207750531,648.7716181663685,1898.4257289481016
2020-01-04 18:00:00+00:00,30.8,79.2,25.25304793924396,38.88904029737553,51.21170300469727,489.80641135080094,927.196689988473
2020-01-04 18:00:00+00:00,30.7,78.9,17.449965544510054,106.99952539520396,249.520642473954,760.9711220128321,1555.008097385038
2020-01-04 19:00:00+00:00,30.5,78.7,2.3365694984785645,14.178041223491311,23.422462586652053,637.6943180403821,1889.989769808307
2020-01-04 19:00:00+00:00,29.9,78.9,6.347945966190488,16.34453064013219,25.15608892530885,415.11783327509005,722.930186798125
2020-01-04 19:00:00+00:00,30.3,78.5,42.57618891112141,98.991163866607,125.37744686578571,221.50909354379672,504.61014857731516
2020-01-04 19:00:00+00:00,30.7,78.9,16.478308359161076,63.11460073211708,235.33165642563318,739.1293088307723,1567.3472640483517
2020-01-04 19:00:00+00:00,31.0,78.2,1.744232998263408,7.5839537911056025,24.53576976719428,103.28552258296241,799.9867743573891
2020-01-04 19:00:00+00:00,30.8,79.2,7.2400763602239975,37.64749462367109,57.481259298050695,488.688943872835,897.5840947928974
2020-01-04 19:00:00+00:00,30.1,78.3,0.8642823805318999,15.54563585311333,56.073088681964556,324.0840318373995,1552.3228683188443
2020-01-04 19:00:00+00:00,31.2,78.6,16.522319538151137,29.52095130741,72.41344122159947,312.327468673448,1021.1748486425837
2020-01-04 20:00:00+00:00,30.3,78.5,33.32788032807669,114.58686389118154,156.63960178777052,253.03815202071627,537.1269721975403
2020-01-04 20:00:00+00:00,30.1,78.3,12.62882333856511,25.385175539230197,46.86961481490508,334.10005556923244,1509.5971572663227
2020-01-04 20:00:00+00:00,30.5,78.7,6.5481575276866,19.8916918796981,27.635325024714277,632.7137859438592,1892.9712915154794
2020-01-04 20:00:00+00:00,30.8,79.2,8.330000897631011,40.82312519709897,61.57868623048152,484.2116056190823,870.6313433313612
2020-01-04 20:00:00+00:00,30.7,78.9,25.003889709986993,58.932163613658105,210.94556879511111,725.4049533038351,1589.3479352135753
2020-01-04 20:00:00+00:00,29.9,78.9,2.669279547827843,13.252100580061564,26.95582171470713,398.35890642036094,717.7013041243779
2020-01-04 20:00:00+00:00,31.0,78.2,1.150711933579752,7.545143020253614,24.54656586671069,100.57043986210444,799.1430533113523
2020-01-04 20:00:00+00:00,31.2,78.6,16.63205951427188,42.04643919329816,70.94488858473518,327.73544860273586,1002.5459627430042
2020-01-04 21:00:00+00:00,30.7,78.9,29.862602001968586,71.34480007111665,178.34432546632064,707.053636665218,1618.7023425875495
2020-01-04 21:00:00+00:00,31.0,78.2,3.1664285684950944,6.061373500338254,15.520527910015325,103.00692089787614,800.3806623917054
2020-01-04 21:00:00+00:00,29.9,78.9,2.1194912982406255,11.136716812258957,25.196358632027884,374.42029252362056,718.7067265293721
2020-01-04 21:00:00+00:00,30.1,78.3,1.935494726482166,15.428600445579177,35.92201469326838,334.0705927472034,1445.2048060146367
2020-01-04 21:00:00+00:00,30.5,78.7,1.8761751475097221,10.7609021736749,24.23417303258683,619.5723229973026,1889.027508062782
2020-01-04 21:00:00+00:00,30.8,79.2,9.654311495716357,25.224388753571365,64.11342905094689,475.57128834778325,850.448329850329
2020-01-04 21:00:00+00:00,30.3,78.5,21.51449552274568,97.41856476194378,172.30123979373363,274.14993790640636,546.8998417182765
2020-01-04 21:00:00+00:00,31.2,78.6,21.794039321970768,54.94841837439378,70.88348605938872,347.4849878933164,982.0658164976034
2020-01-04 22:00:00+00:00,31.2,78.6,20.303578737415464,58.72967757365811,88.25062888106812,365.0092395094497,951.5932842313526
2020-01-04 22:00:00+00:00,30.5,78.7,8.10067148863109,16.525004163827425,30.703045387318706,601.7540854337581,1891.9896988589
2020-01-04 22:00:00+00:00,30.7,78.9,37.708788104009464,92.57527981596503,155.68988054808213,693.1409946760036,1649.8523289946138
2020-01-04 22:00:00+00:00,29.9,78.9,2.637134589650971,7.425905435719439,23.770436075851627,350.1207993525993,707.8324417482463
2020-01-04 22:00:00+00:00,30.1,78.3,9.242960765402803,23.80727883045008,39.35291468356341,342.7006615601163,1387.231711662934
2020-01-04 22:00:00+00:00,30.8,79.2,5.306727332337568,23.291039725684932,60.93853434935603,450.9062887058212,827.1610988902909
2020-01-04 22:00:00+00:00,31.0,78.2,4.832640431940249,9.149780934015094,16.733734725120698,105.43257254836557,799.4617796518346
2020-01-04 22:00:00+00:00,30.3,78.5,8.60888770128681,63.451263552109175,162.44242741871616,275.4996129774254,548.7910402533485
2020-01-04 23:00:00+00:00,29.9,78.9,3.3343798033227343,8.091005691214331,21.343106271275893,320.40898039241716,698.1204640652446
2020-01-04 23:00:00+00:00,31.2,78.6,26.72396470960263,68.82158276898886,110.86802196228702,380.1488979326665,932.898632072433
2020-01-04 23:00:00+00:00,30.1,78.3,11.932847668160978,23.111303160045946,48.49647869927614,348.0311246281431,1323.6296658212962
2020-01-04 23:00:00+00:00,30.8,79.2,1.8895516056933495,16.850590433747275,57.67371563084624,421.2230664824276,793.5135662501268
2020-01-04 23:00:00+00:00,31.0,78.2,3.4551083776050864,11.45417737804043,18.999320398294046,104.52085247453549,799.129706048503
2020-01-04 23:00:00+00:00,30.7,78.9,43.185272717240196,110.75666282321824,169.68882643687635,689.4793533442701,1686.6364567835985
2020-01-04 23:00:00+00:00,30.5,78.7,4.04343948325593,14.020286119396754,33.91197799909483,558.7418765020573,1890.8718452094056
2020-01-04 23:00:00+00:00,30.3,78.5,14.163617995768009,44.2870012198005,158.87386511098205,286.9732347723958,558.6895079483571
2020-01-05 00:00:00+00:00,29.9,78.9,3.9496375930373664,9.921151986011072,21.05786879827003,290.2689462384705,693.9136777082093
2020-01-05 00:00:00+00:00,30.1,78.3,1.1185749003950571,22.294383333958837,37.72298377953801,344.85393153187704,1250.774436347436
2020-01-05 00:00:00+00:00,30.5,78.7,9.53179313932801,21.675904111215047,32.43680628488991,504.9429537466082,1884.258266473299
2020-01-05 00:00:00+00:00,30.8,79.2,6.112611151517094,13.308890089548012,38.533278843119376,390.9229197385343,781.6627210460773
2020-01-05 00:00:00+00:00,31.2,78.6,42.38827022417963,89.41581367119772,144.3642320455915,411.81345514367166,929.979368364648
2020-01-05 00:00:00+00:00,30.3,78.5,1.4334645641820072,24.205970261236825,121.62453502318061,273.07171414129397,557.3944691983745
2020-01-05 00:00:00+00:00,31.0,78.2,3.8955966104848545,12.18334542003019,18.244718920368445,102.7117817286643,800.7046260927385
2020-01-05 00:00:00+00:00,30.7,78.9,44.24791853675924,125.14197935800888,196.48677942912556,691.2115053081961,1726.8153176057363
2020-01-05 01:00:00+00:00,30.5,78.7,1.8648086847891072,15.440041307373063,31.965045471200458,430.0326125976403,1875.1733494106313
2020-01-05 01:00:00+00:00,29.9,78.9,7.854979582565152,15.138996978925253,22.564902414644692,263.5276950504332,691.5636893825971
2020-01-05 01:00:00+00:00,31.0,78.2,3.2134042650403223,10.564109253130264,19.71389018714536,102.56294053431168,799.5890489814245
2020-01-05 01:00:00+00:00,30.7,78.9,56.4456285208865,143.87881977488593,236.454099590851,705.4826787913327,1779.3504678262143
2020-01-05 01:00:00+00:00,30.1,78.3,0.7974121316124141,13.84883470016845,37.656113530618526,342.35223498940195,1176.0640051087237
2020-01-05 01:00:00+00:00,31.2,78.6,34.776149534412724,103.88838446819497,162.61806204185308,439.68924314623075,916.362523131254
2020-01-05 01:00:00+00:00,30.3,78.5,7.8804100509657165,23.477492610915732,86.9287561630249,279.90056120918024,561.0771925553482
2020-01-05 01:00:00+00:00,30.8,79.2,4.986372426942434,12.988535184152877,36.27957490983781,353.7468129019663,767.6489889495036
2020-01-05 02:00:00+00:00,31.0,78.2,3.5419592982527313,10.650960173777909,22.105137551818338,99.01927589637684,790.3212122537715
2020-01-05 02:00:00+00:00,29.9,78.9,16.72716894473918,28.5317861203417,36.62279181155603,246.82872508041675,701.7289295278423
2020-01-05 02:00:00+00:00,30.1,78.3,1.972295119342791,3.8882821513502623,26.999585311396206,337.987121802709,1107.3129679696717
2020-01-05 02:00:00+00:00,30.8,79.2,14.09244547457923,25.19142905303876,42.04201948678603,325.23752757248246,771.1527327121429
2020-01-05 02:00:00+00:00,30.3,78.5,1.6203110061077541,10.934185621255477,55.221186841055975,275.0451168262043,548.4195787843406
2020-01-05 02:00:00+00:00,30.7,78.9,44.390330772795565,145.08387783044128,255.84054065365956,707.0594322897028,1823.0744372327686
2020-01-05 02:00:00+00:00,30.5,78.7,0.8911118486689263,12.28771367278606,26.307999792182784,356.97789174030567,1859.3939746332592
2020-01-05 02:00:00+00:00,31.2,78.6,36.74598252677084,113.91040228536319,182.73198505435204,474.4894971868664,911.156464350009
2020-01-05 03:00:00+00:00,30.8,79.2,1.5889866376637038,20.667804539185372,33.97669462873338,282.1661171781302,762.4535843713757
2020-01-05 03:00:00+00:00,30.7,78.9,41.69832975582161,142.53428904950366,267.67626840751257,711.4389508585116,1863.601128072411
2020-01-05 03:00:00+00:00,30.1,78.3,21.570092538674807,24.339799789630014,46.63418312358885,356.4152149398947,1057.5052774917167
2020-01-05 03:00:00+00:00,30.5,78.7,9.559089476702864,12.315010010160911,33.99091412137592,302.8388910190795,1838.9803085769342
2020-01-05 03:00:00+00:00,29.9,78.9,17.695360913098646,42.27750944040298,52.19866142641405,207.878931585584,714.9604636100017
2020-01-05 03:00:00+00:00,30.3,78.5,3.9327995509633005,13.43352060803677,37.639490869273594,271.53274618226413,551.5200068568706
2020-01-05 03:00:00+00:00,31.0,78.2,9.465689554268657,16.22105311756171,28.404398537591902,107.76238980986109,793.6391592198188
2020-01-05 03:00:00+00:00,31.2,78.6,33.73402960812976,105.25616166931331,194.67197534051104,492.3943671864738,899.0853379002712
2020-01-05 04:00:00+00:00,29.9,78.9,28.95707326078404,63.379603118621866,78.51860009754712,210.0638915812466,743.4935192819648
2020-01-05 04:00:00+00:00,31.2,78.6,29.950751559595627,100.43076369449622,204.3191481626912,520.2277913029892,892.1204222977558
2020-01-05 04:00:00+00:00,30.3,78.5,5.228012385030475,10.781122942101529,34.258615553017265,274.75036720794594,549.3424530217233
2020-01-05 04:00:00+00:00,30.7,78.9,35.265291533018235,121.3539520616354,265.23277183652135,718.1732524642302,1880.0915601007532
2020-01-05 04:00:00+00:00,31.0,78.2,9.1349737205227,22.142622573044086,32.70673182617435,114.70120158030353,797.4570178790703
2020-01-05 04:00:00+00:00,30.8,79.2,5.582417113940076,21.263849226183012,34.25238441033589,252.74327657702474,762.9463685176778
2020-01-05 04:00:00+00:00,30.1,78.3,1.8666804774886285,25.409068135506228,39.25790283567468,337.2066172941074,993.3758193775345
2020-01-05 04:00:00+00:00,30.5,78.7,2.4651788216382204,12.915380147010024,28.355421454383055,252.78915686556581,1808.5278674901363
2020-01-05 05:00:00+00:00,30.7,78.9,31.324047954083753,108.28766924292358,253.37154707336492,728.3492318650951,1909.7605159042205
2020-01-05 05:00:00+00:00,30.3,78.5,2.3774717673723966,11.538283703366172,22.47246932462165,272.6737932400756,547.5642447698314
2020-01-05 05:00:00+00:00,30.5,78.7,3.0714072072761094,15.095675505617209,27.383389178403235,213.31464815251013,1778.0212410658296
2020-01-05 05:00:00+00:00,30.8,79.2,4.602821556343511,11.77422530794729,36.96565436098605,223.1985608455203,763.8363609827423
2020-01-05 05:00:00+00:00,31.2,78.6,30.77352572405404,94.45830689177943,208.36870917714262,544.4775923057483,885.8933760160951
2020-01-05 05:00:00+00:00,29.9,78.9,38.83978125406945,85.49221542795213,114.02400154829384,225.98347895442922,776.9648821027944
2020-01-05 05:00:00+00:00,31.0,78.2,0.8751478601383269,19.475811134929685,30.12677130870759,107.8378325471647,789.4184441616369
2020-01-05 05:00:00+00:00,30.1,78.3,3.4478702581921734,26.88464327435561,30.77292542570587,336.97160644278756,935.0917606956212
2020-01-05 06:00:00+00:00,29.9,78.9,55.76641502705316,123.56326954190665,165.84077898230964,263.4994125066336,825.8106258132148
2020-01-05 06:00:00+00:00,30.7,78.9,21.89060434751837,88.47994383462034,231.01423288412403,729.1221095160063,1928.2221985350266
2020-01-05 06:00:00+00:00,30.1,78.3,6.871268407839561,12.185819143520366,36.525618933150376,337.02954639147214,880.5578032288868
2020-01-05 06:00:00+00:00,30.8,79.2,17.639392976235342,27.82463164651893,48.49243618570429,212.61217012016974,774.8077221344142
2020-01-05 06:00:00+00:00,30.3,78.5,4.312268904387722,11.917753056790593,25.351273664827364,265.280714245749,550.532341502785
2020-01-05 06:00:00+00:00,31.2,78.6,20.454194975274966,81.17847225892463,186.43463392823796,562.9343737077352,875.9670897863367
2020-01-05 06:00:00+00:00,30.5,78.7,4.193417093553584,9.730003122467927,22.04501313262881,184.41938208686557,1731.2905084600902
2020-01-05 06:00:00+00:00,31.0,78.2,1.484742741176804,11.49486432183783,27.71591743939954,105.83802643165238,788.7392550069264
2020-01-05 07:00:00+00:00,31.0,78.2,1.8616619280723903,4.221552529387521,26.36417510243161,95.29942589260692,788.8509814792985
2020-01-05 07:00:00+00:00,30.8,79.2,9.740767311481163,31.98298184406002,53.246831070243026,200.63873100461186,779.5207712392412
2020-01-05 07:00:00+00:00,30.3,78.5,3.8239983659549996,10.513739037715117,21.294861979816645,255.904460994138,551.4531694560598
2020-01-05 07:00:00+00:00,30.5,78.7,6.067895953083919,13.332720253913626,26.248100400923622,156.2886577951528,1683.1625606556584
2020-01-05 07:00:00+00:00,30.1,78.3,3.7520311104005666,14.071169776432304,39.48023791193853,329.1407823212093,825.7433044748873
2020-01-05 07:00:00+00:00,30.7,78.9,12.004532480145771,65.21918478174788,186.57313684338328,729.3874618649011,1929.3341739069556
2020-01-05 07:00:00+00:00,31.2,78.6,14.077835866070897,65.3055565653999,165.73632025989613,571.457713484064,867.6788525335545
2020-01-05 07:00:00+00:00,29.9,78.9,65.71711616178425,160.32331244290685,223.7029155615287,315.6660336141871,888.6963859073071
2020-01-05 08:00:00+00:00,31.0,78.2,14.195347353938178,17.54175202318737,37.017563158117056,105.54376724281765,802.6803001353029
2020-01-05 08:00:00+00:00,30.5,78.7,4.917083409411721,15.178396456049239,30.274071961666415,142.6886867108529,1638.2253387766696
2020-01-05 08:00:00+00:00,29.9,78.9,74.84625270635414,196.32978389519155,281.8219993231437,379.3753400353276,954.8465578210729
2020-01-05 08:00:00+00:00,30.7,78.9,7.788837267336342,41.683974095000465,149.9716433379241,729.3667484683964,1932.9095813865058
2020-01-05 08:00:00+00:00,30.1,78.3,2.2003923991404206,12.823691917380552,39.70833519173616,309.50869200528246,776.2387634445744
2020-01-05 08:00:00+00:00,30.8,79.2,3.5301873901670495,30.910347677883554,42.68457298583085,184.47894406705123,781.7454235424183
2020-01-05 08:00:00+00:00,30.3,78.5,0.9633821949555436,9.099649465298265,20.637933168664436,255.1087147515598,550.082550790728
2020-01-05 08:00:00+00:00,31.2,78.6,10.150514657568065,44.682545498913925,139.14085239069334,562.5230940210616,856.3847288322488
2020-01-05 09:00:00+00:00,30.8,79.2,2.524041884905974,15.794996586554186,43.619628233073115,174.09595898132594,779.9766620752042
2020-01-05 09:00:00+00:00,30.3,78.5,10.483731831485086,15.27111239239563,27.188865449186224,259.2388386943479,559.6898528866808
2020-01-05 09:00:00+00:00,30.5,78.7,14.064585848001053,25.04956521049671,34.77956833296461,138.66265236666533,1600.2128274007946
2020-01-05 09:00:00+00:00,29.9,78.9,79.26228366425688,219.82565253239528,343.3889220743019,444.93930545205956,1026.2368041268303
2020-01-05 09:00:00+00:00,30.7,78.9,15.206817690037717,35.00018743751981,123.48013127214018,737.6503353528574,1941.5386263977866
2020-01-05 09:00:00+00:00,31.0,78.2,3.5108427456930977,19.56785202770367,31.062716349541496,105.31134496522148,804.4173597286763
2020-01-05 09:00:00+00:00,30.1,78.3,2.727873896709086,8.680297406250077,20.866116549770435,280.1832437950565,735.4082081781547
2020-01-05 09:00:00+00:00,31.2,78.6,10.614818279662224,34.84316880330118,116.02164106222583,547.7568411543289,851.1715831829949
2020-01-05 10:00:00+00:00,31.2,78.6,8.40038391985724,29.165716857087528,94.47127342248743,517.8830570455606,850.1744004443608
2020-01-05 10:00:00+00:00,30.3,78.5,2.527520034679556,13.974634061120186,24.488373098835304,256.30615921980575,554.7136124674022
2020-01-05 10:00:00+00:00,31.0,78.2,3.4236047556856555,21.129794855316934,25.35134738470445,107.92995496301613,798.18308788232
2020-01-05 10:00:00+00:00,30.5,78.7,1.965223331326809,20.946892588739598,34.2796128426532,132.82962371309696,1552.4772351512106
2020-01-05 10:00:00+00:00,30.7,78.9,7.024261903651697,30.01991686102574,95.23910164277365,736.2307530891617,1945.7061959726327
2020-01-05 10:00:00+00:00,30.8,79.2,10.322099392955593,16.376328668028616,48.35931051208863,174.94802916340413,779.0255942691467
2020-01-05 10:00:00+00:00,29.9,78.9,84.14008341489958,238.2486197855106,398.5719322284175,522.1553852986423,1102.2410287059045
2020-01-05 10:00:00+00:00,30.1,78.3,0.7415180794969242,5.669784375346434,19.74095415177873,245.77965382449628,696.3582023075776
2020-01-05 11:00:00+00:00,30.5,78.7,7.570156566408602,23.599965745736476,38.77836220178569,134.1539233644357,1515.528526551769
2020-01-05 11:00:00+00:00,30.3,78.5,3.8230031257795933,16.834254991944235,25.9339044572425,254.8177712620502,549.3003232050091
2020-01-05 11:00:00+00:00,31.0,78.2,4.262819288852888,11.197266790231641,28.739018813419015,108.13043746435683,798.5252333292374
2020-01-05 11:00:00+00:00,30.1,78.3,2.03913441363857,5.508526389844583,18.332218307225126,209.19727242192624,668.0550157082328
2020-01-05 11:00:00+00:00,29.9,78.9,75.01987453146889,238.42224161062535,434.7520255058169,592.569356337722,1173.5778023442429
2020-01-05 11:00:00+00:00,30.7,78.9,4.816291480921203,27.047371074610602,68.7313451696111,734.4242340741782,1947.6984174441463
2020-01-05 11:00:00+00:00,30.8,79.2,1.966220071367005,14.81236134922857,45.722709027112124,171.03626067174437,775.7671699909204
2020-01-05 11:00:00+00:00,31.2,78.6,14.450813819230813,33.46601601875028,78.1485615176642,498.1906288112814,850.3206577552468
2020-01-05 12:00:00+00:00,31.2,78.6,9.255400928541878,32.10659866762993,66.94976747093112,472.9992373020776,847.3361623445248
2020-01-05 12:00:00+00:00,30.5,78.7,7.987817779379663,17.523197677115085,42.572762887611766,121.82945438263582,1483.5742878732972
2020-01-05 12:00:00+00:00,31.0,78.2,9.667924577505147,17.35434862204369,36.92220064974735,111.49478986239637,806.8252154883857
2020-01-05 12:00:00+00:00,30.1,78.3,12.027186705053447,14.807839198188944,23.488136604439013,187.04891307037315,651.2089421209572
2020-01-05 12:00:00+00:00,29.9,78.9,61.96548251646535,221.1254404628338,440.9510929952291,651.4246880517555,1233.193535285209
2020-01-05 12:00:00+00:00,30.8,79.2,28.897616463764898,41.185935928087495,56.98093251464168,195.21835054816262,796.8874820669489
2020-01-05 12:00:00+00:00,30.3,78.5,6.944993290567995,13.295516451027144,28.566628843422773,261.57307633065636,554.3645433227454
2020-01-05 12:00:00+00:00,30.7,78.9,7.489880250253613,19.3304336348265,54.33062107234635,731.3522758595499,1946.1881380945333
2020-01-05 13:00:00+00:00,31.2,78.6,16.806032495097547,40.51224724287024,69.67796409995776,470.4457876233065,861.0486430308029
2020-01-05 13:00:00+00:00,30.1,78.3,1.0191095746294372,15.085430693321458,20.755215068667887,153.96465519318951,627.4558929147809
2020-01-05 13:00:00+00:00,30.5,78.7,7.134230283503069,22.692204629291346,43.63909721803092,125.27470567680705,1452.9901920603515
2020-01-05 13:00:00+00:00,30.8,79.2,2.80152354800597,33.66536008313787,50.04168875116649,197.04935402929803,793.2113252114436
2020-01-05 13:00:00+00:00,30.3,78.5,32.36157087895052,43.12956729529811,57.1042013564183,290.7052663650456,573.1638304315796
2020-01-05 13:00:00+00:00,30.7,78.9,3.479549024501601,15.785720755676403,45.80563761670217,704.1645304765696,1946.0134578531688
2020-01-05 13:00:00+00:00,31.0,78.2,2.6497247414192664,16.580468607777302,37.710263463094236,108.32409851986549,802.4071362548642
2020-01-05 13:00:00+00:00,29.9,78.9,55.64142319678799,192.62678024472223,430.87540003023287,702.2993069317151,1283.7752554007866
2020-01-05 14:00:00+00:00,30.1,78.3,1.700438870755633,14.746735150438521,20.255261540283097,133.83279685832053,607.9407801735247
2020-01-05 14:00:00+00:00,30.7,78.9,10.543977610113041,21.51340688486824,48.56077795947887,665.3185307461736,1954.829702600959
2020-01-05 14:00:00+00:00,30.5,78.7,6.8052165243927405,21.927264587275484,45.527230333011936,129.7446271115754,1430.6431125169681
2020-01-05 14:00:00+00:00,30.8,79.2,1.9917869672791093,33.690926979049976,48.50328832827855,194.80856703137695,791.9928173632596
2020-01-05 14:00:00+00:00,31.0,78.2,10.674567600502252,22.992216919426667,34.189483709658305,117.85875028630439,802.393565610391
2020-01-05 14:00:00+00:00,30.3,78.5,5.595502208841846,44.90206637836036,61.736321370304594,294.23504316779554,572.2513618448157
2020-01-05 14:00:00+00:00,29.9,78.9,36.19217911471321,153.79908482796657,392.22132643859186,737.6219392879988,1319.8106964563522
2020-01-05 14:00:00+00:00,31.2,78.6,25.009245854392514,51.07067927803194,84.53669529678221,477.3544213265628,881.308593625584
2020-01-05 15:00:00+00:00,30.8,79.2,8.99781968356174,13.791130198846819,54.97706612693432,196.6868180396877,795.6682098258481
2020-01-05 15:00:00+00:00,30.5,78.7,0.9140626218127388,14.853509429708561,32.37670710682362,125.38136259375098,1405.411524112102
2020-01-05 15:00:00+00:00,29.9,78.9,27.807128750134744,119.64073106163593,340.76617152446977,761.5501136572136,1346.7319153177928
2020-01-05 15:00:00+00:00,31.2,78.6,25.645483570338587,67.46076191982864,99.56736058745858,481.14446304958415,894.9752692946511
2020-01-05 15:00:00+00:00,30.3,78.5,4.781597198604134,42.738670286396506,56.034186737423646,293.16378284961706,573.0245138371529
2020-01-05 15:00:00+00:00,30.1,78.3,1.7190640472585266,4.438612492643599,19.24645169083254,122.66876605746022,598.9031665739774
2020-01-05 15:00:00+00:00,31.0,78.2,13.256624168563205,26.580916510484723,43.935265132528414,118.92290792967714,813.8566351120493
2020-01-05 15:00:00+00:00,30.7,78.9,5.77963465383496,19.803161288449587,39.13359492327612,608.6343200692495,1956.7773770236834
2020-01-05 16:00:00+00:00,31.0,78.2,17.838165028090707,41.76935679715616,58.34982540493346,133.14163934093295,827.8684636405486
2020-01-05 16:00:00+00:00,30.8,79.2,5.551678568354244,16.541285219195093,50.206645302332966,193.7568745741135,792.1460201715266
2020-01-05 16:00:00+00:00,30.5,78.7,1.5066944575053487,9.225973603710841,31.918178233002163,125.25625791735712,1389.3278457796412
2020-01-05 16:00:00+00:00,30.1,78.3,3.450237072853484,6.869739990867645,21.9551706841891,120.30694235520592,590.616762902677
2020-01-05 16:00:00+00:00,29.9,78.9,19.120837907808127,83.12014577265609,275.7469260173783,776.6078944191945,1360.142991641021
2020-01-05 16:00:00+00:00,30.7,78.9,0.2952922739825707,16.618904537930558,32.40462529360699,548.5663793209841,1951.0152169855653
2020-01-05 16:00:00+00:00,31.2,78.6,26.369226056006728,77.02395548073784,117.53620272360807,504.57725318985484,915.3792211538122
2020-01-05 16:00:00+00:00,30.3,78.5,6.814778352058361,17.19187775950434,60.32144505480245,281.5108611253712,572.3583309667997
2020-01-05 17:00:00+00:00,30.1,78.3,1.9680546719752394,7.137355792087252,21.884090942525766,119.48571337473291,579.2954346018455
2020-01-05 17:00:00+00:00,29.9,78.9,18.73245474848978,65.66042140643265,219.45950623439919,789.5786395597859,1368.9644369260113
2020-01-05 17:00:00+00:00,30.7,78.9,3.3213854345029996,9.396312362320517,30.909719247188786,522.7014379270411,1950.5524054142957
2020-01-05 17:00:00+00:00,30.8,79.2,8.768373576778192,23.317871828694177,57.00879880774416,197.37087782668857,786.318687504754
2020-01-05 17:00:00+00:00,31.2,78.6,28.212255832664393,80.2269654590097,131.29764473704165,528.6829373941355,933.5152328385909
2020-01-05 17:00:00+00:00,31.0,78.2,10.831179352044789,41.925968548698705,64.91818546812536,142.783295988546,837.0681256016271
2020-01-05 17:00:00+00:00,30.5,78.7,2.445140589627913,4.865897668946013,26.79316225622147,126.86689163550523,1377.5828815023074
2020-01-05 17:00:00+00:00,30.3,78.5,5.517582072883274,17.113957623545765,62.01602400190613,269.2962628947523,570.8310419409192
2020-01-05 18:00:00+00:00,31.2,78.6,19.579882707138438,74.16136459580956,141.6221265156382,539.3707599603988,952.1015423423563
2020-01-05 18:00:00+00:00,30.1,78.3,8.945505255828905,14.36379700065763,18.802409493301226,116.53914881042863,580.2754396089049
2020-01-05 18:00:00+00:00,30.3,78.5,3.8036796252831033,16.13604005022474,58.87471033662124,234.41714786805196,563.2409280708323
2020-01-05 18:00:00+00:00,30.5,78.7,0.5748146339248487,4.526649681058123,19.38015911076666,116.43474141589715,1361.7210866100572
2020-01-05 18:00:00+00:00,30.8,79.2,2.167942603383061,16.487994748515497,30.279124947362316,174.28577249082767,778.0906469220804
2020-01-05 18:00:00+00:00,31.0,78.2,11.78772731092108,40.457071691056576,67.0379882015413,149.92082521105664,839.1330880982293
2020-01-05 18:00:00+00:00,29.9,78.9,6.6538202288040695,44.507112885101975,164.14784394673794,791.9975847225467,1352.773040700322
2020-01-05 18:00:00+00:00,30.7,78.9,0.3984134601397211,4.015091168625277,23.818252457074895,505.6498858426708,1937.109016750107
2020-01-05 19:00:00+00:00,30.8,79.2,4.781331895967583,15.717648076128835,32.25893329532393,171.82702802657127,781.039760419922
2020-01-05 19:00:00+00:00,30.3,78.5,4.95649904453682,14.277760742703197,31.46963850220753,196.7974580014674,558.1268373588499
2020-01-05 19:00:00+00:00,31.0,78.2,13.476780142133567,36.09568680509943,77.8650436022556,161.6533723549268,848.2552758057141
2020-01-05 19:00:00+00:00,31.2,78.6,15.295842468666462,63.08798100846929,140.11193648920712,538.1442828909142,964.735380588858
2020-01-05 19:00:00+00:00,30.1,78.3,7.563021455535135,18.47658138333928,25.346321374206923,123.23788788543187,583.5303844858809
2020-01-05 19:00:00+00:00,29.9,78.9,5.725364160824029,31.111639138117877,114.23178491077397,791.3750029171802,1355.217544259209
2020-01-05 19:00:00+00:00,30.5,78.7,3.2758008056549492,6.295756029207723,15.52172963291854,117.37397272307354,1353.760405902901
2020-01-05 19:00:00+00:00,30.7,78.9,6.871887356104179,10.591686250746886,27.21059078867747,496.04346483961393,1935.3359346516675
2020-01-05 20:00:00+00:00,30.1,78.3,2.611569378118147,19.12009608948219,26.257451881569438,113.22063392498491,580.0335004588336
2020-01-05 20:00:00+00:00,29.9,78.9,1.259204556756156,13.638388946384254,79.2988103528169,789.9649279261084,1351.9401247695712
2020-01-05 20:00:00+00:00,31.2,78.6,8.274705279824738,43.150430455629646,123.37739591463935,529.786928656467,970.4877061671581
2020-01-05 20:00:00+00:00,31.0,78.2,20.45533183693711,45.719839289991754,87.64580783869044,180.95799225828415,860.0027651095774
2020-01-05 20:00:00+00:00,30.5,78.7,3.4946974847175505,7.34531292429736,12.211210593243349,114.32051268010449,1353.045531880659
2020-01-05 20:00:00+00:00,30.7,78.9,6.029951725076705,13.30025254132059,22.69656490364114,477.06952685470367,1933.2649279420755
2020-01-05 20:00:00+00:00,30.8,79.2,8.688967006164983,15.638241505515627,38.9561133342098,172.18599413510523,786.58525769678
2020-01-05 20:00:00+00:00,30.3,78.5,5.1724022675236885,13.932580937343612,31.046538560889374,168.64197994091438,553.6568931661927
2020-01-05 21:00:00+00:00,30.3,78.5,1.7933212480214968,11.922222560082007,28.058262610306738,148.9208056661902,550.9363553242854
2020-01-05 21:00:00+00:00,30.1,78.3,7.559870325031466,17.73446115868475,32.09825815934238,118.84500952353419,584.8458173591799
2020-01-05 21:00:00+00:00,31.2,78.6,6.760343709642132,30.330891458133333,104.49225605394288,514.7532330441384,974.4700765449995
2020-01-05 21:00:00+00:00,31.0,78.2,20.511677139681343,54.44378911875202,94.90086080980859,198.3032408294704,861.1554606648701
2020-01-05 21:00:00+00:00,29.9,78.9,4.08030990101403,11.064878618594214,55.57199150369619,791.9257465288819,1352.2135606391412
2020-01-05 21:00:00+00:00,30.8,79.2,10.892745019905455,24.36304392203802,40.85103867055352,173.4244276592943,795.5857902936284
2020-01-05 21:00:00+00:00,30.5,78.7,0.9777567999891911,7.748255090361703,12.2749047714198,113.42209433258395,1346.0942567026727
2020-01-05 21:00:00+00:00,30.7,78.9,3.0626011674835056,15.964440248664376,19.97953141728968,450.26952602021856,1931.2235742745916
2020-01-05 22:00:00+00:00,31.0,78.2,30.187965382283146,71.1549743589016,107.25066116400103,223.6585657798133,877.7997537536271
2020-01-05 22:00:00+00:00,30.8,79.2,14.82637444721442,34.408086473284854,50.12573454941369,182.94407477417118,806.0629609522612
2020-01-05 22:00:00+00:00,29.9,78.9,9.17913731281941,14.518651770589596,45.63029090870747,798.4677492520503,1356.2649589533041
2020-01-05 22:00:00+00:00,31.2,78.6,7.501705353279567,22.536754342746438,85.62473535121573,501.9513596600025,976.7463982565764
2020-01-05 22:00:00+00:00,30.7,78.9,1.577897327766551,10.670450220326748,21.26213647107366,414.1386352439756,1931.343575916476
2020-01-05 22:00:00+00:00,30.3,78.5,5.834980653083731,12.800704168628917,27.078464911332105,146.14689861798712,556.2386768078459
2020-01-05 22:00:00+00:00,30.5,78.7,4.347297649078819,8.819751933785573,15.11550796299327,109.66872049303169,1345.4237409539003
2020-01-05 22:00:00+00:00,30.1,78.3,7.110853063734194,17.282292766883806,35.758874150223086,116.71290182186559,586.7751344432917
2020-01-05 23:00:00+00:00,30.3,78.5,0.8743975366178566,8.502699437723084,22.435280375066693,132.857678158837,555.7335261380066
2020-01-05 23:00:00+00:00,31.2,78.6,2.698707094780061,16.96075615770176,60.1111866133314,477.92610204517985,979.3233088552597
2020-01-05 23:00:00+00:00,30.1,78.3,4.962401016542698,19.633124405308358,38.75322049479055,109.74245517024731,590.6950304671572
2020-01-05 23:00:00+00:00,31.0,78.2,28.37428580962816,79.07392833159265,124.79376762158441,248.57774321183638,882.1191982879691
2020-01-05 23:00:00+00:00,30.8,79.2,25.243634063391784,50.96275353051166,66.60099503602729,206.29815723186962,829.8822479848752
2020-01-05 23:00:00+00:00,29.9,78.9,4.880711009155627,18.140158222989065,31.778547169373322,800.0140804578832,1351.60046585186
2020-01-05 23:00:00+00:00,30.7,78.9,5.857330795455844,10.497829290705885,23.798081832026504,376.81069332219124,1931.8737515258088
2020-01-05 23:00:00+00:00,30.5,78.7,5.238943903470716,10.56399835253874,17.909311276836075,110.86422491324647,1339.058586226088
2020-01-06 00:00:00+00:00,30.1,78.3,4.354376062485751,16.427630142762645,34.16209130144739,112.978256332338,575.1790546294766
2020-01-06 00:00:00+00:00,31.0,78.2,25.685812784886963,84.24806397679828,138.6918530955503,270.3679593862385,884.6640563062051
2020-01-06 00:00:00+00:00,29.9,78.9,0.7913652179317557,14.851213539906793,25.91609215850101,796.8558080827776,1346.7601293820699
2020-01-06 00:00:00+00:00,30.7,78.9,5.994080845968952,13.429308969191332,29.393749217855735,338.556855631401,1923.753569394844
2020-01-06 00:00:00+00:00,30.3,78.5,7.748505814957475,14.457884004659062,26.380106564741062,139.17271940961245,560.6899392809333
2020-01-06 00:00:00+00:00,30.5,78.7,7.500160334115884,17.08640188666543,24.83465697702711,108.83259210803435,1338.2717018370001
2020-01-06 00:00:00+00:00,31.2,78.6,16.379434707327245,26.579847155386872,56.91073861352021,451.91726652832745,995.4967497334694
2020-01-06 00:00:00+00:00,30.8,79.2,25.767319486882855,65.83732799748906,90.20037191952707,225.9528655672354,850.8028088259572
2020-01-06 01:00:00+00:00,30.1,78.3,8.625547873599361,17.942324952627814,35.22461771951161,120.80639207432495,577.633699462054
2020-01-06 01:00:00+00:00,30.7,78.9,6.717156903824671,18.56856854524945,29.239018765576226,288.8283840143392,1925.3070466052063
2020-01-06 01:00:00+00:00,30.3,78.5,11.167259114693628,19.79016246626896,32.59086663489787,142.45956847334034,568.648033662713
2020-01-06 01:00:00+00:00,31.2,78.6,2.3530408613210194,21.431182663428324,43.96793700617476,419.4941578552358,991.058626982574
2020-01-06 01:00:00+00:00,30.5,78.7,2.4954532704984302,15.234557508085043,24.054309441870593,109.46323669374367,1329.9442828588512
2020-01-06 01:00:00+00:00,29.9,78.9,2.436881979106871,8.108958206194254,22.62760997678385,791.4377104793193,1343.532708764866
2020-01-06 01:00:00+00:00,31.0,78.2,34.564864610984685,88.62496320549981,159.7799375644014,301.71941973218287,886.6307949988969
2020-01-06 01:00:00+00:00,30.8,79.2,30.22094640222449,81.23189995249913,115.63998642578397,251.18743954251744,875.6211200708923
2020-01-06 02:00:00+00:00,31.0,78.2,25.83196708298999,86.08264447886165,165.1565728104543,324.0094275169201,876.8203562648013
2020-01-06 02:00:00+00:00,30.1,78.3,2.692250238447967,15.67217417453308,35.305298579841434,121.52634719343013,573.2212629097764
2020-01-06 02:00:00+00:00,30.5,78.7,2.2161500675559633,12.211763672170289,22.775762024709003,110.7882749126307,1310.9241078490343
2020-01-06 02:00:00+00:00,31.2,78.6,5.226937053335927,23.959412621984193,40.92016877968595,387.9751123818009,987.2447132229776
2020-01-06 02:00:00+00:00,30.8,79.2,34.14698262915839,90.13524851826574,141.0980020487774,271.24197669709656,908.6377103735177
2020-01-06 02:00:00+00:00,29.9,78.9,0.7656083371955203,3.993855534234147,22.134013757223215,775.4761498717756,1337.918177534158
2020-01-06 02:00:00+00:00,30.7,78.9,1.4402813357642823,14.151519085557892,24.649348376263802,245.8783345773079,1915.4480655609707
2020-01-06 02:00:00+00:00,30.3,78.5,2.836476072245252,21.752241001896355,30.254940439619435,143.67573353947785,560.9528185902818
2020-01-06 03:00:00+00:00,31.0,78.2,28.66251767018087,89.05934936415555,173.30741334095381,343.2062556328323,861.4903311348511
2020-01-06 03:00:00+00:00,30.3,78.5,4.223567122396556,18.227302309335435,32.68518631399449,143.9665011109111,560.4972435718151
2020-01-06 03:00:00+00:00,30.7,78.9,14.758354086925921,22.91579232651486,36.34510129570622,218.9383589084122,1903.7200629667166
2020-01-06 03:00:00+00:00,30.5,78.7,7.4294041832000115,12.141007521254418,29.227409407919822,108.65858961912785,1296.1344777370875
2020-01-06 03:00:00+00:00,30.1,78.3,1.9650099230451108,13.28280803509244,29.710438177855078,101.92126457780043,574.8730161367765
2020-01-06 03:00:00+00:00,31.2,78.6,6.903652371782393,14.48363028643934,41.063477441826215,361.14473514545347,984.5590086351308
2020-01-06 03:00:00+00:00,29.9,78.9,5.71481754567689,8.917307861979282,23.768521401886073,763.495606504354,1340.2060058666536
2020-01-06 03:00:00+00:00,30.8,79.2,31.086347683040408,95.45427671442329,161.29160471191236,300.73933774247325,937.8044407301422
2020-01-06 04:00:00+00:00,31.2,78.6,0.30440699783845665,12.434996422956777,33.8661790863851,331.49839058369633,978.2190374925547
2020-01-06 04:00:00+00:00,30.1,78.3,4.447735488066534,9.104995649559614,27.04732060218742,104.50231958837834,569.4494620370068
2020-01-06 04:00:00+00:00,30.8,79.2,44.116763405456375,109.35009371765517,190.5819936701543,339.27368403398964,980.3415868424523
2020-01-06 04:00:00+00:00,30.7,78.9,7.333876577569002,23.53251200025919,42.10108054550867,191.00694395296298,1871.8840592328388
2020-01-06 04:00:00+00:00,30.5,78.7,0.6970972085731736,10.342651459329161,25.57720896741418,106.8905080060628,1267.3908918505253
2020-01-06 04:00:00+00:00,31.0,78.2,28.45840800431608,82.95289275748695,171.57785596298675,362.5296899166257,844.7283069525407
2020-01-06 04:00:00+00:00,29.9,78.9,10.132387609683104,16.612813492555514,24.72177169874977,744.670920853253,1347.485265912017
2020-01-06 04:00:00+00:00,30.3,78.5,1.3176500431743698,8.377693237816178,28.167855704085127,140.056138769055,550.6635423851474
2020-01-06 05:00:00+00:00,30.1,78.3,5.170096919758475,11.582842330870122,27.255016505403198,106.22454624994464,574.0261806552355
2020-01-06 05:00:00+00:00,31.0,78.2,35.810283365594216,92.93120904009118,179.0138535189528,397.4648254220816,829.6043743222823
2020-01-06 05:00:00+00:00,30.3,78.5,0.20356964101117633,5.744786806582102,27.49702780847845,137.88223664269378,542.0008062744887
2020-01-06 05:00:00+00:00,30.7,78.9,6.722293432655857,28.814524097150766,42.96604318270869,166.4051894315351,1827.5552232381458
2020-01-06 05:00:00+00:00,31.2,78.6,3.1329975240270675,10.341056893647917,34.30046951563211,303.8578623836694,975.6492016380504
2020-01-06 05:00:00+00:00,30.5,78.7,23.5460557041981,31.6725570959713,43.88432076814156,127.36515650298479,1261.6968269925217
2020-01-06 05:00:00+00:00,30.8,79.2,29.051562171647973,104.25467326014476,194.3899217784105,363.72242464929406,998.7116061047517
2020-01-06 05:00:00+00:00,29.9,78.9,3.7632747740842944,19.61047992944429,23.60433546367844,709.5944143732678,1347.3419914256092
2020-01-06 06:00:00+00:00,29.9,78.9,15.853512454693474,29.749174838460874,38.666482700440156,669.6815118009082,1357.9401284741837
2020-01-06 06:00:00+00:00,30.3,78.5,4.757641457269479,6.278861141455025,24.506163450790453,138.32760919557555,544.8367280327258
2020-01-06 06:00:00+00:00,30.5,78.7,0.5898471728259641,24.83300008559725,36.97400760685164,123.76158658225718,1226.1113332981215
2020-01-06 06:00:00+00:00,31.0,78.2,31.68248129319787,95.95117266310817,185.0105220272637,427.6625639741026,801.6919364528956
2020-01-06 06:00:00+00:00,30.1,78.3,2.623613657609799,12.24144606543481,25.524254100527244,101.97689149971488,574.4295274078124
2020-01-06 06:00:00+00:00,31.2,78.6,11.648790507793436,15.08619502965896,29.5698253160983,295.05245791618785,982.749632884543
2020-01-06 06:00:00+00:00,30.8,79.2,23.55369912463231,96.72202470173667,192.17630141615996,369.63673079769103,1020.5525765191412
2020-01-06 06:00:00+00:00,30.7,78.9,8.518799465781653,22.574969476006498,45.49076180252139,153.03338454979837,1782.6795890028213
2020-01-06 07:00:00+00:00,30.1,78.3,1.958610159818412,9.752320737186688,18.857316386746298,100.18347054913272,569.5305687566965
2020-01-06 07:00:00+00:00,30.7,78.9,4.498698441739146,19.739791340176644,43.27230334043586,145.52755051139175,1736.2284404733464
2020-01-06 07:00:00+00:00,31.0,78.2,26.729103026877187,94.22186768566928,177.1747604431562,452.5300050729075,790.4719092791725
2020-01-06 07:00:00+00:00,31.2,78.6,6.174436124842629,20.956224156663133,33.39122057961991,287.1490581749595,986.3506475542731
2020-01-06 07:00:00+00:00,30.3,78.5,0.573222933002138,5.534434031282793,13.912127269098963,135.0768337626227,529.6183641675141
2020-01-06 07:00:00+00:00,29.9,78.9,6.094809200810151,25.71159642958792,42.32440992214343,610.0592048399341,1340.1368051961615
2020-01-06 07:00:00+00:00,30.8,79.2,15.592751315992288,68.19801261227258,177.54810632992775,375.48871480220214,1023.9868999557394
2020-01-06 07:00:00+00:00,30.5,78.7,10.502043809774612,34.637946686798685,44.980598146127825,128.19573443894788,1187.421012726995
2020-01-06 08:00:00+00:00,30.7,78.9,17.674782626433206,30.69228053395399,59.506804631104785,155.4134958704886,1711.540308738774
2020-01-06 08:00:00+00:00,30.5,78.7,11.21844109028711,22.310332072887697,53.982889168858975,134.49709211982326,1159.3327639126
2020-01-06 08:00:00+00:00,29.9,78.9,11.97388806309165,33.922209718595276,53.532689648039565,547.1868401966716,1345.4704531860332
2020-01-06 08:00:00+00:00,30.8,79.2,18.285626826625084,57.43207726724968,161.68675052739442,390.2441542386602,1041.4524817646916
2020-01-06 08:00:00+00:00,31.0,78.2,31.444920703770578,89.85650502384564,182.78771406393682,469.77957842273986,780.8391970810762
2020-01-06 08:00:00+00:00,31.2,78.6,9.664279779535235,27.4875064121713,37.828563305819216,286.6628232969267,993.3902383509993
2020-01-06 08:00:00+00:00,30.3,78.5,5.894528028299832,11.225392418571449,16.970179225153544,140.00797959596696,528.6762236321739
2020-01-06 08:00:00+00:00,30.1,78.3,4.353943309155001,8.936167126583214,20.51900945745333,102.33702145914731,568.0015639164251
2020-01-06 09:00:00+00:00,30.7,78.9,2.2788783037792855,24.452359371951623,47.02732884795815,142.4855564842302,1677.9112371955111
2020-01-06 09:00:00+00:00,29.9,78.9,3.505785216394096,21.5744824802959,51.323657318756766,471.43034174880876,1347.9668392343438
2020-01-06 09:00:00+00:00,30.8,79.2,17.729186789336232,51.607564931953604,148.32958963369026,405.4492991430904,1055.7558928029703
2020-01-06 09:00:00+00:00,31.0,78.2,32.199720328777126,90.37374405942491,186.32491672253306,498.46845600582384,783.9962881923852
2020-01-06 09:00:00+00:00,30.3,78.5,4.7620886073407735,11.229839568642744,17.508700710097763,134.28633637182267,529.8011067369195
2020-01-06 09:00:00+00:00,30.1,78.3,1.6598866190613346,7.972440088034751,20.213886153469552,101.26903418149955,560.7190118337713
2020-01-06 09:00:00+00:00,31.2,78.6,5.137628163097815,20.97634406747568,36.06253909713464,281.18563318036234,990.9988264191367
2020-01-06 09:00:00+00:00,30.5,78.7,2.6555402737597196,24.37602517382145,49.20902525941868,123.08804654558193,1112.395699225412
2020-01-06 10:00:00+00:00,30.3,78.5,13.578915702215392,24.235532337856,29.769966369138782,145.3377320393585,541.0240754145777
2020-01-06 10:00:00+00:00,30.7,78.9,5.354663101868353,25.308324032080833,45.048115372257506,140.81595768244682,1644.812923708833
2020-01-06 10:00:00+00:00,31.2,78.6,5.010350091210079,19.81225803384313,40.76848219050626,277.79559935171517,995.0898618129644
2020-01-06 10:00:00+00:00,30.8,79.2,20.63984553837738,56.654659154338695,124.85267176661128,415.76704528851224,1074.3515550972552
2020-01-06 10:00:00+00:00,29.9,78.9,3.2264369555916472,18.706110235077393,44.41770666466532,390.5166952895009,1349.8352866786224
2020-01-06 10:00:00+00:00,30.5,78.7,7.192348117299396,21.066329481346237,55.7042761681449,128.3151713315545,1075.632090248441
2020-01-06 10:00:00+00:00,30.1,78.3,2.516638817343427,8.530468745559766,18.28278948274645,103.04415491934606,550.6608149580351
2020-01-06 10:00:00+00:00,31.0,78.2,29.64685764953237,93.29149868208009,187.51336636774934,524.6917088996706,789.0401067223411
2020-01-06 11:00:00+00:00,30.7,78.9,11.35310782756312,18.986649233210745,49.67892976716476,147.35277402908875,1615.408279854335
2020-01-06 11:00:00+00:00,30.1,78.3,3.042590274020128,7.219115710424893,16.1552828370081,104.04761077972762,546.8823250739499
2020-01-06 11:00:00+00:00,30.8,79.2,33.49481307471169,71.86384540242531,129.29592266967498,447.2956382918569,1099.617423277093
2020-01-06 11:00:00+00:00,31.0,78.2,29.744595516983473,91.59117349529299,181.4476785191386,550.1734851278011,799.5891544678765
2020-01-06 11:00:00+00:00,31.2,78.6,8.657515690973629,18.805493945281523,46.293000357452826,272.002301223458,1000.5647104264818
2020-01-06 11:00:00+00:00,30.3,78.5,3.7480228509264975,22.089027160482665,33.3144195790541,145.2627517645054,540.112237496924
2020-01-06 11:00:00+00:00,30.5,78.7,2.425500308767914,12.27338869982704,34.58372077271471,123.17051507391382,1036.978147055764
2020-01-06 11:00:00+00:00,29.9,78.9,3.044205229466014,9.776427401451757,43.69863712004703,318.541025987498,1349.8120955842312
2020-01-06 12:00:00+00:00,29.9,78.9,9.402935658411026,15.673577843468689,37.24806032376458,265.97847912944366,1356.5355656365496
2020-01-06 12:00:00+00:00,31.2,78.6,4.684819861454759,18.352685643638466,39.329029711114146,267.43172015637083,998.8817896512841
2020-01-06 12:00:00+00:00,30.3,78.5,12.253333537609953,29.58027209075184,40.81011165939458,150.57109201154736,548.5793611910198
2020-01-06 12:00:00+00:00,30.8,79.2,41.209968604653746,95.34462721774281,146.95219214969643,459.60799043274574,1132.3742174920444
2020-01-06 12:00:00+00:00,30.1,78.3,3.571418544641536,9.130647636005094,17.10308772403984,95.5918426193157,546.1083402122201
2020-01-06 12:00:00+00:00,30.5,78.7,4.082971094365411,13.70081952043273,38.07684469425416,119.26566838889957,999.7997466903557
2020-01-06 12:00:00+00:00,30.7,78.9,1.6236788161341247,18.331449745565582,42.78380911751724,141.48657259496923,1573.1148043749592
2020-01-06 12:00:00+00:00,31.0,78.2,34.46138096677603,93.85283413329188,184.22657819271677,574.9669415170721,819.2473016354141
2020-01-06 13:00:00+00:00,31.0,78.2,25.244347012190293,89.45032349594982,182.74182217802985,597.561563787843,835.8722572869015
2020-01-06 13:00:00+00:00,30.1,78.3,4.379276756352963,10.99328557501463,19.52375432057439,98.95200980103922,549.2939446455613
2020-01-06 13:00:00+00:00,30.5,78.7,1.0683481999258764,7.576819603059212,28.64314908440543,113.19978630532239,961.0696405541776
2020-01-06 13:00:00+00:00,30.7,78.9,5.040107137657451,18.016893781354682,43.32521781343554,143.0471307081251,1539.7333598722505
2020-01-06 13:00:00+00:00,30.3,78.5,6.072604484380346,22.0739608729168,46.309493210772786,124.28212561697718,548.4689465404502
2020-01-06 13:00:00+00:00,29.9,78.9,1.2196600738262293,13.666800961703268,32.372911196780656,211.5567160064819,1348.6330649301071
2020-01-06 13:00:00+00:00,30.8,79.2,55.58536682109135,130.29014850045678,186.94480765479545,512.3918337058311,1185.8255964101186
2020-01-06 13:00:00+00:00,31.2,78.6,7.161961725549553,20.50429727797794,40.31655531182107,257.78764938682286,991.9955729939595
2020-01-06 14:00:00+00:00,30.3,78.5,14.836080073064313,33.16201809505461,55.251045255537264,133.52270348119964,560.0213857733186
2020-01-06 14:00:00+00:00,30.1,78.3,10.965409961239224,18.916105262233728,26.13522097265861,108.21698089152281,550.1225462639462
2020-01-06 14:00:00+00:00,30.8,79.2,56.043341786164014,152.8386772119091,224.7025226143344,566.443388524716,1237.8175478084518
2020-01-06 14:00:00+00:00,30.7,78.9,10.015521786231842,16.679307740023404,35.665956973234174,142.51867488424392,1516.273042901344
2020-01-06 14:00:00+00:00,30.5,78.7,4.1243091710726665,9.275628465363965,21.549017165190982,110.51887895200231,940.145390444275
2020-01-06 14:00:00+00:00,29.9,78.9,5.2397066867243405,15.862302418961594,25.63872982041335,180.60424357849303,1352.0284592390249
2020-01-06 14:00:00+00:00,31.2,78.6,1.8673618001225007,13.714143387126812,32.51963733240834,234.64576533255283,986.8204525889332
2020-01-06 14:00:00+00:00,31.0,78.2,25.353367112691306,85.05909509165764,176.65026858695057,612.2403633000322,851.2656317562686
2020-01-06 15:00:00+00:00,31.2,78.6,2.05005911026757,11.079382635939623,29.43206827957809,211.05034087248185,983.2428147348371
2020-01-06 15:00:00+00:00,29.9,78.9,24.241906944128612,30.70127370467918,46.374851548147866,177.0390217724869,1370.6176160018297
2020-01-06 15:00:00+00:00,30.1,78.3,0.3245857487683852,15.669272466360576,24.79992010236566,106.82250259303267,548.8455857363394
2020-01-06 15:00:00+00:00,31.0,78.2,23.85293900871223,74.45065313359385,168.3034872668857,622.8366781401811,868.3929910244782
2020-01-06 15:00:00+00:00,30.5,78.7,3.619408439856403,8.812065810854957,22.512885331287666,113.22422477004598,921.0257089909865
2020-01-06 15:00:00+00:00,30.3,78.5,31.81698968389115,52.72567424133581,82.30594633208764,160.5580959664867,584.7220268520364
2020-01-06 15:00:00+00:00,30.8,79.2,63.5408864140981,175.16959502135347,270.5142222390963,620.9864552552524,1297.2164126174523
2020-01-06 15:00:00+00:00,30.7,78.9,15.61439144978132,30.670020373670596,49.00147011923621,152.35343168019028,1498.003897437605
2020-01-06 16:00:00+00:00,30.8,79.2,71.61723776932935,191.20146596959145,321.49161447004826,687.0520144562274,1366.6515110589066
2020-01-06 16:00:00+00:00,31.0,78.2,21.846676418276015,71.05298253967956,160.50330603562935,626.8451895303665,874.5092435390482
2020-01-06 16:00:00+00:00,30.3,78.5,32.72347378571715,79.37654354267261,101.45050441558939,186.46679140014544,605.1367918471752
2020-01-06 16:00:00+00:00,30.5,78.7,4.107299875861826,11.851017486790905,19.427837089850097,115.82483018840246,908.475788230568
2020-01-06 16:00:00+00:00,30.1,78.3,2.9526581831976646,14.242653893205278,25.235939468219897,106.32492370337685,547.1938509977464
2020-01-06 16:00:00+00:00,31.2,78.6,5.6698442642366205,9.58726517462669,30.09156245260463,190.35095908071173,983.2088743418915
2020-01-06 16:00:00+00:00,29.9,78.9,17.58848388812776,47.07009751898072,60.73689848068398,175.50666775280655,1379.8791220354037
2020-01-06 16:00:00+00:00,30.7,78.9,9.461675242094014,35.09158847810716,53.108482259461866,161.51981464830172,1486.7380394131308
2020-01-06 17:00:00+00:00,30.7,78.9,0.9330591364178762,26.009125828293193,42.688433568316626,159.13148835021659,1456.9150210722632
2020-01-06 17:00:00+00:00,30.5,78.7,0.7886511295075037,8.515359445225743,17.79098791058969,114.16834072828203,890.7238627387529
2020-01-06 17:00:00+00:00,30.3,78.5,43.66094790479937,108.20141137440768,141.3634294694623,224.61015723206157,643.9691588716702
2020-01-06 17:00:00+00:00,31.0,78.2,22.268704080261323,67.96831950724959,153.0274145989072,638.282714258583,888.5975889307521
2020-01-06 17:00:00+00:00,30.8,79.2,76.09643017483742,211.25455435826487,364.093231570174,754.3800710542868,1429.6135701458402
2020-01-06 17:00:00+00:00,31.2,78.6,6.938966375577483,14.658869750081674,28.373013137208485,169.07766962362481,986.6012069913608
2020-01-06 17:00:00+00:00,29.9,78.9,14.265927066118246,56.09631789837462,71.95862031733621,171.040140070435,1388.56168252997
2020-01-06 17:00:00+00:00,30.1,78.3,2.900142311557453,6.177386243523506,25.093491505757225,107.25701134295907,540.3283954955064
2020-01-06 18:00:00+00:00,30.8,79.2,76.07064137652787,223.78430932069463,398.9539043420481,828.2827698274316,1492.3749536690602
2020-01-06 18:00:00+00:00,31.2,78.6,12.363143309132122,24.971953948946222,36.051336584885846,161.8609302256185,997.6078908679178
2020-01-06 18:00:00+00:00,30.7,78.9,3.58363334722393,13.978367725735804,44.64838809940643,162.3167082373008,1428.9377160928036
2020-01-06 18:00:00+00:00,31.0,78.2,10.34055179146335,54.4559322900007,128.90658542359452,636.8355387391254,894.0234465779489
2020-01-06 18:00:00+00:00,30.5,78.7,3.5039998730273245,8.399950878396664,17.2120166892516,117.09752596738451,882.3038855496502
2020-01-06 18:00:00+00:00,29.9,78.9,24.33157589726764,56.18598685151365,86.88726055619283,188.71789573889856,1402.8289641981646
2020-01-06 18:00:00+00:00,30.1,78.3,10.643005787424245,16.495806282179366,32.16507874853993,108.95451187455441,550.0703024449326
2020-01-06 18:00:00+00:00,30.3,78.5,47.166960004213664,123.55138169473017,176.27705593606598,267.9734376109921,687.0782442729003
2020-01-06 19:00:00+00:00,30.7,78.9,7.812780481489266,12.329472965131057,47.421061443238244,163.25760136268588,1398.430375033072
2020-01-06 19:00:00+00:00,29.9,78.9,24.765690684344417,63.363193647730306,110.43329116671102,207.75822226241897,1414.2510584546892
2020-01-06 19:00:00+00:00,30.5,78.7,5.0926427174799915,9.385293720014829,21.236311206805713,118.91436787920955,873.9826586426652
2020-01-06 19:00:00+00:00,30.1,78.3,7.797205685986086,21.34035378496779,35.583007678173054,109.18869610500536,556.5106158278368
2020-01-06 19:00:00+00:00,30.3,78.5,49.48901928882674,140.31692719783976,219.69347074051237,312.505957855282,730.8125094005462
2020-01-06 19:00:00+00:00,31.2,78.6,11.058831976002633,30.360941660712236,39.94820683533893,157.62391973295468,1008.0956712973167
2020-01-06 19:00:00+00:00,30.8,79.2,64.91865944552207,217.08573099688738,408.28719696647886,888.4200973769861,1548.9360692763923
2020-01-06 19:00:00+00:00,31.0,78.2,8.935384855269938,41.54464072699462,112.59762326667416,632.2941434522617,897.2330383901508
2020-01-06 20:00:00+00:00,31.2,78.6,2.665112780030664,26.087088065165418,40.74595781524709,152.0143272331606,1009.5367044923634
2020-01-06 20:00:00+00:00,30.3,78.5,55.6054559623131,152.2614352553535,260.4628466297612,362.9390115500714,784.6191435117021
2020-01-06 20:00:00+00:00,30.7,78.9,5.06612548509143,16.462539313804612,42.471665142097834,162.29377512270062,1364.7682552812394
2020-01-06 20:00:00+00:00,30.1,78.3,10.089712555049433,28.529924028459767,34.70731027198326,116.66683928193665,563.987528776154
2020-01-06 20:00:00+00:00,30.5,78.7,0.9127795188445514,9.509422109351878,18.0247815545776,116.33244991333655,863.3667485373003
2020-01-06 20:00:00+00:00,30.8,79.2,58.50316068283926,199.4924615048892,410.74701586315405,938.2342910536603,1594.6318908078479
2020-01-06 20:00:00+00:00,29.9,78.9,32.94226296531335,82.03952954692541,138.13584744530002,239.44128067097614,1427.7651150174456
2020-01-06 20:00:00+00:00,31.0,78.2,10.828352269490859,30.10428891622416,98.07260842347371,622.6671638848154,904.195596005204
2020-01-06 21:00:00+00:00,30.3,78.5,59.9738906282491,165.06836587938895,288.6197475741191,421.11958093029904,844.1903245028956
2020-01-06 21:00:00+00:00,30.1,78.3,4.478043669021073,22.364961910056596,38.86076819223595,113.58501262592625,566.5006148966639
2020-01-06 21:00:00+00:00,30.5,78.7,8.09030861348919,14.095730849813743,22.495681728210386,123.44500172683657,856.4394190567232
2020-01-06 21:00:00+00:00,31.2,78.6,4.426520289560379,18.150465045593677,43.1224189945399,149.68050381307884,1011.9187247505334
2020-01-06 21:00:00+00:00,30.7,78.9,6.2264368736931734,19.105342840273853,33.08371056600969,165.45761082891028,1322.780773514347
2020-01-06 21:00:00+00:00,30.8,79.2,51.22600462005336,174.64782474841468,398.43213406910934,978.5675506538082,1627.5632666608858
2020-01-06 21:00:00+00:00,31.0,78.2,4.149341289043731,23.91307841380454,78.36901070380522,606.3048280341778,907.6149897615243
2020-01-06 21:00:00+00:00,29.9,78.9,33.10614833340681,90.81410198306457,147.0000888345782,268.46711910336893,1434.8131581558714
2020-01-06 22:00:00+00:00,30.8,79.2,41.49161408042482,151.22077938331745,368.3065103802048,1005.2327902870186,1639.083153767011
2020-01-06 22:00:00+00:00,31.2,78.6,0.4299335482717646,7.521566617862807,37.882508278575045,142.60873200807106,1009.5693311775232
2020-01-06 22:00:00+00:00,30.1,78.3,5.010984741148722,19.578740965219232,40.91909475018701,111.48514430334079,570.8987076853227
2020-01-06 22:00:00+00:00,31.0,78.2,12.727777789402852,27.705471347937454,69.25011207493205,588.8446404412975,917.9357787694763
2020-01-06 22:00:00+00:00,30.3,78.5,60.27574236289479,175.855088953457,316.17201615129676,475.5603426401101,897.2068542355227
2020-01-06 22:00:00+00:00,30.5,78.7,7.8193449974501075,16.82243312978386,26.207726849798668,126.91704907520784,838.3398550019975
2020-01-06 22:00:00+00:00,30.7,78.9,5.575380955099443,16.86794331388403,29.19741627901512,169.45509445624316,1276.7347243762226
2020-01-06 22:00:00+00:00,29.9,78.9,30.559328820768574,96.60774011948872,159.97093376721904,289.8473106113181,1438.4358592159676
2020-01-06 23:00:00+00:00,30.5,78.7,3.6492555617641025,19.55890917270341,29.06833128205527,125.32736073350124,794.933462148805
2020-01-06 23:00:00+00:00,30.3,78.5,49.18784226020528,169.43747525134918,321.6989105067027,523.8737873636975,943.7047002949303
2020-01-06 23:00:00+00:00,30.1,78.3,1.8243319691133901,11.313360379283187,39.84328440774295,108.34707525591148,566.1206550543019
2020-01-06 23:00:00+00:00,31.0,78.2,2.9246981329212063,19.801817211367805,49.90610612759193,563.3950527645906,916.4936484509624
2020-01-06 23:00:00+00:00,30.8,79.2,36.75187853054385,129.46949723102205,328.9619587359112,1016.7410347541708,1644.2622584684677
2020-01-06 23:00:00+00:00,31.2,78.6,5.383723008907892,10.240176846740034,36.32726491190546,145.29374792219886,1003.3687479000453
2020-01-06 23:00:00+00:00,29.9,78.9,27.551741864186724,91.2172190183621,173.2567485652875,312.51834146634917,1432.9414023166496
2020-01-06 23:00:00+00:00,30.7,78.9,1.2392291345678679,13.041046963360468,29.50358627716511,164.8369927953552,1231.1270394618166
2020-01-07 00:00:00+00:00,31.2,78.6,0.9941297945664795,6.8077863517461354,24.958251397339815,129.9084430094381,993.6391646814371
2020-01-07 00:00:00+00:00,30.3,78.5,43.2751875124183,152.73877213551836,317.8071380149073,559.4004690611584,971.6449026120648
2020-01-07 00:00:00+00:00,30.8,79.2,31.433810526395316,109.67730313736398,284.32512788577867,1022.4075257936831,1639.283311099453
2020-01-07 00:00:00+00:00,31.0,78.2,1.434725201627715,17.087201123951786,41.0002795377563,539.1439651813313,912.2237062962341
2020-01-07 00:00:00+00:00,30.5,78.7,7.29081172688425,18.759412286098467,32.85514313591219,125.11801212626959,738.8935579809122
2020-01-07 00:00:00+00:00,30.1,78.3,0.6990019836572928,7.534318693919408,29.899280603975996,104.69170117708302,562.523889041298
2020-01-07 00:00:00+00:00,30.7,78.9,3.115837750361062,9.930447840028357,29.035790680302245,161.95874969974727,1191.7271106393446
2020-01-07 00:00:00+00:00,29.9,78.9,20.062905403734973,78.17397608869027,168.98807807175484,331.7898816521524,1418.9146359734004
2020-01-07 01:00:00+00:00,30.8,79.2,23.471945893969064,91.65763495090823,242.87841433422568,1015.6585252854277,1620.5927777299114
2020-01-07 01:00:00+00:00,31.2,78.6,14.032166079445389,20.410018882919758,27.931585500782568,141.58756822756249,1000.770969229029
2020-01-07 01:00:00+00:00,30.3,78.5,39.50982743407894,131.9728572067025,307.8279461601595,587.7430373805437,1010.1031670630642
2020-01-07 01:00:00+00:00,31.0,78.2,3.6884694452845164,8.047892779833452,35.75336412777088,508.2675700156311,912.5499302821256
2020-01-07 01:00:00+00:00,29.9,78.9,22.885442035645926,70.50008930356762,167.10782942305636,352.2384417086915,1407.2038472384438
2020-01-07 01:00:00+00:00,30.7,78.9,10.98051599739096,15.335582882319873,32.20352619620394,166.2221087933136,1160.5331715989855
2020-01-07 01:00:00+00:00,30.1,78.3,4.700360852407696,7.223694805178383,26.802435770397608,100.76651415589134,563.9251412196182
2020-01-07 01:00:00+00:00,30.5,78.7,3.036771189788503,13.976838478436864,30.799271608220707,125.65933004555967,665.1551793369437
2020-01-07 02:00:00+00:00,30.8,79.2,23.015011146042482,77.92076756640687,207.39026479742887,1004.5265538023118,1601.006058071891
2020-01-07 02:00:00+00:00,30.1,78.3,4.772446891074988,10.17180972713998,21.485170106423162,102.84671080851837,562.3601798046575
2020-01-07 02:00:00+00:00,31.0,78.2,0.5126589971352554,5.6358536440475016,25.437670855415277,482.9482619297764,905.9769653430733
2020-01-07 02:00:00+00:00,29.9,78.9,10.748249801423333,53.69659724080424,144.91381625916634,362.22108317291924,1384.5259581251119
2020-01-07 02:00:00+00:00,30.7,78.9,5.3404666398313,19.436820387583303,32.477867350943804,170.1222940973806,1123.0600609643914
2020-01-07 02:00:00+00:00,31.2,78.6,8.086053616871318,23.112349490883183,33.352526337623225,144.44668479109788,1006.9112943597651
2020-01-07 02:00:00+00:00,30.3,78.5,25.3055828971429,108.09059784364014,277.52807309498934,610.2121442054413,1028.9329945711236
2020-01-07 02:00:00+00:00,30.5,78.7,2.614620514010795,12.942203430683557,32.50111260338695,126.05780049201451,593.8239671449509
2020-01-07 03:00:00+00:00,30.7,78.9,4.011432421460557,20.3324150586828,30.26286289871119,159.37537243191525,1089.752682198839
2020-01-07 03:00:00+00:00,30.1,78.3,2.5385950498696053,12.011402793352293,19.545721487271692,103.42029593534288,561.756775453038
2020-01-07 03:00:00+00:00,31.0,78.2,0.48825505293454086,4.689383495354327,21.776584619306085,454.77399931253007,905.7426447552234
2020-01-07 03:00:00+00:00,31.2,78.6,5.748324463404218,27.866544159720924,34.67433051146706,143.2913568827197,996.830459214647
2020-01-07 03:00:00+00:00,29.9,78.9,7.542951772816009,41.176643609885275,119.35061969857554,364.0492174000584,1335.4237554899964
2020-01-07 03:00:00+00:00,30.3,78.5,17.012815974823397,81.82822630604524,234.5669984415636,623.0013930578681,1038.5006403510433
2020-01-07 03:00:00+00:00,30.5,78.7,4.086668572285879,9.738060276085186,28.497472562183635,122.71506488110036,534.2125455193077
2020-01-07 03:00:00+00:00,30.8,79.2,22.45492073208742,68.94187777209896,178.61918090946295,995.8951268513588,1578.8005817719622
2020-01-07 04:00:00+00:00,30.8,79.2,11.700019825795042,57.16995170392494,148.82758665483317,963.4783832716976,1555.4953438827117
2020-01-07 04:00:00+00:00,30.3,78.5,11.731960812497679,54.05035968446398,186.0232168911665,633.4157038271915,1048.2222098041923
2020-01-07 04:00:00+00:00,31.2,78.6,14.810884010679096,28.64526209095463,49.055280973874396,157.79783389556033,1009.5240157822459
2020-01-07 04:00:00+00:00,30.5,78.7,1.9320819432007428,8.633371029497425,22.61020950793427,123.95004961572793,483.6297144873566
2020-01-07 04:00:00+00:00,30.7,78.9,1.5571744000925414,10.90907346138438,26.24465634370429,153.59867025443876,1062.7788666716322
2020-01-07 04:00:00+00:00,29.9,78.9,14.368116949477475,32.65931852371682,103.15940782728444,368.2849467398528,1323.0197591743522
2020-01-07 04:00:00+00:00,30.1,78.3,5.061441778526875,12.372483719471472,19.596178524649847,104.0340022258032,545.7429391082889
2020-01-07 04:00:00+00:00,31.0,78.2,1.000122656858999,2.0010367069288093,10.048929486762233,427.315713965073,904.5466054620022
2020-01-07 05:00:00+00:00,30.3,78.5,12.816848038030276,41.56162482535135,149.65222266899147,646.0289822242106,1056.58501210698
2020-01-07 05:00:00+00:00,30.5,78.7,2.199496033102388,8.218246548589018,21.160449979272556,102.60348994463223,443.2832946001272
2020-01-07 05:00:00+00:00,31.0,78.2,4.579519151408747,6.067896861202302,11.703750505249774,396.0849497508875,901.3876077201337
2020-01-07 05:00:00+00:00,29.9,78.9,5.555052894048323,27.466121616341805,81.16271885714605,370.0767248598168,1305.654618187514
2020-01-07 05:00:00+00:00,30.7,78.9,2.036171243035101,7.6047780645881815,27.04159845217152,148.91254806481803,1043.666969361448
2020-01-07 05:00:00+00:00,30.8,79.2,14.192213145510978,48.34715370339344,126.2679212698003,948.6190342455604,1535.5400197403749
2020-01-07 05:00:00+00:00,31.2,78.6,18.36918092564732,38.928389399730634,62.040738890613824,173.03401729718058,1021.3694719865983
2020-01-07 05:00:00+00:00,30.1,78.3,2.6788285012221253,10.27886532961861,20.45067505675858,101.54273380726686,544.7388864999991
2020-01-07 06:00:00+00:00,31.0,78.2,5.309377862772756,10.889019671040515,15.578403166394814,369.7118463204624,903.2124367262174
2020-01-07 06:00:00+00:00,30.7,78.9,4.615887238114735,8.20923288124236,28.541647939925195,145.0096358371511,1027.1651299029556
2020-01-07 06:00:00+00:00,30.1,78.3,2.2425462135580845,9.982816493307089,21.994219286659373,101.16166636321515,540.1681042544021
2020-01-07 06:00:00+00:00,30.5,78.7,8.339592167782019,12.471170144085159,22.20923042017033,110.35323493958828,418.53420360871104
2020-01-07 06:00:00+00:00,29.9,78.9,2.1526660674647906,22.075835910990588,63.25247952087586,356.3758784725881,1289.5568027801298
2020-01-07 06:00:00+00:00,30.3,78.5,15.244141310773259,39.79295016130121,121.62117646734646,656.5154820777143,1060.1238055190388
2020-01-07 06:00:00+00:00,31.2,78.6,34.84447239110132,68.02453732742774,95.89108148714865,196.22969918048847,1054.2165308044114
2020-01-07 06:00:00+00:00,30.8,79.2,3.1172956480646605,29.00952861937068,97.95140639146965,928.1826307689928,1510.4315316868538
2020-01-07 07:00:00+00:00,30.3,78.5,7.043778692772291,35.104768041575824,89.15512772603981,662.9860378374844,1053.9673325942451
2020-01-07 07:00:00+00:00,30.1,78.3,0.10626484565573152,5.0276395604359445,17.400123279907408,99.30932104905247,528.6335739193945
2020-01-07 07:00:00+00:00,31.2,78.6,36.417836051661645,89.63148936841029,118.27675145936492,226.47309910730746,1085.0798707663312
2020-01-07 07:00:00+00:00,31.0,78.2,5.374292878674701,15.263189892856218,17.264226599784998,348.3570361722599,896.1864671377742
2020-01-07 07:00:00+00:00,29.9,78.9,3.0034127607080063,10.71113172222112,43.37045024593794,353.2844820324859,1279.009720486607
2020-01-07 07:00:00+00:00,30.8,79.2,5.132946476613943,22.442455270189583,79.61240697411452,917.7228259296145,1493.8502717364283
2020-01-07 07:00:00+00:00,30.5,78.7,0.26570593106865986,10.804794131953075,19.438165161450485,100.11689706088234,384.60128929498296
2020-01-07 07:00:00+00:00,30.7,78.9,0.5808197419312899,7.232878223081108,18.141951684465525,141.09175713734325,1016.006769513636
2020-01-07 08:00:00+00:00,31.0,78.2,0.35342400487048514,11.037094746317955,17.10499160752023,317.2655394733598,892.5888851389172
2020-01-07 08:00:00+00:00,29.9,78.9,4.884655231079665,10.040734059252461,37.50685567559427,346.195249200474,1272.7574294324731
2020-01-07 08:00:00+00:00,30.7,78.9,3.4480307969534256,8.644737776999433,16.24951584158765,126.86500530786347,1011.6452496467485
2020-01-07 08:00:00+00:00,31.2,78.6,43.084009984085704,114.34631842684865,153.27470782657932,259.89282931185795,1109.0787466298464
2020-01-07 08:00:00+00:00,30.8,79.2,3.9361895616165814,12.186431686295185,60.533585389688625,903.373388664606,1478.0964869703173
2020-01-07 08:00:00+00:00,30.1,78.3,0.9518016573946344,3.300612716608454,13.579478046227054,95.90717939729211,507.7528928617219
2020-01-07 08:00:00+00:00,30.3,78.5,3.2602812066944535,25.548201210240002,67.10982603559134,660.3517910158791,1055.468485363406
2020-01-07 08:00:00+00:00,30.5,78.7,3.519453766779518,12.124751865630206,20.342998414219206,92.41790973737474,369.60368856805087
2020-01-07 09:00:00+00:00,30.7,78.9,2.7580711635452966,6.786921702429995,14.99615458367239,127.34419816762949,1007.4800900047171
2020-01-07 09:00:00+00:00,29.9,78.9,10.047759453028316,17.935827444815985,40.011663355806576,352.7372234371082,1269.1068706379767
2020-01-07 09:00:00+00:00,30.8,79.2,3.2619079666189412,12.331044004849467,41.340572624220144,888.9061098418887,1468.451367966305
2020-01-07 09:00:00+00:00,30.3,78.5,2.556326954128888,12.860386853595632,52.653337014896834,658.1460293626673,1051.6712044288377
2020-01-07 09:00:00+00:00,31.0,78.2,7.129056277496908,12.856773161042106,23.745792832082596,292.19487542207963,895.974676393125
2020-01-07 09:00:00+00:00,30.5,78.7,7.774492563767138,11.559652261615325,24.03082240570047,97.53686202738214,359.28756093962943
2020-01-07 09:00:00+00:00,30.1,78.3,4.5975902550957155,5.655656758146085,15.638473251453165,98.84488303332648,480.29716100988253
2020-01-07 09:00:00+00:00,31.2,78.6,47.984846092311685,127.48669212805905,195.51122945548676,302.7400472410718,1131.682521575763
2020-01-07 10:00:00+00:00,30.3,78.5,6.3480398003205085,12.16464796114385,47.269416002719666,650.9151534607723,1052.5590447199365
2020-01-07 10:00:00+00:00,29.9,78.9,2.212878607131295,17.145293291239277,27.856425013460395,351.7236650886478,1264.395745676791
2020-01-07 10:00:00+00:00,31.2,78.6,45.52350515896284,136.59236123536022,226.22385060377053,343.25320230882454,1138.9318587061005
2020-01-07 10:00:00+00:00,30.8,79.2,2.9284867004343114,10.126584228669834,32.56903949885942,871.1947510039457,1461.909825455862
2020-01-07 10:00:00+00:00,30.1,78.3,9.51679209232598,15.066184004816334,20.093823565252272,105.84503630830903,454.66884505215137
2020-01-07 10:00:00+00:00,30.7,78.9,10.516305605036361,16.722407565535065,23.95528578861621,132.50584067079748,1009.5525514424061
2020-01-07 10:00:00+00:00,31.0,78.2,7.731627539794164,15.21410782216157,30.477297715017762,270.2796453123414,902.901309175028
2020-01-07 10:00:00+00:00,30.5,78.7,7.656860941466374,18.95080727201304,29.755601403966097,98.00137485154913,359.1461698962006
2020-01-07 11:00:00+00:00,30.5,78.7,3.6096944361545447,19.041047941388065,31.165799807018256,99.18556897893578,356.5100074172853
2020-01-07 11:00:00+00:00,30.3,78.5,2.096007178227176,11.000373932676572,36.54857514291657,649.263137788073,1049.3436608146285
2020-01-07 11:00:00+00:00,30.7,78.9,2.106550888576634,15.380927657158274,24.025665434157744,123.25928373181101,1005.0362918350779
2020-01-07 11:00:00+00:00,30.1,78.3,3.408259670435119,17.522642017856818,20.823254734465262,106.21070570472402,419.45558890637784
2020-01-07 11:00:00+00:00,30.8,79.2,13.506869735013476,19.69726440206673,31.883696088361916,851.2068076642474,1469.5387066278488
2020-01-07 11:00:00+00:00,31.2,78.6,36.78842471837439,130.29677596964893,244.6430943964976,371.3841113362254,1141.5770413709647
2020-01-07 11:00:00+00:00,29.9,78.9,14.16985800192525,26.43049606208486,36.47123012133732,362.84931786110707,1273.9597001863272
2020-01-07 11:00:00+00:00,31.0,78.2,1.9499594975323296,16.810643314823416,27.847738061141346,242.48500929289023,900.7889318850483
2020-01-07 12:00:00+00:00,31.2,78.6,32.773200306516884,115.0851301838541,242.57182231191314,399.47249178128743,1139.903449239736
2020-01-07 12:00:00+00:00,30.7,78.9,10.639675472423946,23.262531966036924,30.049453668466953,132.2752803881008,1005.1141288426201
2020-01-07 12:00:00+00:00,30.8,79.2,0.3264803933411451,16.761836828788933,29.0928808336384,810.3233194529348,1465.149660433843
2020-01-07 12:00:00+00:00,30.1,78.3,3.4443402201452034,16.369391982906308,22.025048741052384,106.0836273802277,388.72438306991654
2020-01-07 12:00:00+00:00,29.9,78.9,15.357036585564083,31.739773194620625,49.67560063943661,368.80341878826016,1286.2065859694592
2020-01-07 12:00:00+00:00,30.5,78.7,25.22833189957454,36.49488727719547,48.05453953881077,120.33092978414489,361.4260525556803
2020-01-07 12:00:00+00:00,30.3,78.5,3.7358148503260318,12.179861828873717,25.04024868246934,640.7456191007891,1052.8897874429929
2020-01-07 12:00:00+00:00,31.0,78.2,4.692809916583521,14.37439695391003,27.231170114952107,212.71643824269773,899.1781696221663
2020-01-07 13:00:00+00:00,29.9,78.9,0.9787557087920002,30.50565029628133,47.65094358752061,368.56251442322593,1282.418537361423
2020-01-07 13:00:00+00:00,30.5,78.7,8.719110516792544,37.55713685252164,56.50794412453466,127.98169210101156,366.45618408314095
2020-01-07 13:00:00+00:00,30.3,78.5,2.685532775657795,8.517354804211003,20.682002765354845,637.3585473920666,1052.3459393740893
2020-01-07 13:00:00+00:00,30.1,78.3,8.279297764697967,15.131897655278292,30.198081660094616,109.98364838857269,362.9003133828014
2020-01-07 13:00:00+00:00,30.8,79.2,11.071881577517123,24.905231705871742,35.031815934541584,765.8098342093606,1475.2510219444896
2020-01-07 13:00:00+00:00,30.7,78.9,4.377813003696988,17.12403936469755,33.84644693023265,131.61298625414037,978.8246474388351
2020-01-07 13:00:00+00:00,31.0,78.2,1.0526247018506258,7.69539411596649,22.909501938128034,188.52471593235808,894.4103782400666
2020-01-07 13:00:00+00:00,31.2,78.6,20.96765712354754,90.52928214843881,227.12164338379904,413.27818717928545,1141.5116241894148
2020-01-07 14:00:00+00:00,29.9,78.9,0.6570575252318346,16.992849819587917,43.42334588167277,363.97986526173344,1282.2060481282251
2020-01-07 14:00:00+00:00,30.3,78.5,12.564830514069953,18.98617814005378,29.986552072730348,635.0872978330722,1062.8450444820674
2020-01-07 14:00:00+00:00,30.5,78.7,24.32453138543517,58.271973801802254,77.3130217431903,148.18191431537406,388.4454203789518
2020-01-07 14:00:00+00:00,31.2,78.6,11.219092244541097,64.95994967460553,195.25672564425443,422.62991762370405,1134.6301042828197
2020-01-07 14:00:00+00:00,30.1,78.3,2.317728846829234,14.041366831672406,31.564008849529216,101.33596727416271,343.3857450240061
2020-01-07 14:00:00+00:00,30.7,78.9,0.9372648176777143,15.954753293798628,31.33568095095694,122.53472928558624,930.3719349160037
2020-01-07 14:00:00+00:00,31.0,78.2,6.4036631104639605,12.14909772889812,28.959741043721507,169.57501193013073,899.6741255164673
2020-01-07 14:00:00+00:00,30.8,79.2,4.251530895687562,15.64989286654583,35.34715726861256,714.0180233188842,1475.2699788749771
2020-01-07 15:00:00+00:00,30.7,78.9,2.0945021207621086,7.409579942136792,30.672111908173754,109.01483995656702,870.0025917060068
2020-01-07 15:00:00+00:00,29.9,78.9,4.714749397453946,6.3505626314777786,38.09033582609841,344.45270771505875,1283.0418431447592
2020-01-07 15:00:00+00:00,31.0,78.2,0.2531157638898124,7.709403576204411,22.083800530114413,145.9751886853083,887.7347747551667
2020-01-07 15:00:00+00:00,30.3,78.5,2.1990286800052847,17.449391969733032,29.629253798606744,605.4693368291863,1059.1912156452902
2020-01-07 15:00:00+00:00,31.2,78.6,7.509762521945518,39.69651189003415,154.78164207388826,428.089621035382,1120.284424957448
2020-01-07 15:00:00+00:00,30.8,79.2,2.9034993010697296,18.226911774274416,34.98874860306335,653.3806362058558,1471.0539095007957
2020-01-07 15:00:00+00:00,30.1,78.3,6.529283465525737,17.126310077052942,33.495702059959235,107.54066499092006,337.03193364141293
2020-01-07 15:00:00+00:00,30.5,78.7,14.878698226805396,47.92234012903312,84.41722740622856,159.44120410232307,398.04679146612006
2020-01-07 16:00:00+00:00,29.9,78.9,3.9200268601894175,9.291833782875194,39.79748407915653,330.7842506871204,1282.8988128591216
2020-01-07 16:00:00+00:00,30.3,78.5,0.49832591663590203,15.26218511071114,23.779539914922136,573.2441889601051,1041.2218414856218
2020-01-07 16:00:00+00:00,30.5,78.7,27.363234048228193,66.56646366046877,104.12360051299038,182.69713827468942,423.778226380449
2020-01-07 16:00:00+00:00,30.8,79.2,1.3113932575125558,8.466423454269847,33.37165516014159,583.074791694039,1463.88368072438
2020-01-07 16:00:00+00:00,30.1,78.3,0.5022145405185331,9.349226852873507,24.48112450815179,105.09022134824092,331.72208740682373
2020-01-07 16:00:00+00:00,30.7,78.9,12.80082812678542,15.832595065225224,32.956634429922815,112.35399284125842,822.4401868105443
2020-01-07 16:00:00+00:00,31.0,78.2,0.8691812119544889,7.525960086308274,15.221354202274737,124.99769347898678,884.9845223502863
2020-01-07 16:00:00+00:00,31.2,78.6,4.429719669747662,23.158574436234275,113.68785658467309,426.84949644089306,1121.7777087114596
2020-01-07 17:00:00+00:00,30.1,78.3,2.0178730487989647,9.049371054843238,23.090737886515637,104.20795208548243,330.9506768031744
2020-01-07 17:00:00+00:00,31.2,78.6,8.729212362925944,20.668694554619123,85.62864422922465,428.6397424282415,1126.4003494460019
2020-01-07 17:00:00+00:00,30.8,79.2,4.413103462937632,8.627996021519916,24.277888888065746,511.3914649821392,1463.1424138631146
2020-01-07 17:00:00+00:00,30.7,78.9,2.5295635123747293,17.424893759922238,33.37964705372091,113.95049721721529,795.783423494473
2020-01-07 17:00:00+00:00,29.9,78.9,4.913193220637014,13.547969478280375,30.540819297868296,321.43151684163917,1282.05029647186
2020-01-07 17:00:00+00:00,30.5,78.7,30.79069431072481,73.03262658575841,131.30460038756064,212.69918145590674,453.73441381969394
2020-01-07 17:00:00+00:00,31.0,78.2,6.516818452400277,7.639115428244592,19.788213157142685,109.24580785112573,890.3118180982548
2020-01-07 17:00:00+00:00,30.3,78.5,10.051088810354116,12.748443406995303,31.734621547049077,539.6343298656598,1033.5407499924736
2020-01-07 18:00:00+00:00,30.7,78.9,11.347358259219583,26.677749898379712,34.087329840516546,121.71422212921092,789.6808162091826
2020-01-07 18:00:00+00:00,31.0,78.2,1.501074267417945,8.887073931772726,16.59647750797711,100.40633032708034,887.1626942772623
2020-01-07 18:00:00+00:00,29.9,78.9,5.252483123237856,14.085703204064286,20.436265835542066,302.3524240676094,1283.0679045290547
2020-01-07 18:00:00+00:00,30.8,79.2,4.358280499937411,10.082777220387598,28.30968899466201,439.67910410554873,1442.247646423808
2020-01-07 18:00:00+00:00,30.1,78.3,4.18524375231377,6.705331341631272,23.831641418684203,97.75019005037196,323.24385073535495
2020-01-07 18:00:00+00:00,30.3,78.5,8.033220416342779,18.582635143332798,36.03202711306582,500.50059027778894,1002.891175756833
2020-01-07 18:00:00+00:00,30.5,78.7,29.515109957840178,87.66903831679319,135.59137844582628,238.7102915407196,472.24255892400123
2020-01-07 18:00:00+00:00,31.2,78.6,2.9254477571887847,16.08437978986239,55.78089167989654,419.20204687629814,1120.4337370623155
2020-01-07 19:00:00+00:00,30.3,78.5,3.8777685631370318,21.962077789833927,37.224262900545064,454.8893395520992,964.1927554088486
2020-01-07 19:00:00+00:00,30.1,78.3,9.459767220519742,15.66288402163248,25.01211087450598,99.4127515849056,331.83933557534283
2020-01-07 19:00:00+00:00,30.5,78.7,36.13861766339463,96.44442193195962,163.0108855924284,269.7562664866342,506.0446070889173
2020-01-07 19:00:00+00:00,31.0,78.2,0.8369638543233865,8.854856574141623,16.38081666044987,92.30790932613378,886.2554251333222
2020-01-07 19:00:00+00:00,30.8,79.2,8.943410930696194,17.714794893571238,26.181218347841085,383.70385559072287,1443.9509809942801
2020-01-07 19:00:00+00:00,31.2,78.6,2.9186754218430875,14.573335541957816,37.73190997819209,411.06189032213865,1106.8300929460074
2020-01-07 19:00:00+00:00,29.9,78.9,0.8921512927230171,11.057827636597885,20.349661419473083,278.478884675988,1277.612109855587
2020-01-07 19:00:00+00:00,30.7,78.9,1.6449570965093894,15.52187886810368,31.354473933328944,115.54639874423106,774.8474649465309
2020-01-07 20:00:00+00:00,30.5,78.7,38.51720879857339,104.17093641980821,177.2035630055666,307.36069576636305,538.0136583598041
2020-01-07 20:00:00+00:00,29.9,78.9,7.14931445735154,13.293948873312413,26.84191835159279,252.68593616802616,1282.092144765111
2020-01-07 20:00:00+00:00,30.8,79.2,3.8348019672421616,17.136493397875768,25.764489419395684,329.0354968751258,1439.4557820638913
2020-01-07 20:00:00+00:00,30.3,78.5,3.2225351713848105,15.133524150864622,27.881967557859916,402.50641876117095,934.0874102521567
2020-01-07 20:00:00+00:00,31.2,78.6,2.5552718803537586,8.39939505938563,29.068089614004755,410.9520494224617,1092.7533053120892
2020-01-07 20:00:00+00:00,30.1,78.3,2.2088568780476003,15.853867850881116,24.903238905724347,91.53189590790377,321.4193691148253
2020-01-07 20:00:00+00:00,31.0,78.2,2.151235627550224,4.489273749291568,12.128389177536134,83.63079268419315,887.2559488272927
2020-01-07 20:00:00+00:00,30.7,78.9,1.8058515487560698,14.798166904485022,32.2230606644073,112.2861248078957,751.6494267852999
2020-01-07 21:00:00+00:00,30.7,78.9,5.171095712221237,8.621904357486677,35.29965425586643,111.23078364642376,726.9579204955526
2020-01-07 21:00:00+00:00,31.0,78.2,11.060989255910831,14.049188737784455,22.936262669557152,90.54244065106025,895.1505095147085
2020-01-07 21:00:00+00:00,30.5,78.7,40.105237057958036,114.76106351992607,202.43010183671925,339.3756242108319,576.2427202702523
2020-01-07 21:00:00+00:00,30.8,79.2,2.4292294805538086,15.207442378492166,25.290219598879766,280.2387217356262,1432.2307000487287
2020-01-07 21:00:00+00:00,30.1,78.3,8.110310722855756,19.7789348214231,26.484266163054365,95.16416296173847,327.59418511119895
2020-01-07 21:00:00+00:00,29.9,78.9,0.5495507871852886,8.591016537259845,22.676719741324135,220.12933862180466,1280.5222042540554
2020-01-07 21:00:00+00:00,31.2,78.6,13.725790880730864,19.19973818292771,35.2841179727901,420.2513200136322,1084.6850568708494
2020-01-07 21:00:00+00:00,30.3,78.5,4.365078757914655,11.465382492436497,30.048017635769288,346.8976068908365,916.9379934873258
2020-01-07 22:00:00+00:00,30.8,79.2,13.197551484571166,19.461582932367136,37.176377825938374,251.94465913977257,1440.1215242009623
2020-01-07 22:00:00+00:00,30.1,78.3,1.984210941081469,12.303378541984829,27.9662625636173,92.13738916167121,320.3354352868776
2020-01-07 22:00:00+00:00,30.7,78.9,6.851773201599706,13.828720462576992,29.350599330680716,112.50717589292402,696.1009055931428
2020-01-07 22:00:00+00:00,31.2,78.6,0.903849425356837,17.18491218644146,31.758247728399276,420.7252358907173,1065.2853275587906
2020-01-07 22:00:00+00:00,30.5,78.7,56.16084089811328,134.7832867546447,231.22770868660433,387.7171201114951,624.3028896797346
2020-01-07 22:00:00+00:00,29.9,78.9,18.196655342980403,25.895520587517233,36.95334822411512,207.76666514401649,1296.0817250073849
2020-01-07 22:00:00+00:00,31.0,78.2,7.760221060777036,20.972445944238103,29.827302518379703,85.57488392243444,898.0780901435452
2020-01-07 22:00:00+00:00,30.3,78.5,7.150819564196677,14.738433493496142,36.70051128333006,293.77268409213843,915.4799253502357
2020-01-07 23:00:00+00:00,30.8,79.2,2.378174766753712,18.004955731878688,35.14144912975445,217.5709553759824,1440.6101473620226
2020-01-07 23:00:00+00:00,30.5,78.7,52.84289885914214,149.10897681521345,253.27991323502164,436.9107634088731,673.1023490556207
2020-01-07 23:00:00+00:00,29.9,78.9,2.6988255308583446,21.445031661024032,34.73898053433645,182.9137488106881,1295.4461707349205
2020-01-07 23:00:00+00:00,31.2,78.6,3.4334668219836657,18.063107128071366,26.462502187456998,418.774979703793,1041.9948296711718
2020-01-07 23:00:00+00:00,31.0,78.2,4.359354870011968,23.180565186699848,27.66983893599139,87.0095406595252,898.982336635952
2020-01-07 23:00:00+00:00,30.3,78.5,13.893292634353172,25.409190956464503,40.542715107329116,258.4781344662863,915.2095999888207
2020-01-07 23:00:00+00:00,30.1,78.3,3.9300067700042867,14.024528433941516,29.87839628482262,94.2430639625621,312.33259438872085
2020-01-07 23:00:00+00:00,30.7,78.9,5.14815338935587,17.17102230317679,31.969189207661856,116.41610014771203,658.0637862652585
2020-01-08 00:00:00+00:00,31.0,78.2,3.357887350390575,15.477463281179592,29.526652018964022,88.93270280828806,898.4446273758577
2020-01-08 00:00:00+00:00,31.2,78.6,1.2295701954972962,5.566886442837799,24.76662462576551,419.0104201047239,1000.8361296424895
2020-01-08 00:00:00+00:00,30.3,78.5,14.084748092062533,35.12886029061238,46.59424278304887,229.28769504593052,927.8608835167013
2020-01-08 00:00:00+00:00,29.9,78.9,2.44435627773774,23.339837151576482,31.93085368883633,165.29519968469089,1293.940889419621
2020-01-08 00:00:00+00:00,30.8,79.2,5.2808484121761365,20.856574663501014,36.06401704199318,191.41799326176323,1439.7783846226816
2020-01-08 00:00:00+00:00,30.1,78.3,1.7820372582582293,7.696254969343988,27.475189790767082,95.32609923716304,312.9960567465841
2020-01-08 00:00:00+00:00,30.7,78.9,6.376609506551023,18.37653609750658,26.998440454993293,119.67687190390198,620.1924772350503
2020-01-08 00:00:00+00:00,30.5,78.7,51.8727253288383,160.87646508609373,275.63752860601977,481.49267701082715,715.4432812451311
2020-01-08 01:00:00+00:00,29.9,78.9,1.4859344341563367,6.629116242752418,32.52463683026966,143.89569208320128,1287.571844271212
2020-01-08 01:00:00+00:00,30.5,78.7,53.863167762630546,158.578791950611,293.36207870525567,532.3190735836693,767.4416403229726
2020-01-08 01:00:00+00:00,30.1,78.3,5.7580898703015295,11.47013389856405,23.773512440548867,96.38382825505688,317.9567344852732
2020-01-08 01:00:00+00:00,31.2,78.6,2.7014785983661276,7.36451561584709,24.549427802288548,407.6797326236446,968.7614587064428
2020-01-08 01:00:00+00:00,30.7,78.9,14.066129112187616,25.59089200809449,39.419612470671524,122.76248501869864,577.8129778263515
2020-01-08 01:00:00+00:00,30.8,79.2,1.221443811756653,8.880466990686502,28.342049923053636,169.16749117955084,1436.013456007496
2020-01-08 01:00:00+00:00,30.3,78.5,21.467822353375375,49.44586307979108,64.18429657328721,211.24568996522694,941.448295819111
2020-01-08 01:00:00+00:00,31.0,78.2,4.825606379325857,12.542848599728412,33.51529454396649,90.06983974232939,900.0568294901434
2020-01-08 02:00:00+00:00,30.5,78.7,54.095448541922444,159.83134163339128,308.9403184486047,583.7999016115809,820.645977016226
2020-01-08 02:00:00+00:00,30.7,78.9,12.899713002649445,33.342451621388065,50.5134739245649,130.3217313815168,546.3223600562053
2020-01-08 02:00:00+00:00,30.8,79.2,2.3614227073704117,8.8637149313032,26.868670663181888,148.51390274087876,1424.282433240287
2020-01-08 02:00:00+00:00,31.2,78.6,6.981406634108147,10.91245542797157,28.975562556042938,406.5750856408814,938.9968828137802
2020-01-08 02:00:00+00:00,29.9,78.9,13.109666121773124,17.039956833667198,38.48498849469124,146.2571084035511,1283.9543414482462
2020-01-08 02:00:00+00:00,31.0,78.2,2.844095119783935,11.027588849500379,34.208154036200206,92.40127586497807,899.3589653116745
2020-01-08 02:00:00+00:00,30.1,78.3,11.842757737237463,19.382884865797227,33.407413299738735,103.45413910121935,327.82719710316786
2020-01-08 02:00:00+00:00,30.3,78.5,27.991324561364692,63.5438950068026,88.95308596326709,213.93143162944875,967.8193093743679
2020-01-08 03:00:00+00:00,30.5,78.7,59.702382505402255,167.66099880995523,328.53746389604896,639.4156155446972,870.7892700449254
2020-01-08 03:00:00+00:00,29.9,78.9,1.3688977249073142,15.964498280836771,39.30433543241326,140.0830543556424,1267.6278782600548
2020-01-08 03:00:00+00:00,30.1,78.3,9.884827738217169,27.485675345756167,35.181930315100146,110.80037178956691,316.14193230271025
2020-01-08 03:00:00+00:00,30.8,79.2,1.0370412137945273,4.619907732921592,25.476482396422607,127.09602322258587,1423.7304878164182
2020-01-08 03:00:00+00:00,30.7,78.9,22.817115277270712,49.782957392107754,68.15949348961438,149.12741423732695,527.4411455776544
2020-01-08 03:00:00+00:00,31.0,78.2,5.9306333870830565,13.600334886192861,29.07779816737243,97.84365419912659,895.823909144489
2020-01-08 03:00:00+00:00,30.3,78.5,33.4458595815188,82.90500649625886,118.03386678687124,230.36447523614413,997.3323694049234
2020-01-08 03:00:00+00:00,31.2,78.6,3.832761953257655,13.51564718573193,19.082533628569728,404.65952313073484,909.095615158908
2020-01-08 04:00:00+00:00,30.5,78.7,52.8234046098319,166.6212356571566,325.2000276077676,690.3069382113284,921.1474958331191
2020-01-08 04:00:00+00:00,29.9,78.9,6.4971266297147485,20.975690476395183,27.604806719147607,132.21206403587965,1245.1679316289856
2020-01-08 04:00:00+00:00,30.1,78.3,6.209737026650059,27.9373225021047,39.407456400668735,111.9486670376901,320.48498885187166
2020-01-08 04:00:00+00:00,30.3,78.5,34.71363152027456,96.15081566315806,145.59667874294914,253.34614594392102,1026.8179885401676
2020-01-08 04:00:00+00:00,31.0,78.2,0.09909925638646057,8.873827763253464,21.416676362981853,96.94263079865405,886.7880346803527
2020-01-08 04:00:00+00:00,31.2,78.6,4.784892604207463,15.599061191573265,22.963576807420353,394.6335317242632,883.9297562035199
2020-01-08 04:00:00+00:00,30.8,79.2,1.5794457225751959,4.977909643740135,13.858376634426637,116.97544911936602,1419.7275164250532
2020-01-08 04:00:00+00:00,30.7,78.9,32.4680639766407,68.18489225656083,93.77578426465536,180.0383038138751,524.6439180212768
2020-01-08 05:00:00+00:00,30.1,78.3,2.1551604748372126,18.249725239704446,37.63261010550166,111.42499901130519,319.19227906851665
2020-01-08 05:00:00+00:00,30.8,79.2,1.6651199934930476,4.281606929862771,13.145321861165971,104.44835596734809,1416.7898148622025
2020-01-08 05:00:00+00:00,30.5,78.7,46.96186521818166,159.4876523334158,319.31899396680706,735.0693073964077,965.0379538440247
2020-01-08 05:00:00+00:00,31.0,78.2,7.449769917097069,13.479502560566598,24.507091410066952,99.81288156434238,893.3626567373115
2020-01-08 05:00:00+00:00,30.3,78.5,42.50184057854244,110.6613316803358,174.2052266871384,283.0311384844332,1066.9423573513377
2020-01-08 05:00:00+00:00,31.2,78.6,3.6923398405964,12.309994398061518,23.22244982603309,379.9566906392123,856.8485703200622
2020-01-08 05:00:00+00:00,29.9,78.9,6.578988598390222,14.44501295301228,31.484969786679486,133.23599974022156,1212.9071389733062
2020-01-08 05:00:00+00:00,30.7,78.9,39.74988351348656,95.03506276739795,128.37751438878604,217.75201608432656,533.0697535806796
2020-01-08 06:00:00+00:00,31.2,78.6,3.541910403815215,12.019142848619078,25.53479003435101,348.6541286519262,839.9362857486025
2020-01-08 06:00:00+00:00,30.3,78.5,37.10452289351659,114.31999499233359,197.22500148859245,304.89152006717654,1099.7346113404665
2020-01-08 06:00:00+00:00,30.7,78.9,39.64418819175316,111.8621356818804,161.6450930739882,252.780317037965,550.8233374249145
2020-01-08 06:00:00+00:00,30.5,78.7,44.68139308143644,144.46666290945,312.12766171940524,771.4111083100621,1005.5259298319075
2020-01-08 06:00:00+00:00,29.9,78.9,11.427160173110067,24.503275401215035,40.46777368205181,142.51049384586682,1168.567884119363
2020-01-08 06:00:00+00:00,31.0,78.2,7.898525320300775,15.447394493784316,29.047729379977156,102.40202902187039,899.7764393164355
2020-01-08 06:00:00+00:00,30.8,79.2,14.861890101971078,18.106455818039322,22.72636355096091,116.1929504212545,1414.0123119879383
2020-01-08 06:00:00+00:00,30.1,78.3,4.530587087569025,12.895484589056302,40.38115993481246,113.71303988531612,316.85159774824615
2020-01-08 07:00:00+00:00,30.7,78.9,49.01060919223787,128.40468089747756,196.58957315403845,301.21010648827155,587.8294141370066
2020-01-08 07:00:00+00:00,29.9,78.9,8.616586317602014,26.6227350891023,47.598425565497486,148.12366740276084,1111.467354275181
2020-01-08 07:00:00+00:00,30.8,79.2,1.52737092535512,18.05438102081925,23.03229066455938,112.58737486999568,1405.7989156018123
2020-01-08 07:00:00+00:00,30.3,78.5,34.76057434898258,114.3669378210416,210.51775348419966,332.60831572338685,1130.671187323494
2020-01-08 07:00:00+00:00,30.5,78.7,44.853442547237144,136.49670084685525,303.1179365040118,815.9988449262306,1044.3114764260608
2020-01-08 07:00:00+00:00,31.2,78.6,11.967312470560659,19.201562714972276,34.80062390654554,324.20360507082523,837.8257623530923
2020-01-08 07:00:00+00:00,31.0,78.2,2.639955223712445,17.9882504611103,26.862078224363742,99.66769136690814,900.5547326120754
2020-01-08 07:00:00+00:00,30.1,78.3,4.897716056685454,11.583463619091695,39.52078612119638,118.50449109634584,317.997282694531
2020-01-08 08:00:00+00:00,30.1,78.3,1.395858800886101,10.824161945140585,29.073887184845017,118.94854823983731,317.1927490962767
2020-01-08 08:00:00+00:00,30.5,78.7,36.430514462681046,125.96535009135462,285.45300242477043,848.9099056221321,1075.82490747933
2020-01-08 08:00:00+00:00,30.7,78.9,62.374753081732834,151.02955046572384,246.06461323312183,360.136828773051,642.4153299514031
2020-01-08 08:00:00+00:00,29.9,78.9,14.92182605464497,34.96557254535705,49.41058549836933,158.16083822632615,1051.5429276234718
2020-01-08 08:00:00+00:00,30.3,78.5,15.777659547363625,87.64275678986279,198.30408847019856,345.125694064056,1145.485464675902
2020-01-08 08:00:00+00:00,31.2,78.6,0.8837764016553012,16.392999276031176,28.702993674092696,282.0033714883948,828.5590240971795
2020-01-08 08:00:00+00:00,31.0,78.2,5.547506587799157,16.085987131812388,29.56548969237896,104.8617739498368,891.9068918459365
2020-01-08 08:00:00+00:00,30.8,79.2,6.438029697959512,22.82729072528571,27.10889765514848,115.0892150063386,1408.706757909605
2020-01-08 09:00:00+00:00,30.1,78.3,7.61399587906422,13.90757073663578,26.80305532569207,121.96495386380582,322.0788710786319
2020-01-08 09:00:00+00:00,30.3,78.5,7.956317456483451,58.49455135282965,172.81454634516325,350.5256845664105,1142.9580503009004
2020-01-08 09:00:00+00:00,30.7,78.9,71.94334543286017,183.32870770683084,295.1908433887113,429.3221030423658,699.1518576942256
2020-01-08 09:00:00+00:00,31.2,78.6,8.35207038853669,21.20315926075265,33.22230210937173,242.37059578461984,826.2962762060539
2020-01-08 09:00:00+00:00,30.8,79.2,4.5147623002039,12.480162923518531,30.586618741557853,116.34206933992357,1410.6974783249027
2020-01-08 09:00:00+00:00,31.0,78.2,2.3871885423294295,10.574650353841045,26.022044847625335,100.11990621466933,890.7832376425728
2020-01-08 09:00:00+00:00,29.9,78.9,5.352845701915286,28.891258074162266,53.39453347537731,153.46592447521311,977.63348966113
2020-01-08 09:00:00+00:00,30.5,78.7,32.674109895183086,113.95806690510128,258.42472981455126,873.8095229535481,1094.4344315265123
2020-01-08 10:00:00+00:00,30.7,78.9,78.68568464275083,213.0037831573438,341.4084640548214,497.49148208008035,770.8132804333245
2020-01-08 10:00:00+00:00,31.2,78.6,15.668275903751587,24.904122693943577,44.10568540891585,212.51536652940857,833.5641681899483
2020-01-08 10:00:00+00:00,31.0,78.2,0.7902098834153785,8.724905013543978,26.713155474654254,93.17848855829054,888.1498427703026
2020-01-08 10:00:00+00:00,30.8,79.2,1.1936998425575351,12.146491840720946,30.200872861540194,114.60728248204678,1401.5690787745048
2020-01-08 10:00:00+00:00,30.3,78.5,8.95498534863562,32.6889623524827,147.0559001735243,353.13263011472566,1149.3855156148563
2020-01-08 10:00:00+00:00,29.9,78.9,10.429474534327536,30.70414629088779,57.32688137999009,161.68252040240935,903.9228807805581
2020-01-08 10:00:00+00:00,30.5,78.7,29.391136211539568,98.4957605694037,234.99246141625895,895.5437982236213,1121.8603444067248
2020-01-08 10:00:00+00:00,30.1,78.3,6.078894714448027,15.088749394398352,26.672213013490037,118.52705648592787,327.41624771358295
2020-01-08 11:00:00+00:00,31.0,78.2,0.4493258971217088,3.6267243228665293,19.712711454678892,91.67785495787993,884.3363493785713
2020-01-08 11:00:00+00:00,31.2,78.6,1.0737256814318483,25.094071973720126,41.4870712497513,176.80066749246603,820.1870800521494
2020-01-08 11:00:00+00:00,30.3,78.5,14.122417134340866,31.033719939459935,118.67647672932273,365.15904007083935,1159.684929623418
2020-01-08 11:00:00+00:00,29.9,78.9,7.5280425180787915,23.31036275432161,58.275935299678665,155.04070491856288,836.431048767168
2020-01-08 11:00:00+00:00,30.7,78.9,84.92201583025545,235.5510459058664,386.58059637159033,580.3069470217591,850.9190047826589
2020-01-08 11:00:00+00:00,30.1,78.3,6.341540247389974,20.034430840902225,30.8585927860428,121.46033706288272,331.7186535473344
2020-01-08 11:00:00+00:00,30.5,78.7,33.62243128016534,95.687677386888,221.65302747824262,925.556535067632,1147.9126191204816
2020-01-08 11:00:00+00:00,30.8,79.2,11.116416443162217,16.824878585923653,39.65216931120936,112.21682919019554,1410.7192751462999
2020-01-08 12:00:00+00:00,29.9,78.9,13.454188571433061,31.411705623839385,60.30296369800166,153.13785690443189,787.9197548221357
2020-01-08 12:00:00+00:00,30.7,78.9,83.18680048670603,246.79450095971228,430.1232086665432,652.8540720360412,926.6159250191113
2020-01-08 12:00:00+00:00,30.5,78.7,23.674182695708307,86.68775018741322,200.64581709251448,924.0023858637658,1163.5989840368102
2020-01-08 12:00:00+00:00,31.0,78.2,2.522512526315226,3.762048306852326,14.336698660693344,89.50755756761163,877.1909373273814
2020-01-08 12:00:00+00:00,30.1,78.3,8.026508960430263,20.446943922268268,34.35451465890404,126.04250580316777,327.7179758027112
2020-01-08 12:00:00+00:00,30.3,78.5,12.293014573144083,35.37041705612057,93.86496840895022,373.7162397936574,1165.0329509059939
2020-01-08 12:00:00+00:00,30.8,79.2,9.45484150331324,21.76495778903299,34.245120712551525,121.34519030016763,1391.2765001858484
2020-01-08 12:00:00+00:00,31.2,78.6,11.028060868145293,27.770062453328727,48.97322171408138,155.05552805409442,821.9597399917527
2020-01-08 13:00:00+00:00,30.7,78.9,74.29079674497888,242.39961306194033,455.4033962192842,722.7670557773231,997.4271727395885
2020-01-08 13:00:00+00:00,30.5,78.7,26.105142784114744,83.40175675998839,181.8975173293921,941.388418131088,1182.569896537422
2020-01-08 13:00:00+00:00,30.8,79.2,10.931961573173341,31.503219519648795,43.64971136036974,121.20527029582385,1399.4069382110156
2020-01-08 13:00:00+00:00,31.2,78.6,3.971575365904881,16.07336191548202,40.9774846094256,138.0594462964518,809.1252828625602
2020-01-08 13:00:00+00:00,29.9,78.9,3.954900053745618,24.937131143257467,55.641277434145266,156.11400124938547,736.2332316790934
2020-01-08 13:00:00+00:00,31.0,78.2,8.683152902546212,11.65499132598316,20.37989633952711,97.13808576830722,883.2243654885084
2020-01-08 13:00:00+00:00,30.1,78.3,1.625368839242998,15.99341804706324,31.08216744146158,119.38857687771282,328.3242350673247
2020-01-08 13:00:00+00:00,30.3,78.5,7.843366710078035,34.258798417562986,66.94776077004568,378.87407372807763,1140.5147467371212
2020-01-08 14:00:00+00:00,29.9,78.9,6.787047897277871,24.19613652245655,47.506499276778165,162.24399162143152,706.828100461658
2020-01-08 14:00:00+00:00,30.1,78.3,4.991325141295834,14.643202940969099,34.677633781871315,122.06217317217941,331.61512133786493
2020-01-08 14:00:00+00:00,30.7,78.9,63.26135053978153,220.73894777146643,456.2899936773329,785.091141499427,1050.144545669257
2020-01-08 14:00:00+00:00,30.8,79.2,3.206251509499109,23.59305458598569,40.41793317190934,120.1599909096354,1400.6214027532355
2020-01-08 14:00:00+00:00,31.2,78.6,5.4669257237681705,20.466561957818342,45.560633931538476,132.30727977567886,789.5829627319357
2020-01-08 14:00:00+00:00,31.0,78.2,8.957225312365198,20.162890741226647,23.78961506409315,99.69164797020845,881.5070232003712
2020-01-08 14:00:00+00:00,30.5,78.7,20.830821953620504,70.61014743344356,166.29782482033156,937.8947086992733,1196.5955019666496
2020-01-08 14:00:00+00:00,30.3,78.5,19.303986100008217,39.44036738323034,70.47408732269027,385.6132293140159,1154.2232306282879
2020-01-08 15:00:00+00:00,29.9,78.9,13.899812658770653,24.64176060979414,56.05346623363353,171.42905488274823,692.9207843702939
2020-01-08 15:00:00+00:00,31.0,78.2,0.9138401632244324,18.554218378135857,22.316266684988154,100.35237236954308,869.1642391950326
2020-01-08 15:00:00+00:00,30.3,78.5,17.533596596016952,44.68094940610321,80.05136646222377,400.9477972300276,1166.9752300257005
2020-01-08 15:00:00+00:00,30.1,78.3,3.554686226982873,10.17138020752171,30.61832412978997,119.08757593363654,333.4507435175893
2020-01-08 15:00:00+00:00,30.8,79.2,3.7174582647956034,17.855671347468054,39.620629136501044,120.97394987336126,1395.3410413344693
2020-01-08 15:00:00+00:00,30.7,78.9,43.180877209417666,180.73302449417804,427.52752545389035,826.1775165880824,1087.54578822484
2020-01-08 15:00:00+00:00,31.2,78.6,2.315422020305072,11.753923109978121,39.52398556330685,127.11293927403841,766.2529011819022
2020-01-08 15:00:00+00:00,30.5,78.7,25.715855505864365,72.65182024359962,159.33957043101285,948.7318659783324,1221.3972948507014
2020-01-08 16:00:00+00:00,30.7,78.9,45.515650843958696,151.95787859315786,394.3574916550983,858.8923393052557,1132.766146794816
2020-01-08 16:00:00+00:00,30.1,78.3,2.235298591921814,10.781309960200524,26.774728007263757,120.82065998503984,332.2358050366576
2020-01-08 16:00:00+00:00,30.8,79.2,1.8846728789226384,8.808382653217349,40.311602172866145,121.54722949477136,1391.6740356450377
2020-01-08 16:00:00+00:00,31.0,78.2,4.9090408019389375,14.780106277528581,26.435097603511714,104.39223195952752,856.2351149688808
2020-01-08 16:00:00+00:00,30.3,78.5,28.954222856359877,65.79180555238504,100.05060396994801,429.4036941697516,1189.114674530002
2020-01-08 16:00:00+00:00,31.2,78.6,9.903749766571048,17.686097510644288,33.75945942612631,132.5869693708618,749.7874248924666
2020-01-08 16:00:00+00:00,29.9,78.9,19.917105626570667,40.60396618261919,65.54109732587666,187.4261336491295,693.7170520890564
2020-01-08 16:00:00+00:00,30.5,78.7,26.936240784526504,73.48291824401137,156.88467500399975,948.3048727146306,1246.8268411777226
2020-01-08 17:00:00+00:00,30.5,78.7,34.77451424323483,87.4266105336257,158.03675796706926,952.2886926471406,1279.1562148313294
2020-01-08 17:00:00+00:00,30.1,78.3,12.531886362573989,18.321871181478677,32.96507412244777,131.33467329881486,342.79963672725637
2020-01-08 17:00:00+00:00,31.0,78.2,4.494646069450191,10.317527034613576,30.4804177758402,102.37005957657743,849.8985816862862
2020-01-08 17:00:00+00:00,30.8,79.2,4.955675594122696,10.557806737840936,34.15086132382663,122.08980162595643,1387.8613376623823
2020-01-08 17:00:00+00:00,30.7,78.9,18.951962938871098,107.64849099224743,328.3874387637139,875.3147387317522,1148.396724299184
2020-01-08 17:00:00+00:00,30.3,78.5,24.719161459606678,71.2069809119835,110.64734829521383,444.0717668190041,1208.3162539167256
2020-01-08 17:00:00+00:00,31.2,78.6,7.086745382012042,19.30591716888816,39.77247912670651,130.9445023899479,728.6619144418142
2020-01-08 17:00:00+00:00,29.9,78.9,17.31912118589755,51.13603947123887,75.33217599369542,199.83206161439,692.3037185264642
2020-01-08 18:00:00+00:00,30.5,78.7,32.19478716781566,93.905542195577,166.55736243917661,954.968369857116,1310.7761873652203
2020-01-08 18:00:00+00:00,30.8,79.2,3.570535673641391,10.410884146686724,28.26655549415478,121.30205679966039,1389.2639307326408
2020-01-08 18:00:00+00:00,29.9,78.9,13.833080340767353,51.06930715323557,75.71106776302972,208.41265883191952,699.4829786384274
2020-01-08 18:00:00+00:00,31.0,78.2,9.23809800448854,18.641784875877683,37.196003254013505,110.10708331364802,847.3489523798536
2020-01-08 18:00:00+00:00,31.2,78.6,6.248908183508211,23.2394033320913,34.993326442069424,134.26796281626733,715.330939918184
2020-01-08 18:00:00+00:00,30.3,78.5,31.13907140276582,84.81245571873238,129.49340512483556,467.17761780542713,1235.6516456942081
2020-01-08 18:00:00+00:00,30.1,78.3,0.6701349090256217,15.437319863521427,25.608700071043128,127.8195644555267,334.52426638045307
2020-01-08 18:00:00+00:00,30.7,78.9,16.476428483541124,80.9440422663709,261.67706676054894,880.4438089560737,1164.4747393225855
2020-01-08 19:00:00+00:00,31.0,78.2,15.370804409152317,29.10354848309106,43.88365476061961,124.64092386847696,849.2429766468724
2020-01-08 19:00:00+00:00,30.5,78.7,50.40136994022175,117.37067135127225,190.8535895952836,969.2311221339432,1357.901756499787
2020-01-08 19:00:00+00:00,31.2,78.6,5.859165230816455,19.194818796336705,36.88091630698099,137.20845262524068,705.8942626803339
2020-01-08 19:00:00+00:00,30.3,78.5,30.682910783799958,86.54114364617246,152.33294919855751,493.9827600260901,1261.3780574334712
2020-01-08 19:00:00+00:00,30.1,78.3,1.3724799116131021,14.574501183212716,25.35581114341323,119.73227714662008,328.333724836531
2020-01-08 19:00:00+00:00,29.9,78.9,16.88622218413465,48.03842371079955,88.64238989341874,224.40672972333115,710.6438366617381
2020-01-08 19:00:00+00:00,30.8,79.2,15.63321848242435,24.159429750188437,32.96781240340579,127.99186435138856,1400.1158173190975
2020-01-08 19:00:00+00:00,30.7,78.9,7.651015146452666,43.07940656886486,195.03728516202276,886.4498670060169,1165.253867112934
2020-01-08 20:00:00+00:00,30.8,79.2,11.191071899840932,30.394826055906673,40.95263279374761,135.34813428398732,1402.6179222127735
2020-01-08 20:00:00+00:00,30.3,78.5,34.87485081138585,96.69683299795162,167.90381390993514,525.6350756660911,1291.0805059773334
2020-01-08 20:00:00+00:00,30.5,78.7,42.760438437518154,125.35659554555556,212.78320607918127,973.474351772888,1397.1674974525877
2020-01-08 20:00:00+00:00,31.0,78.2,23.02810788098486,47.637010294625725,57.95453732923927,145.5177961219116,851.8157526909201
2020-01-08 20:00:00+00:00,30.7,78.9,4.060581272399416,28.188024902393177,135.83651589464066,888.7045967296604,1163.2844966602565
2020-01-08 20:00:00+00:00,31.2,78.6,0.5278624281193769,12.635935842444042,31.941853011332203,135.18104317300632,698.1474198286286
2020-01-08 20:00:00+00:00,30.1,78.3,8.063530285846756,10.106145106485483,28.42801628796415,125.58695055441923,333.78568574425964
2020-01-08 20:00:00+00:00,29.9,78.9,22.34664970151742,53.06595222641943,104.20199169765829,239.604064967497,731.7312818064994
2020-01-08 21:00:00+00:00,30.5,78.7,43.27803249940104,136.43984087714094,230.34538307271794,976.6471472143311,1439.4677731519994
2020-01-08 21:00:00+00:00,30.8,79.2,12.714558412836956,39.53884879510224,49.949732941788966,145.63346321627048,1404.439735605705
2020-01-08 21:00:00+00:00,30.3,78.5,31.505433354668174,97.06319494985398,181.87565066858633,552.7754302628447,1320.7926180839802
2020-01-08 21:00:00+00:00,31.0,78.2,21.986027233734838,60.384939523872035,79.02672439974968,156.4428340997356,853.2901027849737
2020-01-08 21:00:00+00:00,30.7,78.9,11.7459142465275,23.45751066537955,104.40155293175047,895.2794152639666,1171.9678097393005
2020-01-08 21:00:00+00:00,30.1,78.3,13.478939475021924,22.914949672481786,38.352269536003206,130.9555793065854,339.70475489425013
2020-01-08 21:00:00+00:00,29.9,78.9,34.988166629459386,74.22103851511146,125.29034566834703,274.0426808097711,762.6391385349448
2020-01-08 21:00:00+00:00,31.2,78.6,5.427941925647505,11.814969584583334,35.05437291667464,126.88319421792295,696.8150180446339
2020-01-08 22:00:00+00:00,30.1,78.3,5.949003872610281,27.491473633478964,42.06597481669167,134.9203722381142,338.54290570312617
2020-01-08 22:00:00+00:00,31.0,78.2,25.65791866185767,70.67205377657739,99.7756022596684,174.34053170081626,848.7600560645482
2020-01-08 22:00:00+00:00,30.5,78.7,46.51257422429853,132.55104516121773,249.92171651248998,966.9988805405163,1481.633049727219
2020-01-08 22:00:00+00:00,30.7,78.9,5.90910098378944,21.715596502716327,64.79500307158123,894.3367430461564,1176.2990133953235
2020-01-08 22:00:00+00:00,29.9,78.9,26.25357560920898,83.58839194018579,131.62681565098535,282.09960107599966,779.7135768313343
2020-01-08 22:00:00+00:00,31.2,78.6,0.6390526458486828,6.594856999615563,25.789675795952274,126.61839743841479,689.9523653372031
2020-01-08 22:00:00+00:00,30.8,79.2,0.9480635769541522,24.853693889632037,49.01312363982048,133.38397530865348,1390.5614247354447
2020-01-08 22:00:00+00:00,30.3,78.5,35.07809243378974,101.45837659984376,187.9995202460162,580.7027031324377,1350.0357298646863
2020-01-08 23:00:00+00:00,31.0,78.2,18.50250115834524,66.14644705393776,113.78345734856346,188.48367798914953,838.8882714132652
2020-01-08 23:00:00+00:00,30.7,78.9,8.796399125712968,26.45141435602988,54.639439258423096,897.9849887825134,1179.2380817255805
2020-01-08 23:00:00+00:00,30.8,79.2,1.6692829311145014,15.331904920905608,45.726730976812284,132.67508347301427,1366.9870736031673
2020-01-08 23:00:00+00:00,30.1,78.3,9.26488416604386,28.692827513676068,38.79897262016154,140.25524963415376,342.84538885262737
2020-01-08 23:00:00+00:00,30.5,78.7,49.90745496368318,139.69806168738276,265.0546572329383,964.0634366450573,1526.3015607874315
2020-01-08 23:00:00+00:00,30.3,78.5,23.357726296750247,89.94125208520815,186.63808508315978,590.1671367948347,1372.5190586248184
2020-01-08 23:00:00+00:00,29.9,78.9,40.19542373000859,101.43716596867696,154.50311819509636,319.5961992751499,815.0282895521872
2020-01-08 23:00:00+00:00,31.2,78.6,1.93149610143685,7.998490672933036,20.63442651537708,125.11642671786797,689.1851543438598
2020-01-09 00:00:00+00:00,30.5,78.7,42.36567812714639,138.7857073151281,275.22554819226906,954.5563894433654,1561.167078580462
2020-01-09 00:00:00+00:00,31.0,78.2,10.219885533761627,54.38030535396456,114.76524487783654,195.34567617252054,823.4223441621399
2020-01-09 00:00:00+00:00,30.1,78.3,0.7522167359258403,15.966104774579984,38.881054447061764,139.2254291118214,339.2432295260674
2020-01-09 00:00:00+00:00,30.7,78.9,25.673335541407642,40.37883565091002,63.836346316289614,917.28171481737,1198.9173364210192
2020-01-09 00:00:00+00:00,29.9,78.9,27.43882785088528,93.88782719010285,168.1088657052143,344.59067084829746,841.6757521851408
2020-01-09 00:00:00+00:00,30.3,78.5,20.194213421324672,78.63003215186465,175.69322710171863,596.2766021240968,1384.9647662311859
2020-01-09 00:00:00+00:00,31.2,78.6,5.008920946675153,7.579469693960684,19.394439278544024,128.89577746904584,677.8146405832078
2020-01-09 00:00:00+00:00,30.8,79.2,3.8619026149162425,6.4792491229848945,46.018097918087136,131.25613767575436,1345.0816567312006
2020-01-09 01:00:00+00:00,31.0,78.2,21.715702923851644,50.438089615958525,121.11014339253587,212.23577271704633,810.5731824750069
2020-01-09 01:00:00+00:00,29.9,78.9,27.282827016639036,94.9170785975329,178.50547053771868,370.38756343078023,866.5216972226729
2020-01-09 01:00:00+00:00,30.7,78.9,27.22440187922736,61.69413654634794,83.40973304906431,930.4399875844098,1219.424581396422
2020-01-09 01:00:00+00:00,30.8,79.2,7.963256786757408,13.49444233278815,38.348136222420194,137.9979506507551,1322.8239671157337
2020-01-09 01:00:00+00:00,30.3,78.5,15.04837739059807,58.60031710867299,160.05869370851673,589.8571571613196,1388.8458845070902
2020-01-09 01:00:00+00:00,31.2,78.6,6.281801586792113,13.222218634904115,19.817075634519682,132.4761004574718,681.7434013086789
2020-01-09 01:00:00+00:00,30.1,78.3,3.232037135090982,13.249138037060684,40.740611670539636,136.69937637661081,333.8497187875591
2020-01-09 01:00:00+00:00,30.5,78.7,39.92852519189082,132.2016582827204,264.7527034439381,940.6217468726256,1598.6001505018546
2020-01-09 02:00:00+00:00,31.2,78.6,13.694989483323047,24.98571201679031,32.98420268972335,139.18968330668673,690.211453738666
2020-01-09 02:00:00+00:00,30.7,78.9,35.553444518376914,88.45118193901189,114.9025962950418,953.0937191001372,1253.5377445790346
2020-01-09 02:00:00+00:00,30.1,78.3,6.535717435627936,10.51997130664476,39.21279882032082,131.3923360750013,337.69318598473905
2020-01-09 02:00:00+00:00,31.0,78.2,7.171803296423925,39.10739175403721,105.25383880797494,216.56348089368635,791.9130186884408
2020-01-09 02:00:00+00:00,30.8,79.2,12.92325779042534,24.74841719209899,40.0803221130046,148.55978573381003,1301.6002422770005
2020-01-09 02:00:00+00:00,30.3,78.5,24.07728346518117,59.31987427710391,149.26112636231207,585.9431160651361,1410.0866919000262
2020-01-09 02:00:00+00:00,29.9,78.9,31.66314291359289,86.3847977811172,187.82196374979415,388.94104022259995,897.4192317990703
2020-01-09 02:00:00+00:00,30.5,78.7,37.707020944918334,120.00122426395554,259.6992859513383,924.2333192756215,1634.0910213792167
2020-01-09 03:00:00+00:00,31.0,78.2,9.003063144901288,37.89056936517687,92.27087471914139,219.6359106515046,772.2535641631612
2020-01-09 03:00:00+00:00,30.3,78.5,15.074971812209686,54.20063266798893,132.83066481985358,567.572228295827,1420.9380965898392
2020-01-09 03:00:00+00:00,30.5,78.7,28.44245490881689,106.07800104562605,244.86370836075415,892.9733916790362,1655.1040721048337
2020-01-09 03:00:00+00:00,30.7,78.9,41.58741784954769,104.36526424715194,144.74409989806202,971.8640216724142,1280.3668083416565
2020-01-09 03:00:00+00:00,29.9,78.9,25.80238366119247,84.7483535914244,178.63618078152726,413.3745261588851,917.5067979145858
2020-01-09 03:00:00+00:00,30.8,79.2,4.007088473229577,24.893603050412324,31.37285217339722,151.52983299324507,1274.5209830671897
2020-01-09 03:00:00+00:00,30.1,78.3,13.16661094257966,22.93436551329858,38.90047028787856,134.67411927936382,348.89478700427355
2020-01-09 03:00:00+00:00,31.2,78.6,17.572678267019516,37.549469337134674,45.128939031095356,152.92959962044858,700.8804796339031
2020-01-09 04:00:00+00:00,30.3,78.5,5.418317150249465,44.57057242764032,103.1708895363133,538.2769139258019,1425.0387636969144
2020-01-09 04:00:00+00:00,30.1,78.3,6.557572538422322,26.259900916629917,39.5090389536906,135.02195479113607,351.0046240546294
2020-01-09 04:00:00+00:00,30.5,78.7,39.22467517194247,105.37415102567769,237.57580930839808,879.3746622411467,1693.6316500682033
2020-01-09 04:00:00+00:00,31.2,78.6,2.967821199387256,34.23548894972981,47.45770758463394,151.11252821562837,703.543893835452
2020-01-09 04:00:00+00:00,29.9,78.9,19.98803923691925,77.4535658117046,172.3706444092375,426.8654387660896,927.362449541822
2020-01-09 04:00:00+00:00,31.0,78.2,0.9522199618583379,17.127086403183565,67.56517601914207,220.48903135697645,744.7473761207035
2020-01-09 04:00:00+00:00,30.7,78.9,37.76594258479441,114.906804952719,176.60094149906698,977.1619002805679,1310.7988743488818
2020-01-09 04:00:00+00:00,30.8,79.2,3.3625376739048978,20.292883937559814,33.78732627034797,153.31292494457477,1233.7667573356382
2020-01-09 05:00:00+00:00,31.0,78.2,0.22081614921732257,10.176099255976965,49.283491010014146,213.2600775890967,709.1579089043266
2020-01-09 05:00:00+00:00,30.3,78.5,6.509586729816787,27.00287569227594,86.32274996937984,502.2846600770762,1431.3447807857199
2020-01-09 05:00:00+00:00,29.9,78.9,18.43897778819165,64.22940068630336,150.61419846742058,438.725427955891,942.0381525559294
2020-01-09 05:00:00+00:00,30.5,78.7,25.045853527605,92.71298360836437,212.7142078723199,857.45865055057,1695.1314478916102
2020-01-09 05:00:00+00:00,30.1,78.3,4.450470656991089,24.174654137993073,34.69462544463783,137.31726497328995,350.284997791862
2020-01-09 05:00:00+00:00,30.7,78.9,29.20225669391356,108.55561712825563,197.00679906726754,966.6142734609949,1333.2788376101396
2020-01-09 05:00:00+00:00,31.2,78.6,4.485450044022963,25.025949510429733,50.01166152722005,151.90563841905492,704.8963463554479
2020-01-09 05:00:00+00:00,30.8,79.2,2.048554457401326,9.418180604535799,34.16659779663479,153.6963594084831,1206.7637496213918
2020-01-09 06:00:00+00:00,31.2,78.6,10.032822437064379,17.486093680474596,55.03556301760928,158.3965504523041,703.2803782847187
2020-01-09 06:00:00+00:00,30.8,79.2,2.560257837515473,7.971349968821695,32.86495301923402,141.39472714402746,1185.770308334275
2020-01-09 06:00:00+00:00,30.3,78.5,2.8756494680366096,14.803553348102863,69.00418601609178,468.05578665159624,1429.462788796487
2020-01-09 06:00:00+00:00,30.5,78.7,28.58726473602518,92.85779343557265,198.9357944811987,841.3645222051588,1723.1288654548093
2020-01-09 06:00:00+00:00,29.9,78.9,17.27413288756259,55.701149912673486,140.4495035040979,444.57240067034354,943.4587729887985
2020-01-09 06:00:00+00:00,31.0,78.2,2.2791766492647914,3.452212760340466,41.34278212551731,207.64072891806072,679.7546042603934
2020-01-09 06:00:00+00:00,30.1,78.3,6.166930313072089,17.1749735084855,40.10933902178407,138.953608198793,353.82831444732426
2020-01-09 06:00:00+00:00,30.7,78.9,17.673807655394782,84.64200693410272,189.0072711812547,944.6438929246365,1342.4338457997526
2020-01-09 07:00:00+00:00,30.8,79.2,13.174206566320596,17.783018861237395,38.075902798797216,153.04156278499295,1183.351763584603
2020-01-09 07:00:00+00:00,29.9,78.9,20.715696771132905,56.42880744688715,133.88237325859174,456.67151112387444,958.0796605591212
2020-01-09 07:00:00+00:00,30.5,78.7,25.472511222894795,79.10562948652498,184.47978051220267,821.9835908808165,1738.0993328679294
2020-01-09 07:00:00+00:00,31.0,78.2,7.419376785221109,9.919369583703237,27.04645598688677,212.4201504795694,660.4448780187374
2020-01-09 07:00:00+00:00,30.1,78.3,13.687868404287375,24.305269374350555,50.56517029098046,147.74376054639492,365.5575726917932
2020-01-09 07:00:00+00:00,30.7,78.9,9.479896227816457,56.355960577124776,171.2627655298438,905.1131799602151,1347.4150435858298
2020-01-09 07:00:00+00:00,31.2,78.6,9.9672214580883,24.48549393917564,58.72098288890546,156.39645943983174,707.0731636179645
2020-01-09 07:00:00+00:00,30.3,78.5,8.827631779909758,18.212867977763157,62.78344040540347,442.1228440825234,1437.7171976433947
2020-01-09 08:00:00+00:00,30.7,78.9,5.639050127539707,32.79275401075092,141.34837113900662,848.377477006022,1335.3793110869365
2020-01-09 08:00:00+00:00,31.0,78.2,0.6591547301712274,10.357708164657142,20.533807420634073,207.53179862194145,629.659112045138
2020-01-09 08:00:00+00:00,30.3,78.5,13.910615411023514,25.61389665896988,52.616772351245814,440.2557999461833,1445.7332850261184
2020-01-09 08:00:00+00:00,30.8,79.2,4.063407053900626,19.79787145773669,29.216052062272496,150.66694014093403,1169.1295438118786
2020-01-09 08:00:00+00:00,31.2,78.6,3.358346869140054,23.358390764292736,48.38434027472247,158.8710299073165,700.7672307075693
2020-01-09 08:00:00+00:00,29.9,78.9,11.105940330343156,49.09576998903865,113.32517067534201,452.85562539957266,957.2117128263727
2020-01-09 08:00:00+00:00,30.5,78.7,45.1170892571008,99.17686521602077,191.88984882438515,830.6701656752363,1771.997981034743
2020-01-09 08:00:00+00:00,30.1,78.3,19.01362599136582,38.868424708725286,63.04307884671836,165.36152773687465,380.2172553740041
2020-01-09 09:00:00+00:00,30.8,79.2,1.5351468463056361,18.772760466526854,26.744110435348556,147.68732468703578,1152.9355038688482
2020-01-09 09:00:00+00:00,30.7,78.9,2.7732956225855783,17.892241977941715,102.53424891204448,779.2074271957474,1335.8737284057427
2020-01-09 09:00:00+00:00,30.3,78.5,2.873875462732204,25.612122653665477,40.415676001768325,435.17335795243207,1443.8450718815097
2020-01-09 09:00:00+00:00,31.2,78.6,3.5385074285051363,16.86407575573349,34.35016943620809,154.05746694728495,699.1681099729766
2020-01-09 09:00:00+00:00,30.5,78.7,43.60430799217299,114.19390847216859,207.05170190774123,841.6003637722262,1812.9467487531563
2020-01-09 09:00:00+00:00,29.9,78.9,7.64396231026426,39.46559941174032,95.16674932441381,455.1467420079216,961.3498899202428
2020-01-09 09:00:00+00:00,30.1,78.3,22.829415253249554,55.53090964890275,72.70588315738824,180.57694711105998,401.38678400819225
2020-01-09 09:00:00+00:00,31.0,78.2,0.6988036315960595,8.77733514698841,12.229547907328843,205.8434137112081,598.158195347957
2020-01-09 10:00:00+00:00,29.9,78.9,11.921140628548091,30.671043269155508,87.09985071604265,456.63840810214214,970.0445935931994
2020-01-09 10:00:00+00:00,30.8,79.2,10.339556076358132,15.938109976564393,33.721128837801785,156.83318092083638,1142.635214406829
2020-01-09 10:00:00+00:00,30.1,78.3,24.232382522316385,66.07542376693176,90.38069314128231,198.73043491892832,423.1025277131653
2020-01-09 10:00:00+00:00,30.7,78.9,6.590928928828177,15.003274678953433,71.35923525607824,707.1126714818247,1337.1099942327023
2020-01-09 10:00:00+00:00,31.0,78.2,13.96826491199351,15.32622327376081,25.245592857464015,219.0214687397862,582.4796026104182
2020-01-09 10:00:00+00:00,30.3,78.5,7.674293269740748,24.458784143496466,42.67165212125961,433.89266587353717,1437.9404494490352
2020-01-09 10:00:00+00:00,30.5,78.7,51.74074698945802,140.4621442387318,219.56777372525679,863.9499745501446,1857.495147625315
2020-01-09 10:00:00+00:00,31.2,78.6,11.018155775396087,17.915010073041277,42.40050401221692,149.40734681892945,705.1759156571626
2020-01-09 11:00:00+00:00,29.9,78.9,10.13025961530261,29.69536255411496,78.79113254315361,459.240625199366,977.1306479790359
2020-01-09 11:00:00+00:00,31.2,78.6,0.5796684524486219,15.136331656349846,38.49472242064258,148.91328958994623,697.0980684186376
2020-01-09 11:00:00+00:00,30.5,78.7,69.34590558907784,164.69096057070885,263.86782578672967,899.6734488590571,1924.415552905625
2020-01-09 11:00:00+00:00,30.1,78.3,25.39515013912412,72.45694791469006,111.32537262341535,217.7840448106625,445.45508757826923
2020-01-09 11:00:00+00:00,30.8,79.2,4.585589516343386,16.460292439007155,36.25816389674385,150.30235399401755,1113.7259908484605
2020-01-09 11:00:00+00:00,30.7,78.9,3.0422614894275872,12.406486040841315,45.19924005159228,625.2329171409968,1328.799147894567
2020-01-09 11:00:00+00:00,31.0,78.2,2.2969301497276398,16.963998693317222,27.32170685797433,220.86907299239215,555.0319372431622
2020-01-09 11:00:00+00:00,30.3,78.5,1.5688180546350607,12.116986787108013,37.73088344607788,421.33906679383136,1435.7612446527437
2020-01-09 12:00:00+00:00,30.7,78.9,3.5205407981026133,13.153731216358349,31.045973194300107,545.5666574523934,1330.6960098765355
2020-01-09 12:00:00+00:00,31.0,78.2,3.42252223915846,19.687717300879623,28.465052447868,221.76908270523538,523.9930785155448
2020-01-09 12:00:00+00:00,30.3,78.5,1.578523150236837,10.821634474612646,36.43375712827811,410.62457537092416,1425.0864342653706
2020-01-09 12:00:00+00:00,30.5,78.7,71.49624022319583,192.5828928017317,306.7768012739003,947.4955063865447,1991.8288220344552
2020-01-09 12:00:00+00:00,30.8,79.2,10.725899420733858,25.651045013435375,44.42380547996224,151.57341191143817,1083.2419216645408
2020-01-09 12:00:00+00:00,30.1,78.3,23.910537122600594,73.5380697840411,129.06897943294385,233.66807297283282,465.7942061562283
2020-01-09 12:00:00+00:00,31.2,78.6,15.878318854611136,27.47614308245584,44.34021883818934,153.76354757641207,708.291567411794
2020-01-09 12:00:00+00:00,29.9,78.9,19.763258294824258,41.81465853867496,81.28025795041529,465.5496949227572,987.4909706154491
2020-01-09 13:00:00+00:00,30.1,78.3,25.69328051008235,74.99896777180706,141.07439153873884,257.73598464367217,487.1082099099577
2020-01-09 13:00:00+00:00,30.7,78.9,18.54287145214713,25.1056737396773,40.108948418630774,489.8187321595617,1344.1987741910252
2020-01-09 13:00:00+00:00,31.2,78.6,5.732797755696891,22.19078506275665,40.10579513579793,155.52476996620408,706.8624034419413
2020-01-09 13:00:00+00:00,29.9,78.9,20.702028031631464,50.59554594175833,81.26658921091384,482.29682290064306,1006.9733385732544
2020-01-09 13:00:00+00:00,30.3,78.5,7.87960037887781,11.026941583749707,35.48572572724616,410.6608090397239,1426.893430159868
2020-01-09 13:00:00+00:00,31.0,78.2,5.470427865981382,11.189880254867496,26.516103528628275,218.55635766867056,504.21915936933584
2020-01-09 13:00:00+00:00,30.5,78.7,77.05656905576005,217.89871486803372,358.36085910676553,998.44693265819,2067.8170428902895
2020-01-09 13:00:00+00:00,30.8,79.2,5.875541976496164,21.18703091357341,37.1251408901378,146.51699231476098,1033.5320968199455
2020-01-09 14:00:00+00:00,30.7,78.9,0.8671984001335155,22.930610650383226,35.33709669122459,427.4245800199137,1335.0504508049269
2020-01-09 14:00:00+00:00,30.8,79.2,5.220907358217503,21.822348755447525,38.28264119445468,148.5316481634794,982.7096623919989
2020-01-09 14:00:00+00:00,31.0,78.2,5.8192064533961165,14.712156558535973,31.676155251853164,215.41833880970145,484.68499871004065
2020-01-09 14:00:00+00:00,30.1,78.3,40.5136797001393,90.11749733282224,162.5744452475123,293.25833920251563,516.6564796488577
2020-01-09 14:00:00+00:00,30.3,78.5,5.133880228948303,14.592003758062951,26.70899054517095,396.490703168664,1417.1912303157521
2020-01-09 14:00:00+00:00,30.5,78.7,78.39605325146407,226.94886253041994,391.63982310112885,1056.0121639560334,2142.0887869706808
2020-01-09 14:00:00+00:00,29.9,78.9,18.733608430445464,59.19889475690119,88.89425731101613,494.2433834338106,1020.4672403169756
2020-01-09 14:00:00+00:00,31.2,78.6,3.024818826083771,24.635935436391797,39.77226709274164,153.08266306851965,708.0198604679025
2020-01-09 15:00:00+00:00,30.8,79.2,2.657522622445633,13.753971957159298,39.40501697059468,147.4717125211294,921.8262986003465
2020-01-09 15:00:00+00:00,31.0,78.2,0.9844964041629349,12.274130723540448,31.961848024420036,215.48899505063997,461.8165561054913
2020-01-09 15:00:00+00:00,30.1,78.3,30.85290669493779,97.05986690515944,170.59793668920054,320.55655967047056,547.1848005950271
2020-01-09 15:00:00+00:00,31.2,78.6,0.730279943686464,9.487896525467127,36.96403960792297,151.49752099190104,706.7000813013215
2020-01-09 15:00:00+00:00,30.3,78.5,10.345261642324727,23.35874225015084,34.18037672476348,389.30236821497175,1395.7195022741855
2020-01-09 15:00:00+00:00,30.5,78.7,66.90411148969675,222.35673379692088,414.9396265986526,1097.200419939866,2205.3734900205213
2020-01-09 15:00:00+00:00,29.9,78.9,21.108091632565078,60.543728094642006,102.35838663331697,501.45166240760506,1017.333425005412
2020-01-09 15:00:00+00:00,30.7,78.9,3.8533620568079674,23.26343190908858,36.417163125446976,388.09706486730397,1323.2894214119535
2020-01-09 16:00:00+00:00,31.2,78.6,0.4573689729529491,4.2124677427231845,26.403252805479834,142.05114019828298,701.4876060100378
2020-01-09 16:00:00+00:00,31.0,78.2,7.4567802794592195,14.260483137018287,25.450363391885748,218.03673452816025,447.42665996667455
2020-01-09 16:00:00+00:00,29.9,78.9,24.06617682182582,63.90787688483636,114.50342282659469,505.6007336028602,1023.8111179391101
2020-01-09 16:00:00+00:00,30.7,78.9,6.78979736596226,11.510357822903714,36.61603156258106,349.3712113893076,1320.6175435358218
2020-01-09 16:00:00+00:00,30.3,78.5,10.301089488131096,25.780231359404127,36.80717294315382,370.64923484674296,1373.2971179765996
2020-01-09 16:00:00+00:00,30.8,79.2,3.323927152985558,11.202357133648693,32.389388047222106,148.91096679519234,853.5329879840027
2020-01-09 16:00:00+00:00,30.1,78.3,26.277456540291848,97.64404293536894,172.64301070717602,344.5987176188406,570.5095989521213
2020-01-09 16:00:00+00:00,30.5,78.7,68.3362010956418,213.6363658368026,431.53508070483633,1138.6003802509813,2269.6023912403016
2020-01-09 17:00:00+00:00,30.8,79.2,5.7803199154722105,11.7617696909034,33.58411844635093,149.73561111654183,783.2168777246375
2020-01-09 17:00:00+00:00,31.2,78.6,5.998889731425169,7.186538648064581,31.82247408445638,140.96328454769608,700.5475293658855
2020-01-09 17:00:00+00:00,30.3,78.5,13.80589616994492,34.45224730040074,49.04425105846368,359.7359695570812,1343.4420662417451
2020-01-09 17:00:00+00:00,29.9,78.9,30.924668752984353,76.09893720737526,135.29783196427644,519.206281169947,1040.4698596259761
2020-01-09 17:00:00+00:00,31.0,78.2,11.891699728100418,20.33297641172259,35.04513297025853,225.4337881868105,437.04965561451365
2020-01-09 17:00:00+00:00,30.7,78.9,15.172033912571314,25.81519333534151,48.745803985724784,345.5912823630078,1334.8565183119752
2020-01-09 17:00:00+00:00,30.5,78.7,48.793297883129135,184.03361046846766,410.98247299888766,1152.6191638908754,2317.607037993923
2020-01-09 17:00:00+00:00,30.1,78.3,23.293005889070407,80.42336912430005,170.5408664571223,355.359837145337,590.9024625296342
2020-01-09 18:00:00+00:00,30.5,78.7,40.985794809334365,158.1152937881053,380.4720275850262,1161.4101715323943,2355.08883293023
2020-01-09 18:00:00+00:00,31.2,78.6,3.7068827540011173,10.163141458379235,19.65103798384636,138.421259118189,691.8912688107545
2020-01-09 18:00:00+00:00,30.8,79.2,1.1604554887463598,10.264702557204126,24.018674514363425,147.32553093164682,708.306691836856
2020-01-09 18:00:00+00:00,30.1,78.3,24.328820333270087,73.89928276263234,170.95914966779176,379.0185225695815,604.58827707548
2020-01-09 18:00:00+00:00,30.3,78.5,15.002182683460731,39.109168341536744,62.46791059168757,343.59908083777617,1311.2772889209923
2020-01-09 18:00:00+00:00,29.9,78.9,35.217346949188524,90.20819252399869,150.75192061864072,540.5905477783682,1051.3556306778971
2020-01-09 18:00:00+00:00,30.7,78.9,5.226310813999722,27.188142092533266,50.45157400162189,334.3411646934664,1336.499195778751
2020-01-09 18:00:00+00:00,31.0,78.2,2.838799136234445,22.187279143794097,34.46140986733451,219.03448931855638,429.5479029592847
2020-01-09 19:00:00+00:00,30.1,78.3,16.270560830248893,63.892387052589385,161.53642998795834,393.9166034882172,613.0616322197429
2020-01-09 19:00:00+00:00,30.3,78.5,21.35997555477869,50.16805440818434,75.94828576758846,334.27614560875486,1283.1482451869442
2020-01-09 19:00:00+00:00,31.0,78.2,5.311276849596001,20.041775713930882,34.30225885094913,208.97496175900005,425.9237949536108
2020-01-09 19:00:00+00:00,30.8,79.2,9.172920185196782,16.11369558941535,27.316052723064047,140.86523263441924,652.5609525765307
2020-01-09 19:00:00+00:00,30.5,78.7,27.855866163595948,117.63495885605946,331.27132469286204,1138.8646677557686,2377.852056376346
2020-01-09 19:00:00+00:00,31.2,78.6,6.184742693720536,15.89051517914682,20.102982921870005,138.74683658109308,687.0171795284724
2020-01-09 19:00:00+00:00,30.7,78.9,24.004423223219607,44.402767949790615,55.91312577269437,350.6945727702333,1352.6908385204813
2020-01-09 19:00:00+00:00,29.9,78.9,37.08897571005395,103.23099141222683,167.1388682970632,560.7933013042874,1063.6789157036064
2020-01-09 20:00:00+00:00,29.9,78.9,38.27034315505017,110.57666581429265,186.6756030216679,576.7169947578202,1069.0069958933436
2020-01-09 20:00:00+00:00,30.5,78.7,18.953303609356745,87.79496458228707,271.82857505075475,1115.0575329276069,2395.892580466858
2020-01-09 20:00:00+00:00,31.0,78.2,2.0775287780717564,10.227604763902217,30.560581175624772,188.02438265608694,417.1729714621917
2020-01-09 20:00:00+00:00,31.2,78.6,12.209389647332172,22.101015095053825,29.28755374311841,150.42836380030587,696.5614563957739
2020-01-09 20:00:00+00:00,30.7,78.9,6.076209832002129,35.30694386922143,61.12213720456298,352.710201329836,1353.700922867392
2020-01-09 20:00:00+00:00,30.3,78.5,33.469526596120275,69.83168483435969,104.28393213476042,332.8708213934893,1261.0123158207512
2020-01-09 20:00:00+00:00,30.1,78.3,14.917242953186687,55.51662411670567,135.9399932410057,400.77031615555717,617.8891626178802
2020-01-09 20:00:00+00:00,30.8,79.2,3.3519996507001055,13.685375324643246,25.44714501554665,133.02616038527844,597.4097915443915
2020-01-09 21:00:00+00:00,31.0,78.2,9.588767878846975,16.977573506514748,39.164852650308816,175.6271233011991,422.61239805199494
2020-01-09 21:00:00+00:00,30.8,79.2,5.199472699554745,17.72439253545163,27.989095092655763,125.51107467199621,551.3832596238929
2020-01-09 21:00:00+00:00,29.9,78.9,42.59535857137701,117.95467743648112,208.16286996047984,584.3241866997379,1078.4962061313136
2020-01-09 21:00:00+00:00,30.1,78.3,12.00521404057734,43.19301782401292,117.09230058664527,399.29659072111264,625.4163329894365
2020-01-09 21:00:00+00:00,30.3,78.5,38.33227288286358,93.16177503376255,132.27094337529928,339.6976609216847,1239.370698075366
2020-01-09 21:00:00+00:00,31.2,78.6,3.598541005735262,21.992673346787967,32.1558148051672,148.59896288039363,695.7334771119488
2020-01-09 21:00:00+00:00,30.7,78.9,0.7120038922031607,30.792636947424867,57.98077903995818,341.6762909755117,1348.1864898859021
2020-01-09 21:00:00+00:00,30.5,78.7,13.237032378658343,60.046202151611034,218.16149593971636,1085.0165328068642,2401.0393042320275
2020-01-09 22:00:00+00:00,29.9,78.9,33.67282161509651,114.5385233415237,217.7695147537505,591.7434327056254,1081.6096989256416
2020-01-09 22:00:00+00:00,30.1,78.3,8.007180581222384,34.92963757498641,98.8220246275758,401.3547674297247,628.4125288295102
2020-01-09 22:00:00+00:00,31.0,78.2,11.194140899749991,22.860437556668735,42.90221327059958,161.1633455390914,421.07876116234206
2020-01-09 22:00:00+00:00,30.5,78.7,22.804448861823005,54.99478484983809,172.62974370589757,1061.3084074443886,2416.0244080964003
2020-01-09 22:00:00+00:00,30.7,78.9,14.685437210415405,21.473650934620665,65.87641888441132,350.45262720213765,1357.296546141218
2020-01-09 22:00:00+00:00,31.2,78.6,3.670845067108725,19.47877572017616,35.369290899322976,151.63075530165366,698.9743886307857
2020-01-09 22:00:00+00:00,30.3,78.5,49.292929754369275,121.09472923335314,171.26278364153745,353.91249824226423,1228.3878854668403
2020-01-09 22:00:00+00:00,30.8,79.2,1.1929314231024473,9.744403773357297,25.858099362772652,125.75594251814451,511.0845769665705
2020-01-09 23:00:00+00:00,30.5,78.7,9.533785837918764,45.57526707840011,133.37023166068715,1020.9347383186243,2421.908938372555
2020-01-09 23:00:00+00:00,31.2,78.6,4.103457230237974,11.372843303081961,33.47385839813579,153.8027164304548,697.6941228521158
2020-01-09 23:00:00+00:00,30.8,79.2,13.232307465373262,19.624711588030454,33.310086912673704,137.31896705240328,487.5650059013999
2020-01-09 23:00:00+00:00,30.1,78.3,5.572411726618409,25.584806348418134,81.1014304651238,397.66229499029924,632.1606085870152
2020-01-09 23:00:00+00:00,31.0,78.2,2.2099917284894413,22.99290050708642,33.2205052709886,144.8708361092356,420.3640547579103
2020-01-09 23:00:00+00:00,30.3,78.5,46.66093612872246,134.28613876595531,204.11782360031498,377.21570807423643,1225.8609793353576
2020-01-09 23:00:00+00:00,29.9,78.9,29.400163403668824,105.66834359014234,216.245009404435,580.9481723792856,1083.4581204651238
2020-01-09 23:00:00+00:00,30.7,78.9,8.924978962049247,24.322420064667785,59.62936393388925,350.58120703847396,1364.9822959686992
2020-01-10 00:00:00+00:00,30.8,79.2,9.841546688478257,24.266785576953964,41.9911781124056,143.2986111259653,465.9727420634829
2020-01-10 00:00:00+00:00,30.5,78.7,10.295414376803585,42.63364907654535,102.6798512281564,988.8644745682815,2424.913541022474
2020-01-10 00:00:00+00:00,30.1,78.3,6.7258821121909875,20.30547442003178,63.4984922440447,403.6359603665644,638.1874887155489
2020-01-10 00:00:00+00:00,30.3,78.5,52.78099542826605,148.7348613113578,241.89663634512033,409.80249008117784,1235.3667872512053
2020-01-10 00:00:00+00:00,29.9,78.9,26.706338314721187,89.77932333348652,207.73400076996765,580.2156828431215,1090.1015533761097
2020-01-10 00:00:00+00:00,31.2,78.6,3.2183404539233536,10.992642751270052,32.98531609805802,152.012135937703,699.9183335114727
2020-01-10 00:00:00+00:00,30.7,78.9,4.991358876901413,28.601775049366037,59.39441199679095,329.8992303739677,1366.8578170952399
2020-01-10 00:00:00+00:00,31.0,78.2,3.4449552307001183,16.849087858939566,33.82666136545428,138.0959058061741,422.3742847869827
2020-01-10 01:00:00+00:00,31.2,78.6,3.480766200626249,10.802563884787576,30.281339604963733,149.21110055153713,689.3669336326535
2020-01-10 01:00:00+00:00,30.1,78.3,6.676995092766265,18.975288931575662,53.90492650656207,407.0809183242397,640.1641229559074
2020-01-10 01:00:00+00:00,31.0,78.2,4.4788213143185605,10.133768273508135,32.99420583017684,120.85902419664103,423.16463665601674
2020-01-10 01:00:00+00:00,30.3,78.5,56.23403850944841,155.67597006643692,276.77069929979007,450.9881512000282,1252.0909983265747
2020-01-10 01:00:00+00:00,30.7,78.9,5.410548386957778,19.32688622590841,40.80053716052912,308.08537688169815,1361.2878494848067
2020-01-10 01:00:00+00:00,29.9,78.9,18.585039815053907,74.69154153344391,189.2300648749676,571.5178956415364,1085.8011511555178
2020-01-10 01:00:00+00:00,30.8,79.2,11.866660322606087,34.94051447645761,44.684918249814906,147.20201466181396,454.3674564921199
2020-01-10 01:00:00+00:00,30.5,78.7,28.790588656868582,48.61978887159093,103.61457372142902,977.7265380332593,2450.6673584895543
2020-01-10 02:00:00+00:00,31.2,78.6,7.820395409808126,14.519502064357727,25.892345367439688,143.3365064780222,689.1012754255904
2020-01-10 02:00:00+00:00,29.9,78.9,21.979357806802884,67.27073593657798,172.93907952672032,561.8341105347464,1097.0322591608974
2020-01-10 02:00:00+00:00,30.8,79.2,32.08738301300118,53.79559002408552,73.42030161211598,166.36613988438978,463.4398283590786
2020-01-10 02:00:00+00:00,30.5,78.7,10.60131119864785,49.68731423232002,95.26258131072012,950.6208282869887,2458.654049174191
2020-01-10 02:00:00+00:00,31.0,78.2,13.500904048628922,21.424680593647615,44.417581100734,127.18812494884602,436.15288170751046
2020-01-10 02:00:00+00:00,30.1,78.3,3.7545346723301463,17.157411877287398,42.742218225705535,404.2997355609419,639.1462107371625
2020-01-10 02:00:00+00:00,30.7,78.9,7.644590627873667,18.04649789173283,42.36891795640066,280.1765229911949,1363.5919734728488
2020-01-10 02:00:00+00:00,30.3,78.5,50.975228577410256,159.99026251512473,294.27640128108,477.8860963122572,1277.760644006842
2020-01-10 03:00:00+00:00,31.2,78.6,3.9988854670954233,15.300047077529797,26.29268982879985,129.7627136780981,687.3518364292815
2020-01-10 03:00:00+00:00,30.3,78.5,47.530919972446505,154.74018705930516,303.47504837066293,510.342044472494,1308.2787480044651
2020-01-10 03:00:00+00:00,30.5,78.7,14.667600206326412,54.05950006184284,96.6931491383882,936.8459735844983,2469.2349808082317
2020-01-10 03:00:00+00:00,31.0,78.2,5.931486929751985,23.91121229269948,40.760300151639015,124.11654873369672,441.59611358432784
2020-01-10 03:00:00+00:00,30.8,79.2,23.354215579263705,67.30825891487096,91.57504449182494,185.71326699042393,464.3391232062549
2020-01-10 03:00:00+00:00,30.7,78.9,10.038277182797065,23.093416197628482,51.695191246994554,248.62738232444426,1369.6188182341853
2020-01-10 03:00:00+00:00,29.9,78.9,13.898203405474582,54.462601027331374,144.2419243608179,549.9299302790284,1103.387510793556
2020-01-10 03:00:00+00:00,30.1,78.3,2.7674088347911256,13.198938599887537,33.50441301991932,393.90053345315334,639.375024522084
2020-01-10 04:00:00+00:00,30.5,78.7,2.3458516964226788,27.61476310139694,76.23455197298787,899.9671501089786,2469.6487505614537
2020-01-10 04:00:00+00:00,30.8,79.2,27.769933892376613,83.2115324846415,118.1520469610991,210.12066320889565,480.4090372728365
2020-01-10 04:00:00+00:00,30.7,78.9,8.385219621156512,26.068087431827216,45.39497365773567,219.24665936080635,1376.4468634552493
2020-01-10 04:00:00+00:00,30.3,78.5,47.38133165811264,145.88748020796942,301.5634502744063,552.3050589803572,1343.9281188500802
2020-01-10 04:00:00+00:00,31.2,78.6,3.779446683748815,15.598727560652364,26.401291445439938,130.57433916245967,676.3203991023513
2020-01-10 04:00:00+00:00,30.1,78.3,3.6550677041609143,10.177011211282187,29.152300142857847,390.9980286188919,637.9686504477181
2020-01-10 04:00:00+00:00,31.0,78.2,2.701544992858668,22.133935971239588,32.26770424474769,125.86587376469704,443.29753592032756
2020-01-10 04:00:00+00:00,29.9,78.9,11.048545016464217,46.92610622874169,121.6176477621856,540.9904360585734,1100.0679388605427
2020-01-10 05:00:00+00:00,30.1,78.3,3.848484352571398,10.270960891523437,27.42837276881084,390.39604231447225,639.1383062990674
2020-01-10 05:00:00+00:00,29.9,78.9,4.804254678997136,29.751003100935936,97.02173903751391,527.3557129493789,1099.3171406454917
2020-01-10 05:00:00+00:00,30.5,78.7,4.6775249533093355,21.690976856058427,71.37829108837843,879.5988215346829,2472.126779481661
2020-01-10 05:00:00+00:00,30.8,79.2,22.484276287856073,73.60842575949638,127.40401578358191,230.5563850393504,488.70110041518154
2020-01-10 05:00:00+00:00,30.3,78.5,38.4611507588578,133.37340238941695,293.3636649045416,584.2566230093983,1369.5724215709076
2020-01-10 05:00:00+00:00,30.7,78.9,6.563784083732554,24.9872808876861,43.03377877941898,196.60818675062535,1380.9744762959467
2020-01-10 05:00:00+00:00,31.0,78.2,8.503781682329315,17.13681360493998,38.56149419858757,134.14883929780905,447.2217984512481
2020-01-10 05:00:00+00:00,31.2,78.6,24.132909887018826,31.911242037863065,46.43074410222079,150.22179900545552,682.0841280637228
2020-01-10 06:00:00+00:00,31.2,78.6,5.819788111962679,33.73214468273032,49.03219176026012,146.00876468035383,653.0594437845841
2020-01-10 06:00:00+00:00,30.8,79.2,23.018488223624175,73.27269840385685,140.58095731872783,251.01461542545908,508.60229299074103
2020-01-10 06:00:00+00:00,31.0,78.2,5.77978269441504,16.985109369603038,40.89632166230249,137.6494453429593,447.6922032828904
2020-01-10 06:00:00+00:00,30.1,78.3,1.5834590217910613,9.087011078523375,22.285949678410912,385.81257102319125,638.4792191073004
2020-01-10 06:00:00+00:00,29.9,78.9,5.812395299538098,21.665194994999453,76.12779602233083,515.8939753613545,1102.976869877565
2020-01-10 06:00:00+00:00,30.5,78.7,5.043045833788774,12.066422483520789,66.12592254536364,856.0546026324465,2468.8302331476675
2020-01-10 06:00:00+00:00,30.7,78.9,5.692493659067531,20.641497363956567,43.734913561585095,184.6268727542981,1382.0510827168996
2020-01-10 06:00:00+00:00,30.3,78.5,33.71311582622938,119.55559824319982,274.295785302505,615.0940893675911,1388.0413960863636
2020-01-10 07:00:00+00:00,30.3,78.5,29.146124862938855,101.32039144802602,247.2078716559954,635.4125824506201,1410.1437422565302
2020-01-10 07:00:00+00:00,30.5,78.7,10.441671096265061,20.162241883363173,47.77700498476011,841.0237625058168,2479.006198312864
2020-01-10 07:00:00+00:00,29.9,78.9,4.826688631737398,15.443338610272633,62.369444839014314,500.00496722195896,1104.8001457485943
2020-01-10 07:00:00+00:00,30.1,78.3,3.1606788868296936,8.592622261192153,18.76963347247434,375.28538150573354,641.5336331484743
2020-01-10 07:00:00+00:00,31.0,78.2,13.303936271568759,27.587500648313128,49.721436619552684,143.53400482930692,455.62184667578447
2020-01-10 07:00:00+00:00,30.7,78.9,1.4003553994671525,13.656633142267209,39.72472057409447,176.54733192594878,1382.8706183744355
2020-01-10 07:00:00+00:00,30.8,79.2,10.079706189754235,55.58247070123447,138.79400318587597,247.92011504889274,513.5490527038813
2020-01-10 07:00:00+00:00,31.2,78.6,9.897035022483335,39.84973302146484,55.44846058211721,145.93857824474887,626.5386427554059
2020-01-10 08:00:00+00:00,30.3,78.5,23.685826165802446,86.54506685497068,219.9184692443876,645.1877932053991,1430.5692872156383
2020-01-10 08:00:00+00:00,29.9,78.9,2.7371634401392706,13.376247371414767,43.127250472350696,491.6361903317551,1102.6526539576537
2020-01-10 08:00:00+00:00,30.1,78.3,9.919485484758681,14.663623393379437,24.934584284902876,366.1912409991264,650.5013169758384
2020-01-10 08:00:00+00:00,31.2,78.6,13.723419897285972,29.440243031731985,61.35148506959504,156.3036512728948,597.178052668606
2020-01-10 08:00:00+00:00,30.5,78.7,14.905764330470742,30.390481260524577,52.08145811658301,810.8124375791866,2490.392508876555
2020-01-10 08:00:00+00:00,30.7,78.9,11.301568680417411,18.394417738952065,43.38169862663821,182.2098504788265,1390.7241562578995
2020-01-10 08:00:00+00:00,30.8,79.2,4.053287542460253,37.151481955838655,110.75990771533506,247.90999553745235,513.666150684725
2020-01-10 08:00:00+00:00,31.0,78.2,21.842611889831524,40.92633085581534,58.06314446075529,164.71746198896722,477.1110345607455
2020-01-10 09:00:00+00:00,30.5,78.7,5.384908457683873,30.732343884419677,42.798766367940466,772.5930380446976,2488.0029247704715
2020-01-10 09:00:00+00:00,30.7,78.9,4.060638879939729,16.762562959824265,37.40406032378088,183.49719373618066,1392.0267239742939
2020-01-10 09:00:00+00:00,29.9,78.9,9.417857874602658,16.981709946479327,38.64690494147878,493.41008589609345,1102.0227523792282
2020-01-10 09:00:00+00:00,31.0,78.2,12.814657030528139,47.961205191928435,64.94631456153144,176.8333153878993,482.79663531377673
2020-01-10 09:00:00+00:00,30.3,78.5,33.68917871293736,86.52112974167866,206.07672798487846,676.0030964556041,1461.7021389744468
2020-01-10 09:00:00+00:00,30.8,79.2,4.0783140970023775,18.211307829216857,91.48400623307373,250.45316278814911,514.4825568151084
2020-01-10 09:00:00+00:00,31.2,78.6,20.214049308656517,43.83450422842582,77.56664891115614,172.97919315304617,569.4072558849509
2020-01-10 09:00:00+00:00,30.1,78.3,0.05883800312935347,13.139002374717728,22.2260134532411,343.42066374900617,645.962564723872
2020-01-10 10:00:00+00:00,30.1,78.3,8.54395979054645,18.522283278434486,27.11490553962664,327.7322410172363,644.9897324220925
2020-01-10 10:00:00+00:00,30.8,79.2,8.941787863211607,17.07338950267423,72.65586020390872,249.05539457500257,520.4958579778857
2020-01-10 10:00:00+00:00,30.5,78.7,5.8270679120768145,26.11774070023143,46.2799825835946,726.6793589673163,2486.173131741082
2020-01-10 10:00:00+00:00,31.0,78.2,31.479118062682915,66.1363869830426,93.7238876313557,194.34416853858875,506.54412583666544
2020-01-10 10:00:00+00:00,30.3,78.5,18.201014718338357,75.57601959707816,176.89641104510417,686.5298179042018,1473.5551138924645
2020-01-10 10:00:00+00:00,31.2,78.6,18.94497350364128,52.88244270958377,92.73217573104861,180.90601088129137,542.8287242296294
2020-01-10 10:00:00+00:00,30.7,78.9,9.669506367307592,25.031713927664704,38.68834706993196,186.57577117466005,1391.179924736565
2020-01-10 10:00:00+00:00,29.9,78.9,6.069187887001113,18.224209201743044,33.66754781201568,487.5581331545465,1105.879061659098
2020-01-10 11:00:00+00:00,30.1,78.3,3.497690157424987,12.100487951100792,26.764111344480227,305.8347810355371,645.0791629090824
2020-01-10 11:00:00+00:00,30.8,79.2,4.601197194235887,17.621299154449865,54.772781110288534,249.07100225289506,511.5901854371082
2020-01-10 11:00:00+00:00,31.2,78.6,17.398507612760366,56.55753042505816,85.99777345679014,197.7248500416031,523.4388071240153
2020-01-10 11:00:00+00:00,30.5,78.7,10.374611655237402,21.58658802499809,51.977069285522674,667.7080650334759,2492.9380489601654
2020-01-10 11:00:00+00:00,30.3,78.5,16.11969953519224,68.00989296646796,154.55495982143862,701.0806993847591,1487.5788062494296
2020-01-10 11:00:00+00:00,29.9,78.9,2.9740022176558476,18.461047979259618,31.837295350674385,480.4018757568997,1094.6832058748287
2020-01-10 11:00:00+00:00,31.0,78.2,18.206533602001134,62.5003086952122,103.4266395510275,210.25377199086222,522.8006999411342
2020-01-10 11:00:00+00:00,30.7,78.9,0.75510631051077,14.485251557758062,32.87966929671017,184.28861599574324,1389.8284801584994
2020-01-10 12:00:00+00:00,30.8,79.2,6.5040642215229605,20.047049278970448,38.25835710818732,244.8491670536842,517.76776926529
2020-01-10 12:00:00+00:00,31.2,78.6,20.152596122687147,56.49607723908879,100.3305814675146,201.99912730967912,510.81820294018564
2020-01-10 12:00:00+00:00,30.1,78.3,0.4973069735920547,12.538956921563493,25.67795929628122,282.4215508865286,642.1321296625292
2020-01-10 12:00:00+00:00,30.3,78.5,22.477262088510102,56.7979763420407,143.31910608371936,721.9794383230324,1506.3202534876136
2020-01-10 12:00:00+00:00,30.7,78.9,7.377326437301492,17.801939115119822,34.56450207494413,188.14540163494212,1386.5661311233769
2020-01-10 12:00:00+00:00,31.0,78.2,27.558545213530035,77.2441968782141,125.2054020701425,234.3897949652338,545.6664352380808
2020-01-10 12:00:00+00:00,29.9,78.9,6.535081446732393,15.578271551389353,32.55998149786868,467.17369890880786,1085.861250735997
2020-01-10 12:00:00+00:00,30.5,78.7,4.375310018673675,20.57698958598789,51.309333470407566,600.5871348289537,2472.0850270792644
2020-01-10 13:00:00+00:00,30.8,79.2,7.726149535444375,18.831410951203218,35.90480045387746,246.69977461263238,514.4220372232172
2020-01-10 13:00:00+00:00,30.1,78.3,13.152814396939188,17.14781152795623,35.670094806390715,269.88108477338545,647.0056462947705
2020-01-10 13:00:00+00:00,30.7,78.9,10.1814627595877,18.31389550739993,43.345609435064674,179.7839929423827,1392.3697808792674
2020-01-10 13:00:00+00:00,30.5,78.7,22.417365379694978,37.16728705360605,63.28502775383749,545.9479311528886,2485.7832819421665
2020-01-10 13:00:00+00:00,31.0,78.2,32.799261486355974,78.56434030188716,144.7007272849297,261.71862858560837,577.4130720225861
2020-01-10 13:00:00+00:00,30.3,78.5,8.760915748661487,47.35787737236383,122.93389696944199,722.8607536928159,1512.3956364606174
2020-01-10 13:00:00+00:00,29.9,78.9,0.2586900314104407,9.767773695798681,27.99198289754172,446.7303609085868,1085.1411850586155
2020-01-10 13:00:00+00:00,31.2,78.6,24.91820085419987,62.46930458964738,115.35174729923115,221.1845304081821,514.7687466708379
2020-01-10 14:00:00+00:00,30.5,78.7,20.91497429743634,47.70764969580499,69.29423772080308,488.466852198861,2482.373724854168
2020-01-10 14:00:00+00:00,30.1,78.3,0.82110162548835,14.471222996019593,26.571710947120383,230.1885066987345,645.5090190734295
2020-01-10 14:00:00+00:00,30.3,78.5,11.99292806136473,43.23110589853632,111.24099886500426,729.7198015252324,1511.8237340079124
2020-01-10 14:00:00+00:00,30.7,78.9,9.098417112642482,26.657206309531645,41.14245786728975,188.01521165489166,1400.5309331742321
2020-01-10 14:00:00+00:00,29.9,78.9,9.182877355446665,15.9766488335895,34.43769681284912,437.179629833588,1093.6670048888302
2020-01-10 14:00:00+00:00,30.8,79.2,3.541308071896338,17.771521828863666,35.39282098331355,245.02017532631123,513.711814399426
2020-01-10 14:00:00+00:00,31.2,78.6,23.349515066428275,68.42031204331529,124.97784246837345,241.5092266485266,526.8991694927252
2020-01-10 14:00:00+00:00,31.0,78.2,34.91813319983979,95.27593989972581,157.77624859493798,290.81755533205205,605.927542111962
2020-01-10 15:00:00+00:00,30.5,78.7,29.72596017258818,73.0582998497195,93.63528943570739,451.2887008817524,2497.2209867999504
2020-01-10 15:00:00+00:00,31.2,78.6,26.909711775560247,75.17742769618839,131.67350493527718,267.68865848040036,546.2991187463398
2020-01-10 15:00:00+00:00,29.9,78.9,13.879616463893894,23.321183850750998,38.899455402140354,429.9511546649168,1102.8318719552701
2020-01-10 15:00:00+00:00,31.0,78.2,39.35565303742432,107.07304772362009,184.31724460183418,329.1887119653135,645.0300793854964
2020-01-10 15:00:00+00:00,30.7,78.9,2.1130662277924546,21.392946100022606,39.19488521514247,186.27491582587615,1400.5494972812628
2020-01-10 15:00:00+00:00,30.3,78.5,14.33782559013699,35.091669400163205,91.8896457422039,733.7123654730447,1523.962530918044
2020-01-10 15:00:00+00:00,30.1,78.3,9.149227867571929,23.12314388999947,35.66210081156296,208.48482787136865,648.1289634754758
2020-01-10 15:00:00+00:00,30.8,79.2,7.373158491076279,18.640616098416984,38.68766537738745,249.73581119494187,518.1814735894326
2020-01-10 16:00:00+00:00,29.9,78.9,16.565435671091315,39.62792949043187,49.395703186230556,422.45041351418234,1115.477280766172
2020-01-10 16:00:00+00:00,30.3,78.5,5.387158331858744,31.717911983360462,79.07578935572428,728.7984343167723,1528.8513633332668
2020-01-10 16:00:00+00:00,30.1,78.3,4.962160650154981,14.93249014321526,32.08030167117149,187.16953198123176,652.5889095851122
2020-01-10 16:00:00+00:00,31.2,78.6,22.125029615205452,72.38425645719397,134.85356104684135,289.35631912265285,563.9944286917976
2020-01-10 16:00:00+00:00,30.8,79.2,6.151971108739711,17.066437671712322,35.897848622915554,252.563855150696,523.0220514406597
2020-01-10 16:00:00+00:00,30.5,78.7,35.20548116855436,85.84641563857889,123.01370269218494,418.15798095466494,2505.0632339202766
2020-01-10 16:00:00+00:00,30.7,78.9,14.837218219777016,26.048701560211924,44.3625970676119,194.3223366796909,1402.5858873742543
2020-01-10 16:00:00+00:00,31.0,78.2,40.070245738168744,114.34403197543287,192.90837227731998,361.80217742402294,684.2311439117107
2020-01-10 17:00:00+00:00,30.8,79.2,3.9974110773355918,17.522540677151575,35.29406250601526,250.7809463125594,522.6063590550577
2020-01-10 17:00:00+00:00,31.0,78.2,44.52819263089415,123.95409140648722,219.230031306213,394.4386703268167,722.2425180902046
2020-01-10 17:00:00+00:00,31.2,78.6,24.78146728080622,73.81620867157191,142.2365207148872,308.1388966720339,580.0466836096779
2020-01-10 17:00:00+00:00,30.1,78.3,1.352061168841615,15.463449686568525,29.93467268258812,165.22858726100299,651.9230977051549
2020-01-10 17:00:00+00:00,29.9,78.9,7.422559662582192,37.8676117975674,53.84426063115691,398.94830442378014,1117.9866472081173
2020-01-10 17:00:00+00:00,30.7,78.9,0.7113126913663114,17.661597138935754,44.31880344846744,179.86161545848591,1400.7676365532457
2020-01-10 17:00:00+00:00,30.5,78.7,37.95017090299683,102.88161224413938,150.58926193994438,407.31485397453264,2512.222710512549
2020-01-10 17:00:00+00:00,30.3,78.5,32.64392337927766,52.368907301273396,95.6000131998097,747.636461526105,1551.4441979021904
2020-01-10 18:00:00+00:00,31.2,78.6,19.33186394711347,66.23836084312515,141.41578853931352,323.76387786514624,596.4530997996026
2020-01-10 18:00:00+00:00,30.5,78.7,18.653502352166168,91.80915442371736,164.86745427343686,384.98256151736445,2501.3611029068747
2020-01-10 18:00:00+00:00,29.9,78.9,8.484482173736955,32.47247750741046,55.79366135816147,372.21543964832864,1121.2186462586164
2020-01-10 18:00:00+00:00,31.0,78.2,53.94646316859088,138.5449015376538,245.61794926127385,445.5463343591731,774.6879069913775
2020-01-10 18:00:00+00:00,30.7,78.9,4.532598086653212,20.081128997796508,41.47407509781916,179.1679027311394,1393.9528763806795
2020-01-10 18:00:00+00:00,30.1,78.3,9.451869461788542,15.766091280785139,38.8892351707846,150.35163638952145,657.1897234146296
2020-01-10 18:00:00+00:00,30.8,79.2,6.682124501697389,16.831506687772684,35.472122786189686,256.30261532551043,524.9302030568176
2020-01-10 18:00:00+00:00,30.3,78.5,6.814196989756627,44.845278700893026,79.93694810105622,739.4484758324008,1550.225174475604
2020-01-10 19:00:00+00:00,30.3,78.5,2.428589174256031,41.886709543290316,73.60462152665076,720.5170894518783,1548.7759950867232
2020-01-10 19:00:00+00:00,29.9,78.9,6.070020171247189,21.977062007566335,61.60499149799821,341.19648410952186,1126.3965151371403
2020-01-10 19:00:00+00:00,30.7,78.9,1.9878924244803735,7.231803202499867,33.280504762711836,157.15137193240014,1394.2958117086505
2020-01-10 19:00:00+00:00,30.5,78.7,16.569488982978786,73.1731622381418,159.01957787672066,373.69618433674725,2481.791974226459
2020-01-10 19:00:00+00:00,30.1,78.3,0.26865388673081086,11.072584517360967,26.005074660576227,134.34972944600335,647.9986100808406
2020-01-10 19:00:00+00:00,31.2,78.6,18.539155230309884,62.652486458229575,135.03674291542353,336.11829040173563,612.0735796080694
2020-01-10 19:00:00+00:00,30.8,79.2,2.19070598094322,12.870241559976193,29.936679231688526,249.32040112125685,518.1774981070646
2020-01-10 19:00:00+00:00,31.0,78.2,49.80058822464021,148.27524402412524,262.6192759995581,490.0356457342173,823.6515313616944
2020-01-10 20:00:00+00:00,30.3,78.5,14.551022291249957,23.793808455262614,76.16271575653599,701.598585147008,1560.1044822065883
2020-01-10 20:00:00+00:00,30.1,78.3,4.41698068308283,14.137504031602184,29.600953718170707,123.8494671758995,650.2067338858759
2020-01-10 20:00:00+00:00,30.7,78.9,9.672309373768886,16.192799884902442,33.854397023838246,160.7474714741669,1402.1622695336632
2020-01-10 20:00:00+00:00,29.9,78.9,2.5727557225389663,17.12725806752311,54.994869865090514,305.4988966770107,1121.819956402328
2020-01-10 20:00:00+00:00,30.5,78.7,4.199895921963457,39.42288725710842,142.30449950124776,358.94277664935396,2447.474661349849
2020-01-10 20:00:00+00:00,30.8,79.2,8.947945910143867,17.820776392784467,35.34331706993606,254.91634738070064,523.2906420499663
2020-01-10 20:00:00+00:00,31.2,78.6,17.389996022573392,55.26101519999675,129.07722387156866,341.29889677697685,626.9083037502891
2020-01-10 20:00:00+00:00,31.0,78.2,57.3559726200575,161.1030240132886,285.0571154197758,545.3140895762031,878.8562683542017
2020-01-10 21:00:00+00:00,31.0,78.2,50.52726018310832,157.68382102780603,296.2287225654598,586.2525818804644,918.3225392813991
2020-01-10 21:00:00+00:00,30.3,78.5,5.544584504451149,22.524195969957137,67.36947467085015,668.8108967685955,1561.2839879531248
2020-01-10 21:00:00+00:00,29.9,78.9,1.3536478851435272,9.99642377892968,42.46890128634015,264.25718599077715,1122.624053500286
2020-01-10 21:00:00+00:00,30.7,78.9,13.30054295604778,24.96074475429701,45.041873752093565,173.33601053801152,1410.29171677749
2020-01-10 21:00:00+00:00,30.5,78.7,7.6178274102473,28.38721231518955,120.1963667389069,353.32357168094296,2414.987251702138
2020-01-10 21:00:00+00:00,30.1,78.3,1.7693355291550965,6.4549700989687375,22.221061379753873,113.61358866447725,643.8657586921752
2020-01-10 21:00:00+00:00,30.8,79.2,8.183807810974683,19.322459702061764,36.15396638983446,257.90068249212055,529.0452203803873
2020-01-10 21:00:00+00:00,31.2,78.6,15.22605282765742,51.1552040805407,117.39356492366583,352.926408598899,628.4085656972155
2020-01-10 22:00:00+00:00,30.5,78.7,2.048630129788882,13.866353461999648,87.03951570014142,332.56775294890883,2360.875040933814
2020-01-10 22:00:00+00:00,30.3,78.5,4.0245321772085445,24.12013897290965,66.00684851619995,623.5424991914348,1558.1577005661368
2020-01-10 22:00:00+00:00,29.9,78.9,9.298707320660318,13.225110928342808,35.20217293590915,239.88307169634098,1113.726105477966
2020-01-10 22:00:00+00:00,30.1,78.3,4.144435571062302,10.33075178330023,21.403336300661195,109.75084365431717,646.0259833221561
2020-01-10 22:00:00+00:00,30.8,79.2,3.4254004589509983,20.557154180069542,33.42739574004575,260.1331515279691,519.273069354767
2020-01-10 22:00:00+00:00,30.7,78.9,14.282998645692,37.255850975508636,44.48765417800855,172.93357197328814,1417.722942221582
2020-01-10 22:00:00+00:00,31.0,78.2,47.5727297676728,155.45596257083864,303.73120659496385,622.6311707483873,958.1350479882949
2020-01-10 22:00:00+00:00,31.2,78.6,13.644166679891015,46.260215530121826,108.9127019883514,362.8997302116813,641.1488829517498
2020-01-10 23:00:00+00:00,30.3,78.5,1.3217188056548799,10.890835487314574,34.68464394257717,578.2032818683673,1545.5861267374385
2020-01-10 23:00:00+00:00,30.5,78.7,7.85002135284572,17.51647889288191,56.93936614999031,330.8839884638358,2315.8821634275173
2020-01-10 23:00:00+00:00,29.9,78.9,1.7388991035002066,12.391254309304049,29.518512376827164,212.22180739617235,1112.766179050608
2020-01-10 23:00:00+00:00,30.1,78.3,1.553330747803336,7.467101848020734,21.60460587962292,105.7317626755021,643.6493072999551
2020-01-10 23:00:00+00:00,31.0,78.2,48.11009082378452,146.21008077456565,307.31310478785423,668.5312698436824,1001.8857839420674
2020-01-10 23:00:00+00:00,30.7,78.9,0.6882901599226636,28.271831761662412,44.464631646564904,164.69688317116155,1413.2630789921488
2020-01-10 23:00:00+00:00,30.8,79.2,0.3999407685804925,12.009149038506166,29.82992543129065,247.30078483117634,517.2948353565939
2020-01-10 23:00:00+00:00,31.2,78.6,12.054224821886324,40.924444329434756,96.18545952943151,370.85049780332963,649.7696409516524
2020-01-11 00:00:00+00:00,31.2,78.6,7.661834481210934,33.360225982988275,84.51543006352897,375.29399183061724,656.2019052373661
2020-01-11 00:00:00+00:00,31.0,78.2,60.3110950119208,155.99391560337813,313.67773663118413,725.3974096249029,1058.8389916035976
2020-01-11 00:00:00+00:00,29.9,78.9,7.992532902900415,19.030139327060937,29.026563105990622,193.50800198435158,1118.3143556757707
2020-01-11 00:00:00+00:00,30.7,78.9,7.395175281709704,22.36646408732434,47.32720884162139,167.10069957596983,1414.2816447673074
2020-01-11 00:00:00+00:00,30.8,79.2,0.2036305414261979,4.028971768957682,23.351431471019456,237.6628686841243,512.2176174858439
2020-01-11 00:00:00+00:00,30.1,78.3,15.396109696726093,21.093876015591732,27.54884611456047,114.4019902600372,657.263379738423
2020-01-11 00:00:00+00:00,30.3,78.5,26.684060441219334,32.03031142408276,54.554507394039874,552.1063468813204,1558.1854390865954
2020-01-11 00:00:00+00:00,30.5,78.7,2.648495953907406,12.547147436542016,40.934359751731556,323.2370700409396,2266.6579340525864
2020-01-11 01:00:00+00:00,30.3,78.5,7.839529679285459,35.845308926159674,59.965447899069304,503.71183805115754,1544.5571464125055
2020-01-11 01:00:00+00:00,30.5,78.7,2.270238694548602,12.768756001301734,26.63510946330137,296.71672007861963,2215.0650049845044
2020-01-11 01:00:00+00:00,29.9,78.9,7.658473310689731,17.38990531709035,30.615016245433164,182.58143547998742,1124.486894552304
2020-01-11 01:00:00+00:00,31.2,78.6,10.046680154994739,29.762739458091996,76.02295498821383,381.85990578498576,663.5471067939947
2020-01-11 01:00:00+00:00,30.1,78.3,3.579294251470153,20.52873469599958,30.85948647929981,111.30428941874109,655.0845841195916
2020-01-11 01:00:00+00:00,30.8,79.2,2.5018628459302668,3.10543415593695,23.662588336006507,228.29807120744846,513.4980365200175
2020-01-11 01:00:00+00:00,30.7,78.9,3.6856510355628695,11.769116477195206,49.02496745270389,165.37580222457493,1403.9011666906827
2020-01-11 01:00:00+00:00,31.0,78.2,55.69932944495867,164.120515280664,319.5764778515026,776.6179177555431,1109.7127146692305
2020-01-11 02:00:00+00:00,29.9,78.9,16.760445191882567,32.41145140547271,44.802705714776764,177.3625228650671,1128.1376736224136
2020-01-11 02:00:00+00:00,30.7,78.9,3.999578606806337,15.08040492407888,43.352236685741346,161.73079020350758,1395.0010322948397
2020-01-11 02:00:00+00:00,30.5,78.7,8.701073790290076,13.619808438746091,31.136287331627987,294.81648267026185,2169.670630232872
2020-01-11 02:00:00+00:00,31.0,78.2,35.7152217140152,151.7256461708947,297.9357269454603,798.8322354209294,1142.5838412634616
2020-01-11 02:00:00+00:00,30.3,78.5,3.3034283741657298,37.82701849467052,48.71785398198507,456.040037847913,1519.8692502253064
2020-01-11 02:00:00+00:00,30.8,79.2,4.857574395454214,7.563067782810672,19.57221682131685,201.06826258990154,515.9941882081014
2020-01-11 02:00:00+00:00,30.1,78.3,3.133393533961164,22.108797482157406,29.575899330178146,110.68314828037212,646.3752199163154
2020-01-11 02:00:00+00:00,31.2,78.6,16.691883267004094,34.400397903209765,75.32484223264453,390.7313936421817,673.2575834268905
2020-01-11 03:00:00+00:00,30.3,78.5,5.726706379765469,16.869664433216656,48.899975857299395,414.235824255232,1492.1500970235531
2020-01-11 03:00:00+00:00,30.7,78.9,1.7638778002826072,9.449107442651783,31.815571529976165,153.45639082099314,1373.9477948178517
2020-01-11 03:00:00+00:00,30.5,78.7,6.721305228325374,17.692617713164058,30.23976514970606,286.8701876922608,2116.6895529557955
2020-01-11 03:00:00+00:00,31.0,78.2,31.730226696249517,123.14477785522341,279.1386934586015,824.6309751874269,1168.3834345726282
2020-01-11 03:00:00+00:00,29.9,78.9,28.7575130033731,53.176431505945395,72.20657083300634,192.2218324629656,1155.5262889008793
2020-01-11 03:00:00+00:00,30.1,78.3,1.9007067281942889,8.613394513625606,29.70727052921734,109.81644617377528,638.3910989062924
2020-01-11 03:00:00+00:00,31.2,78.6,16.410183302432998,43.14874672443183,76.5089727074201,403.1426914775193,685.8350047760661
2020-01-11 03:00:00+00:00,30.8,79.2,5.3149782298645984,12.674415471249072,16.703387240206766,183.0290252405024,520.2721252241714
2020-01-11 04:00:00+00:00,31.2,78.6,24.624810247593278,57.72687681703037,87.48961627512236,423.98805504136374,705.6749224194518
2020-01-11 04:00:00+00:00,30.7,78.9,3.2239757221331242,8.987432129222038,20.75654860641729,148.29514692196975,1344.703706563344
2020-01-11 04:00:00+00:00,30.3,78.5,10.414497541587478,19.444632295518677,55.289941221678326,377.2689901387068,1467.850963044866
2020-01-11 04:00:00+00:00,30.8,79.2,1.061386620461673,11.233939245780478,14.339373401717443,156.32047796858748,519.7540661220579
2020-01-11 04:00:00+00:00,29.9,78.9,39.431631996095625,84.94959019135129,102.33949550844164,220.604919442597,1188.46079426726
2020-01-11 04:00:00+00:00,30.1,78.3,5.817775310232264,10.851875572387716,31.3806102683873,111.97915377984663,637.9991371898745
2020-01-11 04:00:00+00:00,31.0,78.2,30.87171046273722,98.31715887300194,262.43767415366597,852.8011406573054,1199.156045778979
2020-01-11 04:00:00+00:00,30.5,78.7,0.49806728412552387,15.92044630274098,28.689202304042702,285.02240327996367,2064.3642156300893
2020-01-11 05:00:00+00:00,30.1,78.3,12.793833090148592,20.512315128575143,42.62111261073255,120.92450251742382,648.637809805186
2020-01-11 05:00:00+00:00,31.0,78.2,26.720099855187662,89.32203701417441,241.04768318506908,871.0174588301638,1218.4263757170697
2020-01-11 05:00:00+00:00,30.8,79.2,1.64139672149769,8.017761571823954,15.58082935463464,135.47759840222906,519.7303428500626
2020-01-11 05:00:00+00:00,30.7,78.9,4.883707026659612,9.871560549075312,24.95196547315424,146.6150698648968,1309.837530076517
2020-01-11 05:00:00+00:00,30.5,78.7,3.661174928508225,10.88054744095913,24.500355879705207,284.00605325516256,2021.0635253404155
2020-01-11 05:00:00+00:00,31.2,78.6,23.67825717168634,64.71325072171261,99.11364862492238,423.53340232603125,725.6608397505418
2020-01-11 05:00:00+00:00,30.3,78.5,2.6901225272972185,18.831326448650167,56.65834494332067,341.4979619071462,1428.0392449936205
2020-01-11 05:00:00+00:00,29.9,78.9,54.56009760949991,122.74924260896864,155.16069401444133,270.36076237309976,1236.4419032783699
2020-01-11 06:00:00+00:00,30.8,79.2,3.656414461866383,6.359197803825738,19.033613275074824,116.11552464047129,508.52486720995785
2020-01-11 06:00:00+00:00,30.5,78.7,5.241416253320372,9.400658465954127,27.09327617911817,284.20442367469417,1981.6235485122995
2020-01-11 06:00:00+00:00,30.7,78.9,10.305127691230174,18.41281044002288,27.86191788267471,151.22770389705946,1280.498469575994
2020-01-11 06:00:00+00:00,29.9,78.9,51.82565702857835,145.8173866341739,198.99381814011926,316.37402410214,1276.8404001338379
2020-01-11 06:00:00+00:00,30.1,78.3,5.704619017770346,24.3162274181512,32.92962193177681,125.0456625134031,649.8118417353874
2020-01-11 06:00:00+00:00,31.0,78.2,23.2795915002392,80.87140181816409,204.01617967338746,888.517267635988,1233.807441897008
2020-01-11 06:00:00+00:00,31.2,78.6,14.124629318526553,62.42769673780617,105.576443462238,431.8382435325951,736.2435586652531
2020-01-11 06:00:00+00:00,30.3,78.5,12.115836817302714,25.22045688618741,42.09012131940405,319.9006828982196,1403.0505589174068
2020-01-11 07:00:00+00:00,30.1,78.3,12.597517079598248,31.095969187517184,41.9478447599049,134.48250070617166,657.5116427583001
2020-01-11 07:00:00+00:00,30.3,78.5,8.405036753535482,23.210996098135414,42.65562839365407,299.1595947888162,1376.6950213219598
2020-01-11 07:00:00+00:00,31.2,78.6,11.699878824368161,49.502765314581055,107.22964213161141,433.64108733447995,735.9761250190606
2020-01-11 07:00:00+00:00,30.5,78.7,18.763175449085587,27.66576663091419,43.586212933655155,292.5259280275146,1955.533281414148
2020-01-11 07:00:00+00:00,29.9,78.9,48.573872545976286,154.95962718405454,239.90921737540583,360.12120801637894,1316.7976863622123
2020-01-11 07:00:00+00:00,31.0,78.2,28.412006049743155,78.41169740517003,176.72885627817197,903.6253374141623,1259.5794927230388
2020-01-11 07:00:00+00:00,30.7,78.9,12.836273219295693,28.02510793718545,37.01254006640753,162.663621716888,1244.324133603052
2020-01-11 07:00:00+00:00,30.8,79.2,1.1904816743725248,6.488292857736591,17.722232103517083,107.22630012508957,508.1879779589753
2020-01-11 08:00:00+00:00,30.3,78.5,6.69170374924045,27.212577320078644,46.04390376872879,282.16547237225416,1367.6090655238365
2020-01-11 08:00:00+00:00,30.7,78.9,2.3672629024615275,25.508663812987365,35.38022436206272,153.7293159389321,1184.3166434237805
2020-01-11 08:00:00+00:00,30.8,79.2,4.662086968102235,9.508983104341135,17.526744676165105,107.83509955073156,506.4120352291179
2020-01-11 08:00:00+00:00,29.9,78.9,36.79587159417617,137.19540116873083,259.9446437776994,394.1799161704158,1338.6717319017434
2020-01-11 08:00:00+00:00,31.2,78.6,7.501475544323478,33.32598368721819,98.03923440893081,427.41914298151744,742.5938241617287
2020-01-11 08:00:00+00:00,30.5,78.7,8.443450407590367,32.44804210999634,43.32858955095545,286.06361410463427,1927.5462173590572
2020-01-11 08:00:00+00:00,30.1,78.3,11.837205670214228,30.13934176758282,50.651656896157974,136.4002208916272,667.9529896276283
2020-01-11 08:00:00+00:00,31.0,78.2,12.231749010948135,63.923346560930504,153.24538357510488,894.014474535279,1266.2637351461876
2020-01-11 09:00:00+00:00,30.8,79.2,2.6139770608179624,8.466545703292715,14.825743507118469,106.37076251454714,504.51124998973205
2020-01-11 09:00:00+00:00,30.7,78.9,3.2592574282070066,18.462793549964196,36.87560398998712,152.92793448719937,1115.6325554191276
2020-01-11 09:00:00+00:00,31.2,78.6,0.8575766479877645,20.058931016679406,82.48662775448557,408.06267032084867,735.0993304211798
2020-01-11 09:00:00+00:00,31.0,78.2,18.645945345433255,59.28970040612456,140.1611022242886,899.8457628501841,1282.5224919492914
2020-01-11 09:00:00+00:00,30.5,78.7,11.469211358901523,38.67583721557749,48.0764956815316,292.1479170058519,1906.3413188227755
2020-01-11 09:00:00+00:00,30.3,78.5,6.3020038638539555,21.398744366629888,46.61920125281728,254.77829752317078,1365.954751931207
2020-01-11 09:00:00+00:00,30.1,78.3,14.215132087764118,38.64985483757659,62.9660822557278,150.55651497626198,674.5541258363282
2020-01-11 09:00:00+00:00,29.9,78.9,29.68008149760137,115.04982563775383,260.8672122719277,414.4421397934145,1362.9989676974296
2020-01-11 10:00:00+00:00,31.2,78.6,4.293068851109781,12.652121043421023,62.15488635800208,393.4107656683172,723.724123368538
2020-01-11 10:00:00+00:00,30.5,78.7,7.0446909929726464,26.957352759464545,54.62311939037872,293.3655400867478,1883.9948736042086
2020-01-11 10:00:00+00:00,30.1,78.3,16.526649241121156,42.5789869990995,73.67495618661668,158.53920442683668,685.0018803630013
2020-01-11 10:00:00+00:00,30.3,78.5,10.586371320313251,23.580078933407655,46.791075031543045,247.16365412514568,1367.5861379028847
2020-01-11 10:00:00+00:00,31.0,78.2,6.59176408393913,37.46945844032054,115.88115584549054,874.9584088714403,1288.3240461498153
2020-01-11 10:00:00+00:00,30.7,78.9,8.406847919081187,14.03336824974969,42.05847618693519,151.665276038973,1045.353718695458
2020-01-11 10:00:00+00:00,30.8,79.2,7.3874695664269465,14.663533595347136,21.151826453083743,104.81644421776248,510.7050197136015
2020-01-11 10:00:00+00:00,29.9,78.9,22.39766174351202,88.87361483528957,243.8332420193441,430.77061364992545,1374.9671549066143
2020-01-11 11:00:00+00:00,30.8,79.2,10.795155974422231,20.796602601667132,30.305585706008284,111.01040299794883,510.3837592448615
2020-01-11 11:00:00+00:00,30.7,78.9,2.4997504787065177,14.16585582599468,39.67451963898209,153.40992020716874,962.9314533439089
2020-01-11 11:00:00+00:00,29.9,78.9,7.458761704255907,59.5365049453693,196.7319061141001,435.2553731365255,1374.8978740927912
2020-01-11 11:00:00+00:00,30.1,78.3,23.17043365501297,53.91221498389824,84.05155675148107,178.21194792442466,701.8307737706243
2020-01-11 11:00:00+00:00,30.5,78.7,1.384267771452334,19.898170123326512,52.34621223332283,284.3751962029627,1851.7567100954957
2020-01-11 11:00:00+00:00,31.2,78.6,3.400295149017077,8.550940648114622,41.87692433533281,379.4125532045739,726.0506928361232
2020-01-11 11:00:00+00:00,30.3,78.5,2.1508453213121252,19.03922050547933,46.25179782555795,233.19479991126556,1355.6145660898558
2020-01-11 11:00:00+00:00,31.0,78.2,8.686252095817576,33.92396152518997,97.84730808612045,865.4381273652567,1296.560972348511
2020-01-11 12:00:00+00:00,30.1,78.3,28.221079868545957,67.91816276468008,106.56801760225667,205.93572081937856,722.02534467874
2020-01-11 12:00:00+00:00,30.8,79.2,22.452389103361043,40.635014644210216,49.10156034750294,126.95872787978692,523.3813068449092
2020-01-11 12:00:00+00:00,31.2,78.6,0.30999908567914836,8.003363085806006,28.06229410248541,359.5699561675659,715.3326310536571
2020-01-11 12:00:00+00:00,29.9,78.9,4.201944547413403,34.05836799518133,149.10819363293515,432.9222362372065,1365.6456300687714
2020-01-11 12:00:00+00:00,30.3,78.5,2.631468355577176,15.368684997202553,36.76742936383241,213.34900617833262,1345.9530198722891
2020-01-11 12:00:00+00:00,30.7,78.9,13.183054543877756,24.089652941665427,42.55244649162967,159.215648313745,892.9277074010805
2020-01-11 12:00:00+00:00,30.5,78.7,6.294818210226809,14.723776974651797,53.399614190229265,286.29470439451586,1834.3773456100143
2020-01-11 12:00:00+00:00,31.0,78.2,3.3337834840646816,18.6117996638214,77.90150006994593,841.2133656357914,1297.3722433062605
2020-01-11 13:00:00+00:00,30.8,79.2,26.627223531054895,59.87476860883817,74.53830220418531,145.85980187539744,539.0765688027908
2020-01-11 13:00:00+00:00,31.2,78.6,27.575104887451644,31.28539912214787,43.9375201655689,362.22686020081767,738.9361605752038
2020-01-11 13:00:00+00:00,30.3,78.5,1.3232775993219983,6.105591276211301,29.685670209618934,205.91136802899317,1339.432930761533
2020-01-11 13:00:00+00:00,31.0,78.2,2.2952104074210986,14.31524598730337,51.78470442762387,810.7093145568566,1290.9843008111357
2020-01-11 13:00:00+00:00,30.5,78.7,13.734922202478234,21.414008184157385,48.371360943621916,277.6122612172991,1822.0071250283777
2020-01-11 13:00:00+00:00,30.1,78.3,26.006526132223783,77.39803965578271,119.97702665488221,218.78943255466316,746.4065019717208
2020-01-11 13:00:00+00:00,29.9,78.9,4.191763707390335,15.852469959059643,104.72608479434922,436.85530991318643,1365.8824937224163
2020-01-11 13:00:00+00:00,30.7,78.9,6.327264238446659,22.0100692610309,36.043437510780635,155.36144979260396,824.9641748945484
2020-01-11 14:00:00+00:00,30.3,78.5,12.47880540358996,16.433551358489137,35.47277186396845,206.39724537121836,1332.6077500651147
2020-01-11 14:00:00+00:00,31.0,78.2,7.088499848499265,12.71749373998506,46.641455265175004,782.8796812055159,1289.1155753472694
2020-01-11 14:00:00+00:00,29.9,78.9,4.793513022943927,13.187221277747664,72.72372622311697,432.4659455806837,1363.8889588480824
2020-01-11 14:00:00+00:00,30.1,78.3,45.727084581902055,99.95469058267179,153.86690556657004,263.6954155110769,787.142261412327
2020-01-11 14:00:00+00:00,30.5,78.7,0.4088644798259736,20.438604892531025,40.33677501585752,257.1061513996887,1801.5851675545832
2020-01-11 14:00:00+00:00,30.8,79.2,37.2092280741208,86.28884070853674,107.08544331020389,179.5277218776219,573.0795453674125
2020-01-11 14:00:00+00:00,30.7,78.9,9.277659098167717,28.7879778804921,42.95383370648683,155.54069177812917,770.9804834529345
2020-01-11 14:00:00+00:00,31.2,78.6,0.7279023851098002,28.613006358240593,37.163947006355215,339.60524751949924,734.1971372365455
2020-01-11 15:00:00+00:00,30.5,78.7,6.1472172249445345,20.29100390724875,35.014780881900535,233.5274084520451,1782.0165292736633
2020-01-11 15:00:00+00:00,29.9,78.9,0.7144133510884483,9.699690081422709,43.75805807660404,419.30074246787825,1350.7035595404002
2020-01-11 15:00:00+00:00,31.0,78.2,2.3294732980784865,11.713183553998864,30.324983217820236,745.8535014661701,1290.5312084821235
2020-01-11 15:00:00+00:00,30.3,78.5,12.332290820025571,26.13437382293753,41.50305882014006,204.39171060110695,1327.4064442891233
2020-01-11 15:00:00+00:00,30.8,79.2,47.690764159376755,111.52721576455245,152.16223040876267,219.84532754592237,617.0528512619936
2020-01-11 15:00:00+00:00,30.7,78.9,12.106578630755106,27.71150196736945,51.80115490903493,165.53420418109184,739.906184874272
2020-01-11 15:00:00+00:00,31.2,78.6,4.934477411883538,33.23748468444498,41.240847770250994,317.6300131558225,736.816192628124
2020-01-11 15:00:00+00:00,30.1,78.3,28.80821466882646,100.54182538295228,168.45998814763237,283.3544023123314,812.3957898541705
2020-01-11 16:00:00+00:00,30.3,78.5,7.595121865439727,32.40621808905526,38.51180936526654,206.59967413468794,1306.0473432982033
2020-01-11 16:00:00+00:00,30.1,78.3,37.687721735469836,112.22302098619835,189.62106064198105,316.0799633976462,847.8482129977186
2020-01-11 16:00:00+00:00,29.9,78.9,2.902995317822864,8.41092169185524,24.263391650914883,405.63830211460976,1333.6894492316524
2020-01-11 16:00:00+00:00,30.7,78.9,15.137548387477581,36.52178611640038,58.53185537743132,165.8345343487924,709.5280824177909
2020-01-11 16:00:00+00:00,31.0,78.2,8.473695089960419,17.891668236538184,32.20691422384152,714.2569508179618,1294.0958627701452
2020-01-11 16:00:00+00:00,31.2,78.6,3.921061196807137,9.583440993800476,40.868840115948345,299.4260447374242,730.8335040583601
2020-01-11 16:00:00+00:00,30.8,79.2,57.93218038660898,142.83217262010652,202.7069412289447,271.62553682379166,673.10035876968
2020-01-11 16:00:00+00:00,30.5,78.7,12.0929118251916,18.648993529962116,40.06300171411948,210.41483910868232,1767.1732003143284
2020-01-11 17:00:00+00:00,30.1,78.3,32.59123295420779,99.08716935850407,199.04185994117586,347.3191351830124,867.9075595893524
2020-01-11 17:00:00+00:00,29.9,78.9,5.281177488627557,8.898586157538869,22.085807435286533,403.4969199406552,1321.6515055343823
2020-01-11 17:00:00+00:00,30.5,78.7,1.890298848657031,20.130427898793176,40.569032791324176,174.35496705434252,1734.2889849197506
2020-01-11 17:00:00+00:00,31.2,78.6,2.462157789993384,11.31769639868406,39.93070275692465,277.1067352466114,726.2089164663414
2020-01-11 17:00:00+00:00,31.0,78.2,1.2020273511699395,12.005195739208858,24.72268947919389,670.9307855382377,1290.8032440518648
2020-01-11 17:00:00+00:00,30.8,79.2,48.6764098301963,154.29935437618204,240.5881950847188,316.30453557665237,716.8210930057536
2020-01-11 17:00:00+00:00,30.3,78.5,0.8178975218028616,20.74531020726816,37.17886156575727,174.77364827721317,1282.1460793603994
2020-01-11 17:00:00+00:00,30.7,78.9,25.186303292114285,52.43043031034694,81.21840819083909,190.3095249495404,715.762422771034
2020-01-11 18:00:00+00:00,30.5,78.7,6.184046406778986,20.16725708062762,40.45826098787636,161.88551110895537,1708.278244158714
2020-01-11 18:00:00+00:00,30.8,79.2,43.44944718005557,150.05803739686084,261.58525316141333,353.0718582550105,756.7000045121678
2020-01-11 18:00:00+00:00,31.0,78.2,1.3966333855797026,11.072355826710075,22.78553938070891,618.3809557552265,1282.9617794329558
2020-01-11 18:00:00+00:00,30.3,78.5,0.830705161184098,9.243724548426687,35.378098371364196,168.7901564486406,1251.8377131188179
2020-01-11 18:00:00+00:00,29.9,78.9,3.4404016946924747,11.624574501142895,21.324264582565604,398.45283946161067,1311.2588268883076
2020-01-11 18:00:00+00:00,31.2,78.6,3.3211674814220284,9.70438646822255,42.94187115266754,261.09603878091997,723.2811757642552
2020-01-11 18:00:00+00:00,30.7,78.9,17.896684408788943,58.22053608838078,85.93203805575027,203.6736112716761,717.1826786962819
2020-01-11 18:00:00+00:00,30.1,78.3,26.288451997506492,96.5674066871841,197.10923207013641,364.1557177187304,893.5258766778334
2020-01-11 19:00:00+00:00,30.1,78.3,24.659160106545116,83.5388450582594,195.76186604445775,388.54622393854464,916.8125568727653
2020-01-11 19:00:00+00:00,30.5,78.7,13.294099675571394,21.368444931007417,40.017438460969515,158.61012180154796,1671.1709738940635
2020-01-11 19:00:00+00:00,29.9,78.9,1.6295793678271813,10.351158551147213,18.76208024300245,394.0123986581907,1296.0021840719999
2020-01-11 19:00:00+00:00,31.2,78.6,10.705503250995804,16.488828522411218,26.07226951621169,253.26238680160583,728.1275137844345
2020-01-11 19:00:00+00:00,30.7,78.9,23.77965301792976,66.86264071883295,103.38442683523337,225.46537186512552,733.3113165677589
2020-01-11 19:00:00+00:00,30.3,78.5,6.460221580471115,8.108824263458077,40.51504235251331,172.8217888548557,1227.6150239154888
2020-01-11 19:00:00+00:00,30.8,79.2,33.17562839944233,125.30148540969421,268.13365802980076,384.05678067350965,774.2424144291857
2020-01-11 19:00:00+00:00,31.0,78.2,4.2677839807483196,6.866444717497976,24.758112954036132,572.8481515113345,1271.858759004552
2020-01-11 20:00:00+00:00,30.1,78.3,19.092616285398943,70.04022838945055,169.12739774795463,403.22185954086075,927.8416428723174
2020-01-11 20:00:00+00:00,31.2,78.6,8.661553677340615,22.688224409758448,34.00592080844251,244.53394445637304,736.2612050336558
2020-01-11 20:00:00+00:00,29.9,78.9,3.2468064540016215,8.316787516521277,17.215373674060146,394.6864493896533,1276.902340824484
2020-01-11 20:00:00+00:00,30.3,78.5,9.239177333105056,16.53010407476027,37.27541428202841,167.5099438967108,1201.979350437208
2020-01-11 20:00:00+00:00,31.0,78.2,9.11959798651527,14.784015352843307,26.78921109205214,524.6117768777923,1257.9502491100823
2020-01-11 20:00:00+00:00,30.8,79.2,27.305344038399866,103.93041961789777,258.2297739940798,402.4141788017657,790.3566865677446
2020-01-11 20:00:00+00:00,30.5,78.7,4.59857985272439,24.076725935074776,44.207153833867935,159.00880573230887,1633.0091153092699
2020-01-11 20:00:00+00:00,30.7,78.9,25.55226822930809,67.22860565602676,119.65903596637375,241.34533072066472,754.8030035246676
2020-01-11 21:00:00+00:00,30.1,78.3,14.764882532853047,58.5166589247971,155.08406561198123,416.21740654455874,929.1275859301486
2020-01-11 21:00:00+00:00,30.8,79.2,12.704631096736563,73.18560353457876,223.24364093143961,406.9350020875275,790.3467592516442
2020-01-11 21:00:00+00:00,31.2,78.6,8.583166192666205,27.950223121002626,37.654609589225174,237.89105782138185,739.4164293006745
2020-01-11 21:00:00+00:00,30.5,78.7,2.552611917331359,20.445291445627152,40.612548526254756,153.94359023939296,1592.2836947272003
2020-01-11 21:00:00+00:00,30.7,78.9,24.247287173749843,73.57920842098767,131.79974450936848,252.29207493836677,767.30437645189
2020-01-11 21:00:00+00:00,29.9,78.9,8.787258925393274,13.663644747222076,25.288219248364975,402.12006042990305,1250.701433120418
2020-01-11 21:00:00+00:00,30.3,78.5,5.330087387255003,21.029486300831177,30.27321084925784,167.29544677951463,1175.8040044697948
2020-01-11 21:00:00+00:00,31.0,78.2,10.755607249882685,24.142989217146287,35.21534504385634,484.8401239445667,1246.7198291262303
2020-01-11 22:00:00+00:00,29.9,78.9,0.9084188225935773,12.94248420198847,23.293642753135686,393.72977193183635,1225.3562763338027
2020-01-11 22:00:00+00:00,30.1,78.3,16.2359753465363,50.09347416478828,133.6323192230477,428.3089463200327,939.4145574040746
2020-01-11 22:00:00+00:00,31.2,78.6,9.946485387321689,27.191205257328505,43.68003377973972,234.1933765288125,748.7238620421475
2020-01-11 22:00:00+00:00,30.8,79.2,4.701478538256136,44.71145367339257,170.0129390830868,408.21108016683263,794.1001742129463
2020-01-11 22:00:00+00:00,31.0,78.2,2.506035138216649,22.381240374614617,29.247685092112565,439.77342931511055,1223.5679456025894
2020-01-11 22:00:00+00:00,30.7,78.9,26.937422371208644,76.73697777426655,143.59961849309954,264.9464986638834,788.3326978393092
2020-01-11 22:00:00+00:00,30.5,78.7,2.0594991234862694,9.210690893542026,30.57913582454943,153.95445923309032,1547.830619626388
2020-01-11 22:00:00+00:00,30.3,78.5,6.914191256034105,21.483455976394165,29.592280239852215,170.18510585834022,1147.6401032920392
2020-01-11 23:00:00+00:00,30.8,79.2,2.699369161533175,20.105478796525873,124.03589841442364,410.5105085597853,795.1302604433649
2020-01-11 23:00:00+00:00,31.2,78.6,13.746677443862565,32.27632902385046,54.964553433608906,235.88582915078877,760.5390433845732
2020-01-11 23:00:00+00:00,30.7,78.9,31.431531260030233,82.61624080498869,149.8448464610155,295.689739763991,810.9678299736264
2020-01-11 23:00:00+00:00,29.9,78.9,10.411075852072479,20.106753600059328,28.42354111658061,402.4019486804086,1195.5719284558666
2020-01-11 23:00:00+00:00,30.5,78.7,3.6694696712806594,8.281580712098295,32.35830664717305,149.77390755152527,1501.5926343339854
2020-01-11 23:00:00+00:00,30.3,78.5,4.735714144789638,16.97999278807875,33.51009686283899,173.59910119747497,1129.0180911400787
2020-01-11 23:00:00+00:00,30.1,78.3,8.260779987008108,39.26163786639745,109.30186625584801,435.0163955592375,938.4104532250389
2020-01-11 23:00:00+00:00,31.0,78.2,2.8553739206642663,16.117016308763613,30.901031661606893,394.5187124119903,1207.9208183649084
2020-01-12 00:00:00+00:00,30.3,78.5,9.439551141332966,21.089456542156714,42.11894284298786,156.3545918975886,1118.2634288600868
2020-01-12 00:00:00+00:00,31.0,78.2,1.3394505448967868,6.700859603777716,30.843848820923977,335.5470679449663,1199.0403833760433
2020-01-12 00:00:00+00:00,30.7,78.9,23.903952277643384,82.27290590888224,155.85211432986995,312.19851675992464,809.1984467098622
2020-01-12 00:00:00+00:00,31.2,78.6,23.64514882843824,47.33831165962249,75.28853478062511,251.86914349801606,779.1752712663363
2020-01-12 00:00:00+00:00,30.5,78.7,9.238435545689715,14.96740434045665,35.41269578608379,156.36384714330757,1468.4653917525288
2020-01-12 00:00:00+00:00,30.1,78.3,10.659296588960974,35.15605192250538,93.6727108473025,430.2795824514724,948.317533078074
2020-01-12 00:00:00+00:00,30.8,79.2,3.034182824500806,10.435030524290116,83.62063405886887,413.34106084286,794.3025406529495
2020-01-12 00:00:00+00:00,29.9,78.9,3.4140027675068323,14.733497442172887,28.397142189394966,397.823418545015,1171.547103372488
2020-01-12 01:00:00+00:00,30.7,78.9,20.489114072224137,75.82459760989772,152.5615753841643,329.00197979658594,802.463158902859
2020-01-12 01:00:00+00:00,31.0,78.2,6.811723282742057,11.006547748303124,33.38778812291771,286.6594617827497,1184.1364037349338
2020-01-12 01:00:00+00:00,30.3,78.5,3.9311869524759384,18.10645223859855,39.58990821499269,152.44624917077908,1107.1462384219649
2020-01-12 01:00:00+00:00,30.8,79.2,1.4094586395912005,7.143010625625181,51.85446429901775,412.2486566365209,787.7487425057833
2020-01-12 01:00:00+00:00,29.9,78.9,9.788682714057112,23.61376133363642,36.556245535624896,399.9536279483824,1154.0529590699061
2020-01-12 01:00:00+00:00,31.2,78.6,24.79026190097851,62.18208817327932,89.37329343060782,266.6127252439998,797.6837315805227
2020-01-12 01:00:00+00:00,30.1,78.3,6.905748948598006,25.82582552456708,75.91929968935538,433.60603714860025,951.991244891581
2020-01-12 01:00:00+00:00,30.5,78.7,2.438544125907938,15.34644934287832,24.55714023642033,156.53215257466692,1430.9754106865457
2020-01-12 02:00:00+00:00,30.5,78.7,2.4976809992951847,14.174660670892845,22.456241382991124,150.328759783672,1395.7660707409227
2020-01-12 02:00:00+00:00,30.8,79.2,2.2870466317114984,6.7306880958035045,26.83616689232938,409.67812887277813,777.1125313470695
2020-01-12 02:00:00+00:00,30.3,78.5,1.4303693295153685,14.801107423324277,31.781100211403,150.5731901261287,1084.499324286299
2020-01-12 02:00:00+00:00,30.7,78.9,19.730557450439203,64.12362380030669,146.73986460529542,344.7329586402188,786.6402718349212
2020-01-12 02:00:00+00:00,31.0,78.2,10.76338015571699,18.914553983355848,35.03157029211943,261.70762022445143,1187.727980594227
2020-01-12 02:00:00+00:00,30.1,78.3,7.661418893641453,25.226464431200426,64.48810229759789,438.1340625082805,953.1169463495945
2020-01-12 02:00:00+00:00,29.9,78.9,2.7606454273653513,15.963330908929294,36.07008450898863,385.95382818386514,1125.1504615836786
2020-01-12 02:00:00+00:00,31.2,78.6,18.06186602110647,66.49727675052323,98.77360577437369,267.9827079981022,802.0506081183061
2020-01-12 03:00:00+00:00,31.0,78.2,2.7763043782830357,20.351407816742096,27.052267420519783,232.75369790648497,1181.5012218276086
2020-01-12 03:00:00+00:00,29.9,78.9,0.5766282976868685,13.125956439109329,27.85945388128222,357.77294347817895,1099.924706220173
2020-01-12 03:00:00+00:00,30.8,79.2,5.027048245805354,8.723553517108051,19.15858404139817,409.3901988887189,778.1324911196452
2020-01-12 03:00:00+00:00,30.3,78.5,6.454026231572065,11.815582513563376,32.90503905572006,151.30050997793532,1075.8783787056614
2020-01-12 03:00:00+00:00,31.2,78.6,26.061074426536422,68.91320234862141,116.2515140082439,277.6335991222056,810.5390042778231
2020-01-12 03:00:00+00:00,30.1,78.3,16.670939420299334,31.238107262538783,66.39415918504417,452.9042952003856,956.6212748273142
2020-01-12 03:00:00+00:00,30.7,78.9,13.962098523780696,54.18177004644401,136.45467595532628,356.93117936371686,759.0149525091542
2020-01-12 03:00:00+00:00,30.5,78.7,1.4375242871391039,6.373749412342233,21.34115375279887,145.04497884248576,1368.761140119245
2020-01-12 04:00:00+00:00,30.8,79.2,4.758533150512547,12.0726280280294,19.21563865365458,413.0873454187698,779.5284865962528
2020-01-12 04:00:00+00:00,29.9,78.9,9.137929217905928,12.475202942958147,36.08896427659457,327.47924069998925,1089.0745962011597
2020-01-12 04:00:00+00:00,30.7,78.9,13.526792281474894,47.21944825569477,123.04404586559254,367.2339959230586,734.7758022058347
2020-01-12 04:00:00+00:00,31.2,78.6,25.448148689025746,69.57108913666863,131.75317730994794,278.4569375636381,833.0193317674615
2020-01-12 04:00:00+00:00,30.3,78.5,5.965746386059677,13.850141947147115,31.956594185745633,146.8517588224075,1076.4258079414715
2020-01-12 04:00:00+00:00,31.0,78.2,1.4528363586898727,14.992520892689914,25.99906864099301,203.33482380243765,1182.00183822444
2020-01-12 04:00:00+00:00,30.5,78.7,2.9583850063005004,6.893590292734796,22.2400396356131,147.50529656466074,1332.4948499536029
2020-01-12 04:00:00+00:00,30.1,78.3,7.947646370331833,32.28000468427261,58.105830208839706,455.03416626048516,958.0113486592237
2020-01-12 05:00:00+00:00,30.3,78.5,6.326605913185554,18.7463785308173,33.54748595414155,150.48824220829587,1076.2428271248405
2020-01-12 05:00:00+00:00,30.8,79.2,5.336542775557089,15.12212417187499,21.852812267678495,416.7824914728292,782.8164749144086
2020-01-12 05:00:00+00:00,29.9,78.9,6.460495840850711,16.175053356443506,32.1383842653728,279.3796389313401,1077.0961142538188
2020-01-12 05:00:00+00:00,31.0,78.2,0.5072860059287281,4.736426742901651,23.65098072625747,177.1220099531787,1182.2883080811516
2020-01-12 05:00:00+00:00,30.1,78.3,3.8345327341147435,28.4531185247459,53.679582955946344,446.0748659044513,957.3954107363475
2020-01-12 05:00:00+00:00,30.5,78.7,4.449390799267631,8.845300092707243,23.019960763600075,148.29351243542013,1311.8983872252654
2020-01-12 05:00:00+00:00,31.2,78.6,40.49033192399428,91.99955503955645,158.49683179007968,295.26901231594604,869.0242136474328
2020-01-12 05:00:00+00:00,30.7,78.9,13.997188768955867,41.48607957421143,105.60970337451816,376.3474776653549,719.570734280877
2020-01-12 06:00:00+00:00,29.9,78.9,8.992769017069413,24.591194075826053,37.71715051493538,236.5467509198311,1068.8147503833254
2020-01-12 06:00:00+00:00,30.8,79.2,2.5037114516420345,12.598787377711671,21.322340894819725,415.62978846260484,782.7599285285352
2020-01-12 06:00:00+00:00,30.5,78.7,18.38169284150789,25.789468647076028,32.16321805941824,161.43378902360766,1301.692815330748
2020-01-12 06:00:00+00:00,30.7,78.9,12.463666000641759,39.98764705107249,94.16941709751654,378.50601597476646,714.360592626124
2020-01-12 06:00:00+00:00,30.3,78.5,9.24433956126864,21.536691860513876,33.352274374077226,147.6167449522618,1082.6115172180723
2020-01-12 06:00:00+00:00,31.0,78.2,5.547061677347578,7.507184041966194,27.85859185870826,159.38948013028707,1185.5561931092343
2020-01-12 06:00:00+00:00,30.1,78.3,4.102141456486897,15.884320560933464,47.122427823472265,444.47238834316784,955.3306218797621
2020-01-12 06:00:00+00:00,31.2,78.6,20.964988186602262,86.90346879962229,155.8166711482437,302.10937118402177,879.9563793969708
2020-01-12 07:00:00+00:00,30.8,79.2,4.807571158333447,12.64782538553257,24.72045341356197,419.24687794656575,774.393293120548
2020-01-12 07:00:00+00:00,29.9,78.9,12.85257544466664,28.305840302586763,40.781043245544915,200.82545381852145,1060.9516290568595
2020-01-12 07:00:00+00:00,30.5,78.7,6.477119440988663,29.30820308176419,36.20179337449897,149.14773301551074,1282.697423548842
2020-01-12 07:00:00+00:00,30.7,78.9,7.355893357247631,33.816748126845226,81.03619638254003,373.0256361127184,712.2365897555552
2020-01-12 07:00:00+00:00,30.1,78.3,3.5061036756415103,11.44277786624314,43.722782550515774,435.3809749392111,945.1488571511163
2020-01-12 07:00:00+00:00,30.3,78.5,9.818903874872277,25.389849349326475,39.23999129647356,149.03061207359858,1083.602789313035
2020-01-12 07:00:00+00:00,31.0,78.2,11.85620010015677,17.91054778343309,32.90306867612297,142.83367418070068,1189.99301642417
2020-01-12 07:00:00+00:00,31.2,78.6,23.131214956967344,84.58653506756389,154.15762420423252,313.5407073166209,893.1203728958498
2020-01-12 08:00:00+00:00,31.2,78.6,17.833509975142096,61.9297131187117,153.92926815826817,323.8727417474396,907.5955360018518
2020-01-12 08:00:00+00:00,31.0,78.2,2.6517136000404764,20.05497537754484,24.79140212044646,133.25363876979304,1191.9855752940393
2020-01-12 08:00:00+00:00,30.8,79.2,6.640881266538731,13.952163876514213,29.074288048389207,421.2256722450023,776.9707673331862
2020-01-12 08:00:00+00:00,29.9,78.9,18.220352231526107,40.065696693262154,56.24075004970567,182.2499344558714,1068.0660409580423
2020-01-12 08:00:00+00:00,30.3,78.5,22.340724931553254,41.403968367694176,60.150346898511444,164.67963325591137,1092.0328988335646
2020-01-12 08:00:00+00:00,30.1,78.3,0.26666654389559274,7.874911676023989,36.32803020076991,423.8104358128925,926.4018977036461
2020-01-12 08:00:00+00:00,30.5,78.7,0.5848101576901354,25.443622440186694,34.28892253289392,141.2890927656105,1238.1651444494316
2020-01-12 08:00:00+00:00,30.7,78.9,7.110271762949193,26.929831120838557,68.41591069505003,377.76864497320605,713.7078113909646
2020-01-12 09:00:00+00:00,30.8,79.2,5.7546132003993336,17.20306562527151,29.801853002983187,424.36630838458365,781.1902336872798
2020-01-12 09:00:00+00:00,29.9,78.9,14.298447512631963,45.37137518882471,69.96256926465077,166.868300470902,1074.7205261604101
2020-01-12 09:00:00+00:00,30.3,78.5,21.048576579070488,53.20820538549603,74.74489724600987,179.4262059711279,1110.207599949903
2020-01-12 09:00:00+00:00,30.5,78.7,1.8580866175773831,8.920016216256188,34.7094848633322,131.67796802428637,1196.418923074836
2020-01-12 09:00:00+00:00,30.7,78.9,9.6278541628792,24.094019283075994,64.08166633414852,384.1372417078783,720.5623699312582
2020-01-12 09:00:00+00:00,30.1,78.3,2.39942258580477,6.172192805341862,22.056513366275347,411.9947263109331,905.9719050362013
2020-01-12 09:00:00+00:00,31.2,78.6,33.25536167863173,74.22008661074116,161.12355541036345,356.27052677808354,937.3123902519784
2020-01-12 09:00:00+00:00,31.0,78.2,4.300692870106244,18.808606570303503,26.315790612269666,118.90838629446603,1195.5874645325493
2020-01-12 10:00:00+00:00,30.1,78.3,15.112187400228606,17.77827652992896,29.22105439617212,410.58026447004056,896.8517099141136
2020-01-12 10:00:00+00:00,30.8,79.2,1.6452230785205615,14.040717545458625,26.688542930991197,418.6240618966773,772.4959006894424
2020-01-12 10:00:00+00:00,30.5,78.7,0.35813121865383407,2.80102799392136,32.109231075685535,124.99140824996755,1145.0363073040317
2020-01-12 10:00:00+00:00,30.7,78.9,4.745720975475118,21.48384690130348,55.30059502814875,380.4761147642722,718.7171619779052
2020-01-12 10:00:00+00:00,30.3,78.5,28.96946760722092,72.35876911784467,97.74861846717111,197.8093022580356,1131.502774287383
2020-01-12 10:00:00+00:00,29.9,78.9,5.768600536866131,38.2874002810242,66.59324058361096,150.23923926425613,1068.567986068728
2020-01-12 10:00:00+00:00,31.0,78.2,1.253875893535763,8.206282363682497,26.116830147115557,113.57049810406266,1182.8730755140919
2020-01-12 10:00:00+00:00,31.2,78.6,12.24753978812788,63.33641144190171,147.9229465094656,364.2249977151016,938.5417742647102
2020-01-12 11:00:00+00:00,30.7,78.9,6.598706193093794,20.972281331448084,47.90211245228668,384.5750704786595,722.2736066815714
2020-01-12 11:00:00+00:00,30.3,78.5,48.28622262428928,98.3042668105807,139.70823517827483,243.94467956101272,1178.2201788570374
2020-01-12 11:00:00+00:00,31.0,78.2,4.175427225086326,9.729995988728346,29.784971366273158,109.05967323333141,1184.7515725894502
2020-01-12 11:00:00+00:00,30.8,79.2,2.486710842402771,9.886547121322664,23.838710997836877,410.3156167646578,770.3970220155018
2020-01-12 11:00:00+00:00,30.5,78.7,10.34281025226132,12.559028088492543,38.00265052867922,133.94995073077655,1086.0332119672153
2020-01-12 11:00:00+00:00,30.1,78.3,4.423927491724243,21.93553747775761,29.81044915378162,391.8337583067518,875.8804872667137
2020-01-12 11:00:00+00:00,29.9,78.9,2.942064846062456,23.00911289556055,63.07480958882271,145.72254240606264,1061.3797912994878
2020-01-12 11:00:00+00:00,31.2,78.6,25.346232681639712,70.84913414839932,132.77884726711102,386.17093524772423,963.3083384939013
2020-01-12 12:00:00+00:00,31.0,78.2,16.773024686921012,22.202327805543113,41.01093437584659,122.49891443618773,1198.1020750372131
2020-01-12 12:00:00+00:00,30.8,79.2,10.984938191384288,15.116872112307618,32.31993773757913,398.84816585268106,770.6560607861521
2020-01-12 12:00:00+00:00,29.9,78.9,15.97793903676224,24.688604419690826,70.05997960851553,157.4985368954115,1057.594472041426
2020-01-12 12:00:00+00:00,31.2,78.6,21.075022648151705,58.6687951179193,132.88888172866046,406.93595881019684,968.5050422874419
2020-01-12 12:00:00+00:00,30.5,78.7,0.9142953279280889,11.615236798843249,20.535253015099425,128.56942784847783,1015.4512670719474
2020-01-12 12:00:00+00:00,30.1,78.3,2.960854773909749,22.496969665862586,28.669162471204473,366.57353321211565,854.9308049180228
2020-01-12 12:00:00+00:00,30.7,78.9,23.163179459847566,34.507606628416454,58.601625911492484,394.5551953946293,741.9162453433164
2020-01-12 12:00:00+00:00,30.3,78.5,56.63393637467334,133.88962660618355,187.09783199167953,297.9471475801089,1233.2755920814739
2020-01-12 13:00:00+00:00,31.0,78.2,3.9572107581788587,24.90566267018621,33.11194503386868,124.1609147869455,1196.5888579294103
2020-01-12 13:00:00+00:00,31.2,78.6,6.716065360666206,53.13732069045762,116.47373213235933,386.07691928341137,969.488309892411
2020-01-12 13:00:00+00:00,30.3,78.5,66.14191499485352,171.06207399381617,243.4208431116608,362.76578497564043,1291.5379066974494
2020-01-12 13:00:00+00:00,30.5,78.7,5.027985027159764,16.28509060734918,19.086118601270528,119.86249067315936,943.4226830433471
2020-01-12 13:00:00+00:00,29.9,78.9,8.659461376466943,27.579465259291638,65.86686554031584,161.9662345644881,1045.5519053862613
2020-01-12 13:00:00+00:00,30.8,79.2,1.677375882417123,15.14902491620418,29.18974246166281,373.8983182040433,766.4578946920731
2020-01-12 13:00:00+00:00,30.7,78.9,15.466251629460483,45.22813728240182,66.71198418370534,403.69418278564314,738.8396255206299
2020-01-12 13:00:00+00:00,30.1,78.3,1.302341678747575,8.687123944381556,26.465400474310535,341.86934875863943,830.539866086688
2020-01-12 14:00:00+00:00,30.7,78.9,22.440493190840126,61.06992428014814,82.04220561159627,416.85701687831556,760.4129203113364
2020-01-12 14:00:00+00:00,30.5,78.7,7.06529992930816,13.00758028439602,25.566608372888552,126.51892612264153,872.0919297211913
2020-01-12 14:00:00+00:00,31.0,78.2,3.956082228076276,24.686317673176163,34.41631366190448,121.02849716652251,1194.7257337040905
2020-01-12 14:00:00+00:00,30.8,79.2,4.560152138394307,17.222466212195716,27.109013333518384,341.2492422683168,765.7971394722498
2020-01-12 14:00:00+00:00,31.2,78.6,7.917211094064339,35.70829910288225,106.55743325128158,393.26622799236594,974.3807021603918
2020-01-12 14:00:00+00:00,30.3,78.5,72.40115512639926,195.17700649592615,293.48127330650675,422.68813469844974,1358.8051815949004
2020-01-12 14:00:00+00:00,29.9,78.9,4.606917928548296,29.244318341777475,52.25343123733803,161.7796394700925,1031.425214884364
2020-01-12 14:00:00+00:00,30.1,78.3,10.073708714314842,14.336905166972155,36.272442644729786,306.2159728910522,800.0998951008636
2020-01-12 15:00:00+00:00,30.5,78.7,7.803758374711061,19.897043331178992,31.512280130022226,128.17546727240804,812.9915766062055
2020-01-12 15:00:00+00:00,31.2,78.6,14.590828222484232,29.224104677214775,87.89289979513408,402.9225788029666,988.2412504391896
2020-01-12 15:00:00+00:00,29.9,78.9,9.047196561697406,22.31357586671264,47.00218028640347,170.11242268070143,1019.3643198134965
2020-01-12 15:00:00+00:00,30.7,78.9,26.155052206558867,64.06179702685944,98.56940365527593,430.9054904541193,782.7146104610873
2020-01-12 15:00:00+00:00,30.8,79.2,1.3155364199499864,7.553064440761415,22.669936553069036,294.87401452889,764.4551532697543
2020-01-12 15:00:00+00:00,30.3,78.5,81.29839597736508,219.84146609861787,353.73109270480137,491.6542398557892,1429.7583159299409
2020-01-12 15:00:00+00:00,31.0,78.2,0.5294436522714322,8.442736638526581,30.645064444069668,119.22846752071545,1194.270680952199
2020-01-12 15:00:00+00:00,30.1,78.3,10.467096796012452,21.84314718907486,44.34011685493746,287.8748550182382,779.7140852019382
2020-01-12 16:00:00+00:00,30.5,78.7,13.803804715260974,28.6728630192802,44.95795362662937,129.88636016247744,758.4591802258246
2020-01-12 16:00:00+00:00,31.2,78.6,15.618785795314603,38.12682511186317,91.2641458023208,414.6203034014741,1003.4026672615512
2020-01-12 16:00:00+00:00,30.3,78.5,88.58343140868854,242.2829825124529,413.34505650626903,572.642549399038,1508.0406578504983
2020-01-12 16:00:00+00:00,30.8,79.2,3.5874793844240203,9.463167942768312,24.612192858972495,240.52931352670504,764.7187055011927
2020-01-12 16:00:00+00:00,30.7,78.9,31.128314187309343,79.72385958470831,124.95199686711015,446.89625625395104,807.0531272824344
2020-01-12 16:00:00+00:00,29.9,78.9,9.345151024291539,22.999265514537235,50.57873077382888,176.55457838717012,1004.6432940159623
2020-01-12 16:00:00+00:00,31.0,78.2,5.668785196794561,10.154311077142284,35.05997374732847,116.4235576275496,1192.4826858695344
2020-01-12 16:00:00+00:00,30.1,78.3,0.5794019327381041,21.120207443065386,29.80733138744696,250.76653521550648,754.0160305943845
2020-01-12 17:00:00+00:00,31.0,78.2,0.16613750527447055,6.364366354340477,31.05068402751661,115.38766778165413,1180.7571236467084
2020-01-12 17:00:00+00:00,30.3,78.5,100.92188061118995,270.8037079972436,465.98071449316967,672.7465324884251,1595.1566422917433
2020-01-12 17:00:00+00:00,30.5,78.7,4.996500981302718,26.604064071274756,39.61164435567076,132.99256229512312,714.6623833239984
2020-01-12 17:00:00+00:00,29.9,78.9,4.4065964684710135,22.798944054459955,52.04326239623744,175.67999736701356,978.1252217314488
2020-01-12 17:00:00+00:00,30.1,78.3,11.779701538621644,22.82620026737219,37.16310543434437,229.95500379992035,742.5027262439357
2020-01-12 17:00:00+00:00,31.2,78.6,15.958976620062964,46.1685906378618,81.87688974074405,428.11712223154365,1013.362754150189
2020-01-12 17:00:00+00:00,30.8,79.2,17.515300812058932,22.418316616432936,39.64078282862866,209.3682045085677,776.4536863977795
2020-01-12 17:00:00+00:00,30.7,78.9,51.00669151197357,108.29005790584175,169.35998218598994,472.71664447381033,842.8877848818366
2020-01-12 18:00:00+00:00,31.2,78.6,20.353935025287072,51.931697440664635,81.15580211787942,445.1498897754087,1030.0098064214749
2020-01-12 18:00:00+00:00,31.0,78.2,0.5847243473387188,6.419647049407764,14.862383687934317,114.57575874341315,1178.5030488578127
2020-01-12 18:00:00+00:00,30.8,79.2,2.7742651533792557,23.877045349862208,31.430109790623625,168.69302248189135,778.0674960624124
2020-01-12 18:00:00+00:00,29.9,78.9,11.25348846077794,25.005235953540485,47.31881182025313,183.49308413309902,954.1613632430383
2020-01-12 18:00:00+00:00,30.7,78.9,37.51316944868663,119.64817514796951,183.709972174829,492.33312951370806,875.1746435165236
2020-01-12 18:00:00+00:00,30.3,78.5,78.12770613502886,267.63301815490735,487.4744842535252,750.0435334622699,1658.2821657433115
2020-01-12 18:00:00+00:00,30.1,78.3,3.3580588087911645,15.717162280150902,37.56030946922578,207.02461061120502,721.5319647194568
2020-01-12 18:00:00+00:00,30.5,78.7,4.98917496531885,23.78948066188255,43.68652399306153,131.797690853663,678.6657634799828
2020-01-12 19:00:00+00:00,30.1,78.3,9.571910567258772,24.70967091467157,45.82987835773698,191.93736107191864,714.8333144564667
2020-01-12 19:00:00+00:00,31.0,78.2,3.491806826622254,4.242668679235457,14.396979756377712,113.79978158928708,1176.683578834839
2020-01-12 19:00:00+00:00,31.2,78.6,25.92861899773373,62.24153064308376,100.36835575494695,460.3730055221466,1049.753682725488
2020-01-12 19:00:00+00:00,30.3,78.5,71.24299577805691,250.29258252427576,492.57556503672856,814.8263076598556,1708.1651859665897
2020-01-12 19:00:00+00:00,30.5,78.7,8.187658312876346,18.17333425949792,46.84619727877811,126.69124949096793,658.9975556292632
2020-01-12 19:00:00+00:00,30.8,79.2,3.9170735262774183,24.206639491715602,33.669807434483914,139.43446760872644,772.8116494034929
2020-01-12 19:00:00+00:00,29.9,78.9,8.172239641534373,23.83232457078332,46.83159008532056,190.03574440680623,925.2446271745187
2020-01-12 19:00:00+00:00,30.7,78.9,35.331839171863514,123.85170013252369,203.57555971723204,503.88531566764175,886.5020594651673
2020-01-12 20:00:00+00:00,30.5,78.7,2.763856242399458,15.94068952059466,42.5447535918694,124.856525880643,642.8081082623058
2020-01-12 20:00:00+00:00,30.8,79.2,8.059932157988053,14.751270837644723,37.169587454077664,120.18905572831463,777.5195819107809
2020-01-12 20:00:00+00:00,30.1,78.3,12.113727815056382,25.043697191106308,47.86989745847852,184.9584726015761,712.0297993183365
2020-01-12 20:00:00+00:00,31.0,78.2,7.0844416624787945,11.160972836439782,17.52533919078023,111.7646252652506,1181.690491719246
2020-01-12 20:00:00+00:00,29.9,78.9,5.080771751455592,24.5064998537679,47.305443908227865,191.8697097042602,892.0550557709241
2020-01-12 20:00:00+00:00,31.2,78.6,33.648108020061784,79.93066204308258,126.09925268094437,485.35955986486783,1071.1924010982177
2020-01-12 20:00:00+00:00,30.3,78.5,58.73193112521836,208.10263303830413,478.90634103554765,864.319061451969,1733.4275904956878
2020-01-12 20:00:00+00:00,30.7,78.9,35.75557887957887,108.600587500129,216.8906454059708,514.0886263179126,916.1814285127442
2020-01-12 21:00:00+00:00,30.1,78.3,20.240187142384354,41.9258255246995,57.64298780485042,190.43377721110738,720.2647724201435
2020-01-12 21:00:00+00:00,31.0,78.2,6.4464393122630295,17.022687801364093,23.44233485077183,107.45545732763094,1178.548163152662
2020-01-12 21:00:00+00:00,30.7,78.9,32.95572337492838,104.04314142637074,223.69131657434028,522.7970625190911,948.4251479954695
2020-01-12 21:00:00+00:00,29.9,78.9,13.039815214077167,26.292826607067127,51.29806256060762,196.12226599294408,862.4995124136243
2020-01-12 21:00:00+00:00,30.8,79.2,1.6454640870181445,13.622469771283612,37.49951512114582,109.1298887185962,773.9655732982443
2020-01-12 21:00:00+00:00,30.5,78.7,1.4054795670101121,12.356994122285924,36.146474784168454,123.70939353032175,630.9765554506577
2020-01-12 21:00:00+00:00,31.2,78.6,32.01972373734038,91.59645075513589,143.52814819580053,508.796117409542,1099.6135838298228
2020-01-12 21:00:00+00:00,30.3,78.5,47.84686080831307,177.82178771158834,445.45480586649563,906.835834873027,1742.9421784211372
2020-01-12 22:00:00+00:00,31.2,78.6,31.95200523595233,97.61983699335448,159.86136763643825,530.8016372581726,1127.8947439986664
2020-01-12 22:00:00+00:00,30.8,79.2,1.895232383148972,11.600628628155166,35.80726811987077,106.32364256348905,774.6678742582908
2020-01-12 22:00:00+00:00,29.9,78.9,1.300877267188444,19.421464232721195,43.25378880350453,196.51472443753897,830.1275680657163
2020-01-12 22:00:00+00:00,30.1,78.3,21.689191157827608,54.04310611526833,78.75277702993992,195.8869930223987,733.9467829967485
2020-01-12 22:00:00+00:00,30.7,78.9,20.393312490686302,89.10461474519353,212.95631487771723,516.2529526385688,954.1330232757404
2020-01-12 22:00:00+00:00,30.5,78.7,11.22759911423971,15.396934923649287,33.5702691831472,132.8774935210752,619.3997057030745
2020-01-12 22:00:00+00:00,30.3,78.5,43.230769252547894,149.80956118607935,400.102143710355,943.1524128695409,1736.8800179193158
2020-01-12 22:00:00+00:00,31.0,78.2,3.6622210779595896,17.193102052701427,21.43577073193686,108.61164326737389,1171.0162433308717
2020-01-12 23:00:00+00:00,30.3,78.5,38.42223655725991,129.4998666181209,337.6024996564249,976.8389352820111,1728.6413183478533
2020-01-12 23:00:00+00:00,29.9,78.9,1.910371656395494,16.2510641376611,40.757563991429016,188.01402024186197,802.6377763184429
2020-01-12 23:00:00+00:00,30.5,78.7,6.213773847686069,18.846852528935898,34.78754204953054,135.4217976974806,616.0796937128417
2020-01-12 23:00:00+00:00,30.8,79.2,13.827962797050766,17.36865926721788,32.11993010486261,117.45223619900663,775.2635295899682
2020-01-12 23:00:00+00:00,31.2,78.6,25.802217587386885,89.77394656067959,169.70460860376215,542.8571774016968,1149.5935043558152
2020-01-12 23:00:00+00:00,31.0,78.2,5.920194057516995,16.02885444773963,27.18982728417938,111.67646340422662,1174.7264456598994
2020-01-12 23:00:00+00:00,30.7,78.9,15.142206250444172,68.49124211605883,177.09182961618785,499.9636276289827,960.3502505641352
2020-01-12 23:00:00+00:00,30.1,78.3,31.832490987261323,73.76186928747327,98.8055664785796,219.45870402265192,760.2068622573915
2020-01-13 00:00:00+00:00,29.9,78.9,6.129397227770812,9.340646151354743,35.63347275842189,190.72941470212595,782.0608352314925
2020-01-13 00:00:00+00:00,30.5,78.7,4.13634551264908,21.577718474574866,33.93471259686078,130.31970766444,609.9206248486872
2020-01-13 00:00:00+00:00,31.0,78.2,7.806584065898672,17.38899920137527,34.411687002739335,118.1435969252285,1179.0880744950978
2020-01-13 00:00:00+00:00,30.8,79.2,7.303693932356748,23.026889112556482,36.6493588838401,121.72174730686258,772.7256768338468
2020-01-13 00:00:00+00:00,31.2,78.6,22.423750141276447,80.17797296461566,171.77442371975155,541.6357787145351,1168.7989140431685
2020-01-13 00:00:00+00:00,30.1,78.3,49.80255667058889,103.3242388156778,145.25006434037732,258.6019641042799,803.2835368157894
2020-01-13 00:00:00+00:00,30.7,78.9,14.325698781418538,49.86121752254898,153.90435894891976,490.3853741327579,969.6845904686523
2020-01-13 00:00:00+00:00,30.3,78.5,32.833982663342724,114.48698847315055,292.3087761847388,1000.2333668040209,1708.69430558293
2020-01-13 01:00:00+00:00,30.7,78.9,8.440563221115642,37.908468252978324,127.0130829981719,478.33682328164934,972.7146053028102
2020-01-13 01:00:00+00:00,30.8,79.2,2.043604770222508,23.175261499630018,34.77589012778519,122.35589343749389,762.9026212814633
2020-01-13 01:00:00+00:00,30.1,78.3,24.88766643640277,106.52271409425298,160.56582020952132,276.5838815920846,821.494208159426
2020-01-13 01:00:00+00:00,30.5,78.7,5.580929731957556,15.93104909229271,31.327984015941986,133.4620932704896,586.7109659237761
2020-01-13 01:00:00+00:00,31.2,78.6,14.299549391932318,62.52551712059565,160.14535411395013,531.1450662054889,1179.6176972344745
2020-01-13 01:00:00+00:00,30.3,78.5,22.099493269839947,93.35571249044258,243.16527367652188,1018.4016731213849,1674.5597603433216
2020-01-13 01:00:00+00:00,31.0,78.2,7.049570556225988,20.77634867964167,37.96945073234307,118.38144419871244,1181.6588237370052
2020-01-13 01:00:00+00:00,29.9,78.9,5.384072265839511,13.42384115000581,32.84530538272702,186.32480425390835,768.8598676822781
2020-01-13 02:00:00+00:00,31.2,78.6,12.292901252837062,49.01620078604582,138.7901473467254,525.3761014372195,1184.0902030775035
2020-01-13 02:00:00+00:00,30.7,78.9,3.663784623409977,26.43004662594413,94.921288742003,462.2700504546201,968.7337992983465
2020-01-13 02:00:00+00:00,30.3,78.5,12.320592357999772,67.25406829118245,196.7539349093033,1029.2918961498692,1635.905124123911
2020-01-13 02:00:00+00:00,30.1,78.3,23.949645783335995,98.63986889032765,172.40173817780095,292.87210848177915,841.6893192704318
2020-01-13 02:00:00+00:00,29.9,78.9,9.576568410367148,21.090037903977464,37.34110204163858,193.14072723691015,756.4570782858424
2020-01-13 02:00:00+00:00,30.5,78.7,10.864904522242467,20.58217976684911,39.42903229578499,141.8293167934369,586.9745592473708
2020-01-13 02:00:00+00:00,30.8,79.2,9.015298368660567,18.36259707123982,35.73125633845771,129.08414517444297,739.8305366371226
2020-01-13 02:00:00+00:00,31.0,78.2,8.185869381675356,23.04202400380003,39.07087845153963,115.8039334246708,1176.3437890700516
2020-01-13 03:00:00+00:00,29.9,78.9,16.292477745274944,31.253118421481595,40.59376457283635,208.8565766844982,758.8513526256427
2020-01-13 03:00:00+00:00,31.0,78.2,2.2872002691394857,17.522640207040844,34.91163940841609,115.31482931552725,1172.699502409439
2020-01-13 03:00:00+00:00,30.7,78.9,4.776906232906327,16.88125407743192,66.74247159998095,453.08485816374576,963.4724283484559
2020-01-13 03:00:00+00:00,30.3,78.5,12.422317998254256,46.84240362609399,161.32939209924447,1035.2601879165516,1600.7965221497188
2020-01-13 03:00:00+00:00,30.1,78.3,16.220531360620278,65.05784358035903,168.38208239603685,292.42170042210006,855.142441796261
2020-01-13 03:00:00+00:00,31.2,78.6,21.293231485959133,47.88568213072851,128.0636550953442,520.6082584966423,1201.3845490963672
2020-01-13 03:00:00+00:00,30.8,79.2,3.952614849001485,15.011517987884556,38.03840710044105,128.0097117776391,720.4289359068605
2020-01-13 03:00:00+00:00,30.5,78.7,8.038247625145221,24.48408187934525,46.061800353920106,148.43004013144298,580.3452066661896
2020-01-13 04:00:00+00:00,29.9,78.9,25.760436187055852,51.62948234269794,65.05332349270375,225.47908365364816,773.5632437962344
2020-01-13 04:00:00+00:00,31.0,78.2,4.356287341039436,14.829356991854292,35.60570567149593,118.21828029787682,1174.3542447576199
2020-01-13 04:00:00+00:00,31.2,78.6,8.678291979229096,42.26442471802529,104.78994183862095,503.8384017868456,1206.2833943918474
2020-01-13 04:00:00+00:00,30.8,79.2,11.287147765777538,24.255060983439584,47.43032248306961,134.53832639290408,703.9461497802613
2020-01-13 04:00:00+00:00,30.5,78.7,12.561694442263846,31.46484658965154,47.39589568194424,158.03334956740633,590.5610494120308
2020-01-13 04:00:00+00:00,30.7,78.9,6.029158281544445,14.469849137860722,52.37831739083909,445.58722416381534,961.1163670088437
2020-01-13 04:00:00+00:00,30.3,78.5,22.774032766484606,47.516943122738645,140.87265561318117,1052.0684742969763,1576.1892232580906
2020-01-13 04:00:00+00:00,30.1,78.3,11.06387712540299,51.23405426935926,157.75676836361225,295.53793117717123,862.551251217503
2020-01-13 05:00:00+00:00,31.2,78.6,9.291051445322704,39.262574910510935,88.27877569655675,472.639121308174,1191.4415359501513
2020-01-13 05:00:00+00:00,30.1,78.3,11.968806974226238,39.2532154602495,137.89308435057717,303.6722054172827,870.6715738391579
2020-01-13 05:00:00+00:00,29.9,78.9,26.717149668150466,68.77006360048125,89.86010150445873,245.7357374809479,795.4761387853878
2020-01-13 05:00:00+00:00,30.8,79.2,1.6544875259486675,16.89425014072769,35.25684721196751,130.85627114329566,683.1163610183539
2020-01-13 05:00:00+00:00,30.7,78.9,3.5784115134199883,14.384476027870733,40.814522653814905,435.16844690827946,958.1309944385312
2020-01-13 05:00:00+00:00,30.3,78.5,8.2388152718218,43.43516603656067,110.68923432774307,1053.9806836556127,1545.9668877710549
2020-01-13 05:00:00+00:00,30.5,78.7,17.422305377143864,38.02224744455294,58.60442721140203,171.00626414528256,603.3058298358653
2020-01-13 05:00:00+00:00,31.0,78.2,1.1605010013999988,7.803988611578934,30.84601261537894,118.87149529334809,1167.0109640766905
2020-01-13 06:00:00+00:00,31.2,78.6,15.915456813947486,33.88480023849929,81.77048236922779,467.5895899355192,1201.537204652136
2020-01-13 06:00:00+00:00,30.3,78.5,4.878164933100377,35.891012971406795,82.73341659750072,1049.6145090274445,1517.131936877926
2020-01-13 06:00:00+00:00,30.1,78.3,7.036456895602117,30.06914099523134,95.12698457559038,306.60652085639794,876.1245717129689
2020-01-13 06:00:00+00:00,30.8,79.2,7.375004900027827,20.31664019175403,35.32815817963859,135.72756459168144,667.4728776947576
2020-01-13 06:00:00+00:00,31.0,78.2,3.288002028953045,8.804790371392492,26.32743057843331,116.61243564495356,1164.5191834112286
2020-01-13 06:00:00+00:00,30.7,78.9,2.642640575769288,12.250210370733694,29.131464448165655,425.347421483407,955.081141355233
2020-01-13 06:00:00+00:00,29.9,78.9,34.35863057583494,86.83621643104124,118.08933485252285,271.1015990397134,824.0223740616846
2020-01-13 06:00:00+00:00,30.5,78.7,21.715426167548305,51.699425986956015,76.18350786630126,174.339997471323,619.9782101696247
2020-01-13 07:00:00+00:00,30.5,78.7,32.263474170983194,71.40120571567537,102.8660523053269,200.1263522013175,641.800013244343
2020-01-13 07:00:00+00:00,29.9,78.9,35.11227417947966,96.18805442346506,147.81753676616302,293.36129777452646,854.3079596094268
2020-01-13 07:00:00+00:00,30.1,78.3,4.3542938516123355,23.35955772144068,74.59361199079996,307.4547110323688,877.3181866777516
2020-01-13 07:00:00+00:00,30.8,79.2,7.67077724799697,16.70026967397346,40.95533065741306,138.59077068134496,665.0639487530003
2020-01-13 07:00:00+00:00,30.3,78.5,5.87098033497114,18.98796053989333,66.50490366263192,1045.6665854875432,1493.8567923499581
2020-01-13 07:00:00+00:00,31.0,78.2,0.899975477588121,5.348478507941179,20.177835499795442,105.65621102238491,1152.115222617248
2020-01-13 07:00:00+00:00,30.7,78.9,2.97129317046512,9.192345259654367,23.662194397515133,420.9628212966245,956.6520791262309
2020-01-13 07:00:00+00:00,31.2,78.6,4.415118799342331,29.621627058612525,71.88605177663781,448.8734937778942,1196.0552884289953
2020-01-13 08:00:00+00:00,30.3,78.5,0.8902075783990393,11.63935284647057,55.07451888303119,1024.216068134389,1471.0611737625545
2020-01-13 08:00:00+00:00,31.2,78.6,7.6560902030617655,27.986665816351582,67.24924072686251,438.6960740058139,1189.987958734771
2020-01-13 08:00:00+00:00,30.8,79.2,9.771815207970192,24.817597355994984,41.71184749672268,141.72170462277643,670.7824764185103
2020-01-13 08:00:00+00:00,29.9,78.9,42.11840827141634,111.58931302673093,180.3593766272122,317.25935381441667,893.6892044407039
2020-01-13 08:00:00+00:00,31.0,78.2,12.438855147431926,16.626832653973107,24.430821265552012,115.44335256977635,1142.7114658748485
2020-01-13 08:00:00+00:00,30.7,78.9,10.986074101627887,16.600007847862265,30.98448387573304,424.8386236353032,956.3365845474414
2020-01-13 08:00:00+00:00,30.5,78.7,37.769990941021675,91.74889127955319,129.7711387241061,237.31153298464906,664.6642398548939
2020-01-13 08:00:00+00:00,30.1,78.3,3.096289446833549,14.487040194047994,53.74025565429751,310.28433393530673,870.4949906398264
2020-01-13 09:00:00+00:00,30.3,78.5,4.030581324982579,10.791769238352773,46.68278220975951,1007.1980728803011,1441.4025763745997
2020-01-13 09:00:00+00:00,30.8,79.2,27.763590318622875,45.20618277459003,65.52282296634407,163.73068174099998,694.4677526401308
2020-01-13 09:00:00+00:00,30.7,78.9,7.273772226393378,21.231139498486357,33.48134986922009,422.48454169881734,959.5497178938949
2020-01-13 09:00:00+00:00,31.0,78.2,1.928969855186635,15.267800480206697,24.072590851599163,113.07162955485674,1131.8257786995068
2020-01-13 09:00:00+00:00,30.5,78.7,62.91880622301137,132.95227133501626,184.65169732197228,298.37225259008306,722.1981376202214
2020-01-13 09:00:00+00:00,29.9,78.9,54.46859618311782,131.6992786340138,218.53549506505507,357.4295024849025,938.739942749219
2020-01-13 09:00:00+00:00,31.2,78.6,3.070038462067292,15.141247464471387,49.02604770297067,408.5107507892494,1172.8439478881817
2020-01-13 09:00:00+00:00,30.1,78.3,13.891125278722967,21.341708577168845,51.410849572400195,321.7760366282249,884.32727791542
2020-01-13 10:00:00+00:00,30.8,79.2,30.92609414408291,68.46149967067598,85.16176934464944,193.01155280656232,716.452058921002
2020-01-13 10:00:00+00:00,31.2,78.6,8.713718925509935,19.43984759063899,49.061474649251515,404.97692992663156,1162.6126933100504
2020-01-13 10:00:00+00:00,30.3,78.5,2.3906369407402046,7.311425844121837,26.29938638401511,980.6192422138204,1425.5921985970017
2020-01-13 10:00:00+00:00,29.9,78.9,56.44369278360294,153.0306972381371,249.21875166160217,408.10459473163934,989.1144476458209
2020-01-13 10:00:00+00:00,30.7,78.9,22.647416357236263,40.9072626852575,50.09960794491191,440.3862370805785,972.5276278838237
2020-01-13 10:00:00+00:00,30.5,78.7,47.04641567868657,147.73521284271962,219.136418558395,345.0605370501158,763.4174853868311
2020-01-13 10:00:00+00:00,30.1,78.3,4.349691671971069,21.337106397527577,44.69666411896827,311.0135408999674,880.1330097968446
2020-01-13 10:00:00+00:00,31.0,78.2,6.112393658792039,20.480218661410614,25.828697169351763,117.93014732011302,1106.4590542956162
2020-01-13 11:00:00+00:00,30.8,79.2,41.00232008070161,99.69200454340739,124.50960189940238,231.52716204486117,752.8531818074678
2020-01-13 11:00:00+00:00,30.5,78.7,44.10100122713332,154.06622312883127,245.81511440838446,378.81872802498776,797.143874958727
2020-01-13 11:00:00+00:00,31.2,78.6,15.26982087560197,27.053578263179197,55.04024407953078,394.9005181205938,1160.484006572892
2020-01-13 11:00:00+00:00,30.3,78.5,5.218754855443443,11.639973121166241,23.279325967636755,937.5517744449746,1414.6912539172529
2020-01-13 11:00:00+00:00,31.0,78.2,16.33562396542705,24.376987479405738,41.00382013337882,130.09034406045373,1104.588144659042
2020-01-13 11:00:00+00:00,30.7,78.9,6.841610210904475,36.76279879453409,53.3628066423964,440.62914109838914,978.6141317842173
2020-01-13 11:00:00+00:00,30.1,78.3,1.7061100289267703,19.946926979620798,34.433967173668805,308.29572343716995,878.3414296683464
2020-01-13 11:00:00+00:00,29.9,78.9,50.60786916979065,161.52015813651138,273.10947116324235,455.77039905536753,1036.7483145979556
2020-01-13 12:00:00+00:00,30.7,78.9,2.713033525288287,32.202060093429,53.4331995919154,420.1789951638299,973.9498388722042
2020-01-13 12:00:00+00:00,31.2,78.6,1.3858471073916168,25.36938690850352,40.510634372974906,375.2113425798337,1141.7172575575964
2020-01-13 12:00:00+00:00,30.8,79.2,29.88145953083343,101.80987375561794,147.016056530208,250.4236833843103,776.2305771167782
2020-01-13 12:00:00+00:00,29.9,78.9,61.293303391050166,168.34486534444375,300.04414397845756,501.0857634096555,1091.5065365422734
2020-01-13 12:00:00+00:00,31.0,78.2,2.712557060500068,25.16057468471917,40.42837516492584,116.0298764340328,1079.742156506012
2020-01-13 12:00:00+00:00,30.5,78.7,40.32262188626384,131.47003879208373,264.4223101271,418.22705458332354,833.0911868263172
2020-01-13 12:00:00+00:00,30.3,78.5,0.7856708616932998,8.395062657876961,19.18683189622968,881.7035089319945,1392.9996626904363
2020-01-13 12:00:00+00:00,30.1,78.3,3.7580991552511978,9.81390085614903,31.15560943331789,309.0929678185114,881.6022218500055
2020-01-13 13:00:00+00:00,31.0,78.2,2.017136512352473,21.065317538279604,41.54553619969019,114.08980218820642,1048.9600315320085
2020-01-13 13:00:00+00:00,30.8,79.2,22.55738921338265,93.44116882491768,161.90266849559367,271.3036967152758,791.0618167947165
2020-01-13 13:00:00+00:00,29.9,78.9,48.04386308353687,159.9450356443777,312.9757328825148,540.4701651167254,1139.2917095944
2020-01-13 13:00:00+00:00,31.2,78.6,1.984922420443684,18.64059040343727,38.08043799407626,370.48019963961116,1118.7839791238403
2020-01-13 13:00:00+00:00,30.1,78.3,3.7489777122426178,9.213186896420579,30.55029329394817,311.53960385200645,872.198385165309
2020-01-13 13:00:00+00:00,30.5,78.7,34.60045207342313,119.02407518682028,266.7592880295399,447.7995216295869,845.2742735200454
2020-01-13 13:00:00+00:00,30.7,78.9,0.5105365230609881,10.065180259253722,50.972442944511265,405.2232800574304,964.2789126356774
2020-01-13 13:00:00+00:00,30.3,78.5,1.6027524889525344,7.607178206089291,14.918604050211071,817.1643464260935,1385.8414994307273
2020-01-13 14:00:00+00:00,30.8,79.2,22.428959078779027,74.8678078229951,174.5598123664025,289.17250365566053,809.9494678015992
2020-01-13 14:00:00+00:00,30.1,78.3,3.4351429739134307,10.94221984140724,30.88914682102805,304.90103811160503,874.8124265137342
2020-01-13 14:00:00+00:00,30.5,78.7,38.942242097899026,113.865316057586,267.93153918641724,479.6764637981778,863.301541320508
2020-01-13 14:00:00+00:00,30.7,78.9,14.381820971947862,17.60539102029711,54.36818981483124,397.16460783853813,969.562316494983
2020-01-13 14:00:00+00:00,31.0,78.2,2.053888298466663,6.783581871319218,31.160569350724927,112.1876082585968,1016.0957866306353
2020-01-13 14:00:00+00:00,30.3,78.5,11.790897615338189,14.179320965984036,25.81929408715022,756.5540889150325,1385.6394689847004
2020-01-13 14:00:00+00:00,29.9,78.9,52.74272976045988,162.0798962350469,323.6000543715584,588.605976948637,1182.851561999413
2020-01-13 14:00:00+00:00,31.2,78.6,4.18684054786082,7.557610075696121,34.611188338875316,366.74982909340764,1099.6213046052728
2020-01-13 15:00:00+00:00,30.1,78.3,6.211975528843523,13.396096214999565,23.209997071148607,300.6459168444361,871.8751741750057
2020-01-13 15:00:00+00:00,30.8,79.2,9.461756004205636,54.448104296367305,156.25797805198525,297.3187232399162,812.0380653147286
2020-01-13 15:00:00+00:00,29.9,78.9,58.870784814118615,159.65737765811537,328.0022430025591,638.4295652010582,1227.8427303496378
2020-01-13 15:00:00+00:00,31.2,78.6,2.8743942704039576,9.046157238708462,34.41554414721198,355.0333951413274,1075.5859871001164
2020-01-13 15:00:00+00:00,30.5,78.7,17.10500625524985,90.64770042657202,222.11773921865574,488.97771167871656,850.6805874031696
2020-01-13 15:00:00+00:00,30.3,78.5,9.876992987489666,23.270643091780403,31.66570574965731,685.132685925157,1381.1786363820534
2020-01-13 15:00:00+00:00,30.7,78.9,3.739600327101448,18.63195782211027,50.83401791553931,374.7491559590807,971.1888505942918
2020-01-13 15:00:00+00:00,31.0,78.2,5.79685364460926,9.86787845542841,35.02845314014755,117.45501825093464,982.5369872378203
2020-01-13 16:00:00+00:00,30.3,78.5,10.267876549031637,31.935767151859505,39.54294535794874,606.8171310655001,1386.0593545992263
2020-01-13 16:00:00+00:00,30.1,78.3,0.1694876781619044,9.81660618091885,19.029793077339445,300.23600258985994,867.0825012030126
2020-01-13 16:00:00+00:00,30.8,79.2,6.7141089738915625,38.60482405687622,132.04599288179392,300.4453528293837,812.6002031798804
2020-01-13 16:00:00+00:00,31.2,78.6,0.3642432100005391,7.425478028265316,26.06606843170259,339.77885255601325,1053.8252006949117
2020-01-13 16:00:00+00:00,30.7,78.9,4.993064376865888,23.11448567591517,33.179665935168934,348.6139061486373,961.3446967513808
2020-01-13 16:00:00+00:00,29.9,78.9,78.27051529284006,189.88402986741855,349.8290655117962,707.3549294696066,1289.5478099713866
2020-01-13 16:00:00+00:00,30.5,78.7,18.79334772828361,74.8405960814325,193.86467126825278,493.9672546917392,834.2684539628989
2020-01-13 16:00:00+00:00,31.0,78.2,3.7814087272460144,11.632150670321952,32.69746820860153,115.56764178138607,946.2481502268976
2020-01-13 17:00:00+00:00,30.1,78.3,5.368566236864673,11.750029443870094,22.69224928527735,293.8248672881029,871.0990062710357
2020-01-13 17:00:00+00:00,31.2,78.6,12.812850713618785,16.051488194023282,23.609098269719404,336.6327266495691,1041.856584127724
2020-01-13 17:00:00+00:00,30.7,78.9,1.1809288850329833,9.91359358900029,27.51898460929744,298.78814352169667,961.8143129450474
2020-01-13 17:00:00+00:00,30.5,78.7,11.243490441844077,47.14184442537754,161.0071604829635,500.21424415228057,807.5617735017462
2020-01-13 17:00:00+00:00,30.3,78.5,8.691085964028872,28.83595550055019,43.015276466534175,514.5863364183391,1362.1065171839773
2020-01-13 17:00:00+00:00,31.0,78.2,3.682709349442933,13.26097172129822,20.04455359261741,119.08421362555454,905.4026669454463
2020-01-13 17:00:00+00:00,29.9,78.9,80.43100787194112,217.5723079788998,379.6522042139467,783.3793408730768,1362.5562581807455
2020-01-13 17:00:00+00:00,30.8,79.2,1.4341703679364457,17.610035346033637,92.47784316902874,284.36422238526126,810.0369624704813
2020-01-13 18:00:00+00:00,31.2,78.6,8.786272574768484,21.963366498387806,31.00952373709627,325.0650641990505,1031.3109927553792
2020-01-13 18:00:00+00:00,30.3,78.5,26.9715063913458,45.930468904406325,69.20111199618667,463.430136674656,1382.2638265855667
2020-01-13 18:00:00+00:00,30.1,78.3,3.232867147916577,8.770921062943147,22.167017277942726,293.6996756272283,864.8800039571637
2020-01-13 18:00:00+00:00,30.8,79.2,13.316749491900445,21.465028833728447,75.91313313009577,294.90670672378246,816.6715874606843
2020-01-13 18:00:00+00:00,31.0,78.2,4.423280435117411,11.88739851180637,21.755276967234757,122.92276971333324,855.8794842119728
2020-01-13 18:00:00+00:00,29.9,78.9,70.44492924119444,229.14645240597562,388.803830064091,842.5707816534933,1424.516705248203
2020-01-13 18:00:00+00:00,30.5,78.7,4.134912142522628,34.171750312650325,124.81945073922232,499.35998132948436,793.0431832921026
2020-01-13 18:00:00+00:00,30.7,78.9,4.122834564052856,10.296827825951699,28.92878564806201,265.39780863706284,961.404549422447
2020-01-13 19:00:00+00:00,30.8,79.2,3.423614359670693,18.174534219507578,56.77935827638381,294.41324755717574,817.9044958394118
2020-01-13 19:00:00+00:00,30.1,78.3,1.1070823332393842,9.708515718020628,19.525121898939492,285.23484739320895,865.7184324036723
2020-01-13 19:00:00+00:00,29.9,78.9,43.68654439365056,194.56248150678613,384.44651137420465,878.0850864056096,1462.1332294706065
2020-01-13 19:00:00+00:00,31.2,78.6,4.915027468512145,26.51415075689941,33.93962878516473,304.0514726698289,1017.6868649935814
2020-01-13 19:00:00+00:00,30.7,78.9,1.981925681157407,7.2856891302432185,30.40017480615843,232.04789514635678,961.398582679124
2020-01-13 19:00:00+00:00,30.5,78.7,4.556115043812043,19.934517628178757,94.77511370961123,495.72843806042005,781.0298093529359
2020-01-13 19:00:00+00:00,31.0,78.2,11.687514336396648,19.793504120957007,31.42565479127893,131.11847722310762,817.7664103237292
2020-01-13 19:00:00+00:00,30.3,78.5,34.14478468755521,69.80737704292989,101.74314419478935,426.3319255841543,1413.9800220988657
2020-01-13 20:00:00+00:00,29.9,78.9,40.05756605951509,154.18903969436008,371.76134767325993,913.0618807136691,1499.6180398075824
2020-01-13 20:00:00+00:00,31.0,78.2,0.8176186293235519,16.928413400837623,30.189385122135818,124.85165418995238,761.2280563329953
2020-01-13 20:00:00+00:00,30.8,79.2,3.651675996968405,20.392039848539536,38.00207519457319,290.0049913961561,812.6082259262363
2020-01-13 20:00:00+00:00,30.1,78.3,2.6983717396511886,7.038321220807143,18.78835066467725,275.8194913178038,863.9998234602406
2020-01-13 20:00:00+00:00,30.5,78.7,13.76366395839761,22.454691144732287,69.59653557010982,506.72824577641813,790.5935773893701
2020-01-13 20:00:00+00:00,30.7,78.9,5.927536575276004,12.032296820486238,21.94589040948657,202.2198528420539,957.6538098806312
2020-01-13 20:00:00+00:00,31.2,78.6,3.8820427303311966,17.583342773611825,33.634830967635104,274.2854073800983,1004.1789117013392
2020-01-13 20:00:00+00:00,30.3,78.5,36.40723736151514,97.52352844041616,126.3594839409663,404.0072318204511,1435.836237169131
2020-01-13 21:00:00+00:00,30.1,78.3,2.5458298989716246,6.35128397186219,15.122205034805352,258.12513407439104,864.7763178300572
2020-01-13 21:00:00+00:00,31.2,78.6,2.397039633217112,11.194109832060452,33.15747633044826,244.6627232759751,991.349898506899
2020-01-13 21:00:00+00:00,29.9,78.9,35.478569240230115,119.22267969339576,348.3691320993714,935.500634739822,1533.7429611626692
2020-01-13 21:00:00+00:00,30.7,78.9,7.185419997082991,15.094882253516374,25.391710079468115,176.44954946420853,951.5386869216663
2020-01-13 21:00:00+00:00,30.3,78.5,48.18159517894359,118.73361722801396,164.6640861324202,404.34196619108167,1478.4732478436233
2020-01-13 21:00:00+00:00,30.8,79.2,3.7152806468964665,10.790571003535558,32.255599837264015,292.07480795603436,808.1396987621581
2020-01-13 21:00:00+00:00,31.0,78.2,9.494152834338633,21.99928580005885,33.886684311865196,127.899367712028,720.1949489842257
2020-01-13 21:00:00+00:00,30.5,78.7,3.9728183533015726,22.29259735551123,56.464347668161544,509.2955845627096,786.9485683324244
2020-01-13 22:00:00+00:00,30.1,78.3,1.7177948004154753,6.961996439038282,16.670512157058923,238.1537377169789,862.3496770594104
2020-01-13 22:00:00+00:00,31.2,78.6,1.6547806006952148,7.933862964243522,34.448013721142935,214.365498640718,979.360512427703
2020-01-13 22:00:00+00:00,30.3,78.5,46.91913270883182,131.50796524929058,201.3153422922204,408.03032964736553,1521.3678483752465
2020-01-13 22:00:00+00:00,30.8,79.2,3.9059550210287934,11.272911664893659,29.447445884401247,294.0855305939142,808.6202533242358
2020-01-13 22:00:00+00:00,30.5,78.7,13.513929668839918,31.250411980539106,51.18492960871785,511.58191511730985,798.4138678714754
2020-01-13 22:00:00+00:00,29.9,78.9,42.872722901957,118.4088582017022,312.97133970848836,977.0724803745904,1567.3169767439658
2020-01-13 22:00:00+00:00,31.0,78.2,3.5459478209570894,13.85771928461929,33.65122340557627,127.78309445502549,676.16816703751
2020-01-13 22:00:00+00:00,30.7,78.9,3.0793157850027524,16.19227235736172,23.47796148760498,159.135552758525,940.3350040609771
2020-01-13 23:00:00+00:00,31.0,78.2,1.18634257278123,14.226443228076969,31.154856628914565,123.04924297028973,629.2444187865067
2020-01-13 23:00:00+00:00,30.8,79.2,8.35004688680608,15.971282554731333,36.363322403270885,288.60761468366957,816.5703594424615
2020-01-13 23:00:00+00:00,30.5,78.7,3.207892451613588,20.694640473755086,43.14933161848736,508.57603372123737,793.7717389702433
2020-01-13 23:00:00+00:00,29.9,78.9,49.107723229390984,127.45901537157809,281.6480550659382,1024.269831947586,1614.6858008698564
2020-01-13 23:00:00+00:00,30.3,78.5,31.128563486616375,126.2292913743918,223.7528198148079,400.736656576722,1551.174693056208
2020-01-13 23:00:00+00:00,31.2,78.6,1.764195981349959,5.816016215262284,23.39935898887411,190.32747703468104,969.0704835871668
2020-01-13 23:00:00+00:00,30.7,78.9,4.343766043312425,14.60850182539814,26.640798645884423,148.3371125513932,943.9904799443669
2020-01-13 23:00:00+00:00,30.1,78.3,8.924449615155337,13.18807431454243,20.22639553534959,215.24569634487293,869.7207959267623
2020-01-14 00:00:00+00:00,30.3,78.5,16.70007798400823,94.74777417945644,213.48139140747034,384.6027518973876,1541.190710598997
2020-01-14 00:00:00+00:00,31.0,78.2,14.737900241842308,19.470190635580643,41.46947643563946,129.98055914623336,583.6712240164281
2020-01-14 00:00:00+00:00,30.8,79.2,5.157559830303584,17.41356173813845,28.204132741674023,286.46148058161634,821.524288731339
2020-01-14 00:00:00+00:00,29.9,78.9,55.62772110489188,147.60816723623986,266.83084692963564,1073.768155824707,1662.320989071848
2020-01-14 00:00:00+00:00,31.2,78.6,1.7349044318903775,5.15388101393555,16.347990845996005,169.638631325295,963.1435535378462
2020-01-14 00:00:00+00:00,30.5,78.7,2.4723428383412607,19.194164958794772,41.48676231430599,506.91203104692954,793.5955858546772
2020-01-14 00:00:00+00:00,30.7,78.9,5.903788210874536,13.326870039189686,28.421752292706103,139.91520198084922,942.4990928735317
2020-01-14 00:00:00+00:00,30.1,78.3,2.8219877848688277,13.464232200439634,19.81551617230184,168.26512745915284,857.146674014905
2020-01-14 01:00:00+00:00,30.8,79.2,1.0595690296749838,14.56717574678464,25.84008741167831,285.47744484106886,820.0819949150837
2020-01-14 01:00:00+00:00,30.7,78.9,12.923583387388293,23.171137641575225,39.36340999893699,144.39822214712186,951.7370252253571
2020-01-14 01:00:00+00:00,31.0,78.2,3.9967732896149255,19.92101610423848,33.77873538885774,126.9277618796223,531.9686678610844
2020-01-14 01:00:00+00:00,29.9,78.9,59.62665556028615,164.36209989456904,282.7709580962712,1128.0107391191536,1714.2891713214444
2020-01-14 01:00:00+00:00,30.1,78.3,11.903332848280476,23.649770248304634,30.61176668734293,155.28079387103054,865.4707126117154
2020-01-14 01:00:00+00:00,31.2,78.6,8.621578317192986,12.12067873043332,20.054541694676846,163.96066025055566,961.7184517000445
2020-01-14 01:00:00+00:00,30.5,78.7,3.479499302814234,9.15973459276909,40.41014657330818,504.81060061778624,794.8048464629427
2020-01-14 01:00:00+00:00,30.3,78.5,15.245981621081961,63.074623091706584,194.5825883409971,377.7492402486295,1548.5971625407933
2020-01-14 02:00:00+00:00,31.0,78.2,0.6848705044141729,19.419544035871418,33.645987263948356,119.42676300236113,496.9383166514834
2020-01-14 02:00:00+00:00,30.5,78.7,1.5649203794541302,7.516762520609632,28.211402994364704,495.5106164749979,787.6686930521068
2020-01-14 02:00:00+00:00,30.3,78.5,7.4586115347847635,39.40467113987497,165.63396251426673,372.8872594254145,1552.7523457014127
2020-01-14 02:00:00+00:00,30.8,79.2,5.008409817316672,11.225538677295233,27.19682123202658,281.4705562897249,820.2328303369461
2020-01-14 02:00:00+00:00,30.1,78.3,4.317531214760718,19.042851847910015,32.23092616245246,135.64867930245526,866.6548502925149
2020-01-14 02:00:00+00:00,30.7,78.9,3.849788283553157,22.677159881815957,37.28566170721414,144.58422580726506,951.5872349021039
2020-01-14 02:00:00+00:00,31.2,78.6,3.252020727073493,13.608503476156855,19.424519691419142,154.91977972479208,948.2785891601139
2020-01-14 02:00:00+00:00,29.9,78.9,62.17175827268974,177.4261349378678,304.88515030944586,1180.6059289814764,1759.7004844022515
2020-01-14 03:00:00+00:00,30.8,79.2,12.666653312172272,18.734632159163922,36.148193897302384,290.18459475289575,827.5845054192537
2020-01-14 03:00:00+00:00,30.1,78.3,7.643144423514352,23.86400848655554,37.32824068699519,127.07129236534934,872.397287987835
2020-01-14 03:00:00+00:00,31.0,78.2,6.48058021045126,11.162224004480372,30.632414640060986,123.62014294367289,471.6886701656851
2020-01-14 03:00:00+00:00,30.5,78.7,3.1570831476313344,8.201502829899706,27.395667788694464,490.629451997484,784.1044709714128
2020-01-14 03:00:00+00:00,30.3,78.5,9.610801404026818,32.315394559893555,127.06316873934993,370.0757428311871,1556.6364407256738
2020-01-14 03:00:00+00:00,29.9,78.9,68.4934508735824,190.2918647065583,337.9000319427982,1232.8069021097838,1799.436422272461
2020-01-14 03:00:00+00:00,31.2,78.6,14.746633673785887,26.620232718052364,31.774113731987917,148.37318191261883,946.6150395314667
2020-01-14 03:00:00+00:00,30.7,78.9,7.097956926265589,23.871328597207008,37.19819863639674,146.9052765006243,956.921314028087
2020-01-14 04:00:00+00:00,30.3,78.5,7.717525614597486,24.786938553409083,87.86156164511561,355.0192356792999,1553.9394687986837
2020-01-14 04:00:00+00:00,29.9,78.9,65.33539817965483,196.00060732592698,360.362707220496,1272.381864102383,1825.34018845602
2020-01-14 04:00:00+00:00,31.0,78.2,4.448780075303505,11.614230790168953,31.5352468944074,123.71263567793696,445.26573977825143
2020-01-14 04:00:00+00:00,31.2,78.6,10.37258422510694,28.37123862596632,40.49191735639964,150.06747415849668,932.3628135089804
2020-01-14 04:00:00+00:00,30.5,78.7,14.23174726080051,18.953750787885983,28.113485380655057,492.29950481602066,797.8381509480878
2020-01-14 04:00:00+00:00,30.7,78.9,5.97233095774968,16.920076167568396,40.09121380914366,146.84844917682955,959.6696692637036
2020-01-14 04:00:00+00:00,30.8,79.2,0.1989467045931664,17.874009834082106,32.44118558086676,279.09639369171134,826.7220655033852
2020-01-14 04:00:00+00:00,30.1,78.3,6.7384606106583,18.699136248933364,42.34890649723801,122.74587585060466,873.3179732882611
2020-01-14 05:00:00+00:00,31.2,78.6,18.6584979536039,43.777715852496726,57.38621932865358,159.43492066677788,927.343054290898
2020-01-14 05:00:00+00:00,30.5,78.7,7.799357759150555,25.18818816758241,32.70495068819202,482.67655719802735,801.9763337787301
2020-01-14 05:00:00+00:00,30.3,78.5,1.8401493665133541,19.168476385137673,58.57314752501258,348.6205697739916,1553.0894956379002
2020-01-14 05:00:00+00:00,31.0,78.2,7.146174709854713,18.075534995609495,37.495079031480884,129.69830938639166,425.69181463291847
2020-01-14 05:00:00+00:00,30.8,79.2,17.796060468063832,30.661660484829262,41.88719916212451,295.23796663382655,842.8767292499514
2020-01-14 05:00:00+00:00,29.9,78.9,50.74452435522755,184.57337340846476,361.99950834633256,1296.4092387894598,1821.5246152017478
2020-01-14 05:00:00+00:00,30.1,78.3,6.658124430219778,21.039729464392423,40.08258131230245,117.4351933065982,867.1822646283323
2020-01-14 05:00:00+00:00,30.7,78.9,4.48304617051554,17.55333405453078,40.23049393634678,147.7530838339251,959.2690084075595
2020-01-14 06:00:00+00:00,30.1,78.3,14.21669180237405,27.613276843252123,51.47728532980768,124.61542821337014,875.694337412936
2020-01-14 06:00:00+00:00,30.8,79.2,20.20889598724567,38.203903159902666,56.938535319066595,308.07185772104435,859.4292107753306
2020-01-14 06:00:00+00:00,30.3,78.5,0.5147819404920227,10.072456921602877,42.387851481496384,344.2571867813832,1541.4884407610894
2020-01-14 06:00:00+00:00,30.5,78.7,1.9441661347792842,23.975271154730358,32.176773984630046,462.90529716525833,798.679083660189
2020-01-14 06:00:00+00:00,29.9,78.9,43.48640263995859,159.56632517484098,349.8581898813993,1305.5370108535835,1813.185360813128
2020-01-14 06:00:00+00:00,31.0,78.2,15.11180837673856,26.70676316189679,37.86898716637714,141.5221157341772,417.5240315094178
2020-01-14 06:00:00+00:00,30.7,78.9,17.845342082025926,28.300719210291117,52.172047807498174,162.95578534018173,966.8092227983552
2020-01-14 06:00:00+00:00,31.2,78.6,16.79964195624076,45.830724134951595,72.45095685300396,160.31910580907115,930.0180669286121
2020-01-14 07:00:00+00:00,29.9,78.9,32.9298606289974,127.16078762418354,323.16139495011055,1303.3545973031012,1797.541348896149
2020-01-14 07:00:00+00:00,30.1,78.3,4.934589065868366,25.80940529846219,44.508541547395566,125.19572342762616,868.031409399206
2020-01-14 07:00:00+00:00,31.0,78.2,41.942324853239015,64.2003079398323,75.81453873000123,182.5644651098281,431.0543503129137
2020-01-14 07:00:00+00:00,30.5,78.7,3.3931561229716407,13.136680016901487,32.09043080478745,434.0349791172468,783.3090643340751
2020-01-14 07:00:00+00:00,31.2,78.6,31.97121151082849,67.42935142067314,95.80059004663947,187.8751985205573,950.2893996150724
2020-01-14 07:00:00+00:00,30.8,79.2,4.046098955204505,42.051055410513996,59.92506524459611,304.4471794282519,862.2848280561627
2020-01-14 07:00:00+00:00,30.3,78.5,2.8183622583136057,5.173293565318996,29.96023211872802,341.20456870472566,1535.9017662658673
2020-01-14 07:00:00+00:00,30.7,78.9,9.40239901264016,31.730787265181597,48.65086343275004,169.38689118235678,963.3753485916997
2020-01-14 08:00:00+00:00,31.2,78.6,26.081659146862563,74.85251261393181,118.63022846642853,206.3007674643581,968.8695832176115
2020-01-14 08:00:00+00:00,30.5,78.7,5.250028754506276,10.587351012257209,35.7755391798396,401.51501693073135,780.115642680991
2020-01-14 08:00:00+00:00,31.0,78.2,47.61913642743359,104.67326965741117,122.74880465302064,217.74474638982974,466.44173772939916
2020-01-14 08:00:00+00:00,30.7,78.9,17.918420469359233,45.16616156402529,62.71949561855611,176.31923755008813,978.9265061585974
2020-01-14 08:00:00+00:00,30.3,78.5,3.4898357121863826,6.822979910992025,25.99145629612964,343.804196838513,1532.6998982288135
2020-01-14 08:00:00+00:00,29.9,78.9,24.731726317087663,101.14798958604365,285.7213629945084,1285.9679153487725,1785.4772036190607
2020-01-14 08:00:00+00:00,30.1,78.3,0.8487494640387535,20.000030332281163,41.0397597966736,122.94818344483136,857.0429531930306
2020-01-14 08:00:00+00:00,30.8,79.2,1.9346260508653517,26.189620993315522,56.85128147814479,296.60999027114707,859.5573671389258
2020-01-14 09:00:00+00:00,30.8,79.2,7.527840020402564,13.508565026472418,51.712468186375084,276.3742399729268,864.4712300985103
2020-01-14 09:00:00+00:00,31.0,78.2,31.294955735205683,120.85641701587829,147.56318017777505,247.11073226984877,479.0907481191716
2020-01-14 09:00:00+00:00,31.2,78.6,27.24751516072005,85.3003858184111,131.1311099533627,230.47824416301086,995.2595217303439
2020-01-14 09:00:00+00:00,30.5,78.7,4.667916716200498,13.311101593678423,37.286372748408766,343.2641274239205,773.3143480382898
2020-01-14 09:00:00+00:00,30.1,78.3,0.774005892215313,6.557344422122427,34.170621265374564,109.8310640583237,843.6018269974818
2020-01-14 09:00:00+00:00,29.9,78.9,21.592003144713274,79.25359009079834,238.81991526563928,1253.091322310368,1777.3891252661724
2020-01-14 09:00:00+00:00,30.3,78.5,6.886196788211263,13.194394758711265,23.266851680314087,346.6598123017416,1533.2840911531707
2020-01-14 09:00:00+00:00,30.7,78.9,12.622749166700503,39.943568648699866,68.24428785899103,181.66821449039523,988.2899978970909
2020-01-14 10:00:00+00:00,31.2,78.6,24.65786626710156,77.98704057468417,145.41639199535732,246.4223915046025,1015.6243191463357
2020-01-14 10:00:00+00:00,29.9,78.9,18.774401850067125,65.09813131186806,192.2589189360516,1215.4220313768321,1773.7658653727276
2020-01-14 10:00:00+00:00,30.8,79.2,5.34833327103364,14.810799342301554,56.86185475281556,250.79647909987747,862.432093803117
2020-01-14 10:00:00+00:00,30.1,78.3,6.639557429031966,8.262312785286028,34.07171808374822,112.1209298153846,833.7147351853926
2020-01-14 10:00:00+00:00,30.7,78.9,23.041598480998,53.58276811705771,85.31355538223934,182.06239661415697,1002.9247484590077
2020-01-14 10:00:00+00:00,30.3,78.5,10.596798076876256,20.972830577273918,26.146124142592857,354.8659734378777,1533.2945179097337
2020-01-14 10:00:00+00:00,30.5,78.7,7.812999880443291,17.730945351150073,30.867625368051545,304.0307116256772,774.0826569257605
2020-01-14 10:00:00+00:00,31.0,78.2,22.867124455942673,101.78121661858195,165.9815245584142,263.86546306699944,495.3661084911751
2020-01-14 11:00:00+00:00,31.0,78.2,9.458916488067771,63.620996679216134,168.2942663366273,256.98875558964016,496.1387728834253
2020-01-14 11:00:00+00:00,30.8,79.2,12.258541480458128,25.13471477189433,51.32433576520985,222.052700499634,863.895479309153
2020-01-14 11:00:00+00:00,30.3,78.5,0.8398338567589909,18.322828721846523,25.14580863283849,350.4870524391933,1531.9835064451806
2020-01-14 11:00:00+00:00,29.9,78.9,13.05829339120045,53.42469838598085,154.5726879720245,1177.872455598242,1779.3653970596722
2020-01-14 11:00:00+00:00,30.7,78.9,22.120863945516433,57.78521159321491,102.95137315724025,197.34165034876895,1022.5458619258176
2020-01-14 11:00:00+00:00,31.2,78.6,26.689998777620442,78.59538020544205,153.44789281937386,257.84256940662095,1038.914022774939
2020-01-14 11:00:00+00:00,30.1,78.3,0.8319708888604985,8.245534210107772,28.245564542388948,111.24679067531834,811.3762724192401
2020-01-14 11:00:00+00:00,30.5,78.7,1.1335378747855944,13.614454471429392,24.201805483686584,261.0632482733295,773.8319270290938
2020-01-14 12:00:00+00:00,29.9,78.9,6.333801691125228,38.1664969323928,117.42008702319114,1122.912953898317,1781.497254203384
2020-01-14 12:00:00+00:00,31.2,78.6,34.07757176380433,85.42543680852633,170.72582262693743,290.5342940630337,1072.6815954530641
2020-01-14 12:00:00+00:00,31.0,78.2,10.837420940073294,43.163461884083745,164.019878899962,265.1136194692134,503.6424103394339
2020-01-14 12:00:00+00:00,30.8,79.2,18.404917852703704,36.01179260419547,49.52035763066789,210.5761588215043,859.8480080584957
2020-01-14 12:00:00+00:00,30.1,78.3,4.649140304294069,12.120668622186528,18.678013044308965,112.13783182436121,787.8043328549883
2020-01-14 12:00:00+00:00,30.3,78.5,0.6035047888317088,12.04013672246697,25.23453148117818,350.3048863663317,1529.9555428784352
2020-01-14 12:00:00+00:00,30.7,78.9,28.97027951897069,74.1327419454851,114.076310594185,223.59889634245133,1038.3330869009105
2020-01-14 12:00:00+00:00,30.5,78.7,6.733314199043921,15.679851954272813,28.99095354795122,227.4739405861096,774.270423017911
2020-01-14 13:00:00+00:00,30.1,78.3,3.223184379642351,8.704295572796912,16.96660835808295,111.61203849176094,765.0209911024068
2020-01-14 13:00:00+00:00,29.9,78.9,7.988294251371592,27.38038933369727,92.47852064556534,1082.857385066152,1785.2937847473652
2020-01-14 13:00:00+00:00,30.8,79.2,23.154959826544534,53.818419159706366,68.62921850200792,211.17372943466614,856.3757443539853
2020-01-14 13:00:00+00:00,30.3,78.5,1.299777924110313,2.743116569701027,23.715947146974887,350.0019118014895,1529.9320432032234
2020-01-14 13:00:00+00:00,30.5,78.7,10.67069515343171,18.537547227261232,36.26849257841129,203.54418366611816,771.2061959688643
2020-01-14 13:00:00+00:00,30.7,78.9,29.42654366032269,80.51768712480978,134.10045524186754,252.51490347971304,1061.4323663227865
2020-01-14 13:00:00+00:00,31.0,78.2,32.018834097737965,52.31517152587904,154.09638814446097,295.1153170545989,533.3660340297508
2020-01-14 13:00:00+00:00,31.2,78.6,55.154005828975926,115.9215763704007,193.90861694508487,343.7033774715659,1100.2604963945885
2020-01-14 14:00:00+00:00,30.1,78.3,1.0839206088805016,8.956245292816917,17.2017795029247,109.26081612672802,720.3778271293852
2020-01-14 14:00:00+00:00,30.8,79.2,35.327138098809975,76.88701577805821,102.02173054995255,224.0719084546971,854.4936543786744
2020-01-14 14:00:00+00:00,29.9,78.9,2.6740418784153865,16.996137820912207,70.42083620689306,1032.7886971841071,1783.1743136028367
2020-01-14 14:00:00+00:00,30.7,78.9,40.822474116881295,99.21929729617464,157.0045088893896,278.9555566246465,1092.9771813415002
2020-01-14 14:00:00+00:00,31.0,78.2,17.60631897416105,60.462574011972315,124.08357069118843,310.66774773029323,543.8838531554126
2020-01-14 14:00:00+00:00,30.5,78.7,3.0452016071075065,20.449210959583144,34.063665431012524,167.64714317532665,773.842533096146
2020-01-14 14:00:00+00:00,31.2,78.6,35.02168996341357,124.25326755619383,202.8486477616359,374.5382268871187,1134.554283972892
2020-01-14 14:00:00+00:00,30.3,78.5,2.3986509923783506,4.301933705320387,22.624762427166853,340.6096651785296,1519.8518887920118
2020-01-14 15:00:00+00:00,29.9,78.9,1.7169035653942062,12.379239695181186,50.54573662757399,975.6348159353829,1784.1768038171424
2020-01-14 15:00:00+00:00,30.3,78.5,0.8772881084953054,4.575717024983983,16.6158537474509,331.60996029953526,1508.3968860804816
2020-01-14 15:00:00+00:00,31.0,78.2,20.147980604741615,69.77313367664064,112.93659556072437,325.0188746904256,561.7023604620757
2020-01-14 15:00:00+00:00,30.1,78.3,6.792149119448464,11.099254107971312,23.219922730157847,109.84098971733295,698.3617615800073
2020-01-14 15:00:00+00:00,30.8,79.2,51.262770397909655,109.74486832326416,145.75666092745965,265.8729228484011,858.0656606172073
2020-01-14 15:00:00+00:00,30.5,78.7,8.248973250949161,21.964870011488387,37.64472196576118,158.79111017102596,775.9442891221505
2020-01-14 15:00:00+00:00,30.7,78.9,47.01916298418841,117.26818076139237,191.4009227068775,322.23511928173343,1127.8897656949334
2020-01-14 15:00:00+00:00,31.2,78.6,26.287256949074287,116.46295274146378,201.8883895499901,397.951089565789,1155.907063510083
2020-01-14 16:00:00+00:00,30.1,78.3,8.889248290362456,16.765318018691417,25.46961359148834,118.5607503295335,669.5632881349
2020-01-14 16:00:00+00:00,29.9,78.9,2.455879989251493,6.846825433061086,34.22721476675836,899.8201806317943,1783.7296884885711
2020-01-14 16:00:00+00:00,30.8,79.2,48.271375576760235,134.86128407347985,188.67970323318622,307.4301894512698,848.4048558073586
2020-01-14 16:00:00+00:00,30.5,78.7,1.8974982185185068,13.191673076575183,31.7292203038364,141.89526066126086,765.7488755154775
2020-01-14 16:00:00+00:00,30.3,78.5,3.4976458560116725,6.773584956885342,9.516701526586314,324.8397296065153,1504.2994100710534
2020-01-14 16:00:00+00:00,31.2,78.6,33.366999280476286,94.67594619296415,210.59752256336483,430.95384563626476,1185.3530015937522
2020-01-14 16:00:00+00:00,30.7,78.9,38.233002796423875,126.07463989749355,206.59232702230338,355.47505770129146,1150.9852201038798
2020-01-14 16:00:00+00:00,31.0,78.2,29.73708045067367,67.49138002957633,119.80655155545537,350.97454641385326,582.9657458227889
2020-01-14 17:00:00+00:00,31.2,78.6,34.53128392057984,94.18554015013041,218.4388077063242,452.6722788432258,1217.4221277243387
2020-01-14 17:00:00+00:00,30.8,79.2,55.50135480853752,155.0355007832074,231.92251656126564,361.4973738918709,855.2298007856998
2020-01-14 17:00:00+00:00,31.0,78.2,26.62992685860935,76.51498791402464,136.97756192599695,373.9217639230197,608.3936453302284
2020-01-14 17:00:00+00:00,30.1,78.3,4.116946328697857,19.798343738508773,28.7545890313257,117.30913042136669,641.08900150939
2020-01-14 17:00:00+00:00,29.9,78.9,12.802592450746044,16.975376005391745,33.97151382630395,832.1917652105992,1791.2511034506897
2020-01-14 17:00:00+00:00,30.5,78.7,6.109023151346199,16.255494620813877,36.704705580397004,136.76079337076297,769.9675998181667
2020-01-14 17:00:00+00:00,30.3,78.5,5.6022039392334895,9.977137903740482,14.27907160906081,321.75084758171994,1509.083716488484
2020-01-14 17:00:00+00:00,30.7,78.9,40.33638772291755,125.58855350352981,224.80785079970448,394.630516539176,1166.135304534683
2020-01-14 18:00:00+00:00,30.8,79.2,50.05845484753624,153.83118523283397,263.57605355609815,398.23907924750665,861.8388084531805
2020-01-14 18:00:00+00:00,30.1,78.3,12.600016851157543,25.60621147021785,36.70546557818918,126.67628012460764,627.400566363041
2020-01-14 18:00:00+00:00,31.0,78.2,40.42753339313852,96.79454070242154,166.56767437906217,409.9260168810408,647.4245453377872
2020-01-14 18:00:00+00:00,29.9,78.9,7.539451632790427,22.797924072787964,35.17716376796915,769.2862876021952,1795.3501533887875
2020-01-14 18:00:00+00:00,31.2,78.6,21.640029693923708,89.53831289497984,206.00126563644363,465.526035962381,1235.7409899368402
2020-01-14 18:00:00+00:00,30.3,78.5,1.1742279185441935,10.27407771378937,14.849794738773296,295.95356910891826,1509.427239245844
2020-01-14 18:00:00+00:00,30.5,78.7,7.5383479109894616,15.544869280854176,37.509739292342545,140.1642291392298,771.3219013223771
2020-01-14 18:00:00+00:00,30.7,78.9,43.79100181093283,122.36039233027424,239.62857309166665,434.29868378605596,1192.029621936827
2020-01-14 19:00:00+00:00,30.7,78.9,39.4271628870367,123.55455242088706,249.62919231838066,471.7439209919353,1207.6771318059336
2020-01-14 19:00:00+00:00,30.1,78.3,13.957074410232535,30.67403759008793,47.43935560877935,139.52627220160082,616.6984806667284
2020-01-14 19:00:00+00:00,31.2,78.6,23.460739776997265,79.63205339150082,174.30799958446497,484.0717482708661,1248.4962264628418
2020-01-14 19:00:00+00:00,31.0,78.2,35.60514043541675,102.66260068716463,170.15398071674096,433.8436429800609,678.7619017924555
2020-01-14 19:00:00+00:00,30.3,78.5,1.2988923858235277,8.075324243601226,14.848909200486512,263.1076768071866,1504.2659100511967
2020-01-14 19:00:00+00:00,29.9,78.9,4.715660840097303,25.05770492363377,31.90453035669486,730.3154040486419,1798.4362348610578
2020-01-14 19:00:00+00:00,30.8,79.2,41.15363027308861,146.71343992916238,281.57472400264226,435.96909516092455,869.8168103268267
2020-01-14 19:00:00+00:00,30.5,78.7,2.1756433327686944,15.823014395104364,29.01468747167953,137.78375742818645,760.2034449795743
2020-01-14 20:00:00+00:00,31.0,78.2,39.8181565899743,115.85083041852958,192.36581833255423,472.8441809407116,709.4604603959147
2020-01-14 20:00:00+00:00,29.9,78.9,9.748544243763325,22.003656716651054,38.979032722042795,700.0063822328901,1804.9379726508193
2020-01-14 20:00:00+00:00,30.5,78.7,2.2841390623660516,11.998130306124217,28.253624926938073,126.3042325321549,757.889004189216
2020-01-14 20:00:00+00:00,30.1,78.3,20.3874889535311,46.944580214921174,66.74292395342997,157.21538941548073,617.9933533348606
2020-01-14 20:00:00+00:00,30.3,78.5,3.308424771288471,5.781545075656206,15.75868297939663,230.00886421695995,1498.33515748938
2020-01-14 20:00:00+00:00,30.8,79.2,37.766604935362835,128.97869005598767,284.01419083919507,470.08402409931904,880.2780712237898
2020-01-14 20:00:00+00:00,30.7,78.9,35.758784173733645,118.97694887170314,244.565502375233,501.5751685903929,1217.8836477503594
2020-01-14 20:00:00+00:00,31.2,78.6,12.382807123719736,57.48357659464072,151.6691167447711,492.57251266425465,1252.2174799092209
2020-01-14 21:00:00+00:00,31.2,78.6,10.099089416691026,45.94263631740803,135.48094921238786,500.27456244772856,1253.7334031332455
2020-01-14 21:00:00+00:00,30.8,79.2,24.130946449165922,103.05118165761736,256.88236689045135,490.49968990158845,891.7043865762191
2020-01-14 21:00:00+00:00,30.5,78.7,2.2114801523484156,6.67126254748317,22.21613182833733,124.54289433120175,757.5478724242331
2020-01-14 21:00:00+00:00,30.1,78.3,16.091642897652022,50.436206261415656,76.04241773163352,170.76120241416112,619.3201136996595
2020-01-14 21:00:00+00:00,29.9,78.9,5.85081603096639,20.31502111482702,43.11294518761498,670.3786290236264,1802.0015297563925
2020-01-14 21:00:00+00:00,31.0,78.2,46.74415979991066,122.16745682530173,218.96199752772324,510.09418790628365,745.4490129459426
2020-01-14 21:00:00+00:00,30.3,78.5,2.6566457279996203,7.263962885111633,17.538040598900945,184.483914766016,1495.6617158301246
2020-01-14 21:00:00+00:00,30.7,78.9,30.303337623074757,105.48928468384507,227.84967701411935,524.6930862163847,1223.9396981996842
2020-01-14 22:00:00+00:00,29.9,78.9,2.77395975071327,18.373320025442986,43.43102494907676,630.2798658723827,1803.867070684512
2020-01-14 22:00:00+00:00,30.3,78.5,3.833851814187924,9.79892231347603,17.874246557077196,141.39863387137208,1492.5813763882784
2020-01-14 22:00:00+00:00,31.2,78.6,11.200862943530563,33.68275948394133,113.31481287544213,509.82064479056396,1254.9877806894544
2020-01-14 22:00:00+00:00,30.5,78.7,1.3325170879174792,5.828136302631956,21.651150697736302,112.36148175027931,756.8208903886643
2020-01-14 22:00:00+00:00,30.7,78.9,29.038801899733897,95.10092369654228,218.65547611742937,550.6525723311158,1226.0410777282095
2020-01-14 22:00:00+00:00,30.8,79.2,16.11721883017113,78.01477021469988,224.72821014386227,502.71095371073085,903.1201268681341
2020-01-14 22:00:00+00:00,30.1,78.3,10.77920556324403,47.258337414427146,77.93237500451508,179.82261317698965,613.8633439163673
2020-01-14 22:00:00+00:00,31.0,78.2,41.878407836808805,128.4407242266938,231.1033249138584,548.4266479221353,784.8213856445348
2020-01-14 23:00:00+00:00,29.9,78.9,3.0723593774230826,11.697135159102743,33.700791875753794,584.2445020204148,1796.5283542098628
2020-01-14 23:00:00+00:00,31.2,78.6,8.68917945267279,29.989131812894385,87.4727084075351,516.7456282618867,1249.9302826982648
2020-01-14 23:00:00+00:00,30.3,78.5,5.263566596709352,11.754064138896911,17.53560921455306,115.53363698146507,1493.1092288401983
2020-01-14 23:00:00+00:00,31.0,78.2,61.35402173470263,149.9765893714221,265.82741978995165,608.5943270840568,843.3200334585731
2020-01-14 23:00:00+00:00,30.8,79.2,10.768918980823583,51.01708426016063,179.9957743161483,505.1298258047483,911.1896766874245
2020-01-14 23:00:00+00:00,30.1,78.3,11.407453935838188,38.27830239673423,85.22288261165542,182.3056174976725,617.0100178651974
2020-01-14 23:00:00+00:00,30.7,78.9,20.418668721763147,79.76080824457178,198.73775711627496,566.7274750095665,1215.0282151899426
2020-01-14 23:00:00+00:00,30.5,78.7,4.675973574628165,8.219970814894069,20.218101121018265,113.82956287329388,757.8273942920118
2020-01-15 00:00:00+00:00,29.9,78.9,5.364358779448731,11.210677907585083,31.525699022412102,533.9811396949717,1798.4787102218047
2020-01-15 00:00:00+00:00,31.0,78.2,40.0333590286638,143.26578860017526,265.43324542547697,633.8897858708783,882.0139419423401
2020-01-15 00:00:00+00:00,30.1,78.3,12.485619212979824,34.67227871206204,85.1084849734777,191.96924892578352,618.8363404892161
2020-01-15 00:00:00+00:00,30.3,78.5,2.4039984241740657,11.501416835071355,18.76537972018293,101.2375574216309,1486.0736761230394
2020-01-15 00:00:00+00:00,30.7,78.9,24.542921256585416,74.00039187808244,179.48967656192755,585.3666080552774,1215.6671841688844
2020-01-15 00:00:00+00:00,31.2,78.6,5.663591121319702,25.55363351752306,71.49626983493108,520.6743149513161,1231.9487249911463
2020-01-15 00:00:00+00:00,30.8,79.2,8.017984551184469,34.90412236217917,137.95530401979656,507.99025052562916,916.1734784141081
2020-01-15 00:00:00+00:00,30.5,78.7,10.523285950890749,16.531776613436403,23.203039160919552,121.88050598584337,759.1122446972129
2020-01-15 01:00:00+00:00,31.0,78.2,35.79676489844147,137.18414566180792,265.6248698885017,665.6897774797048,910.9989835580395
2020-01-15 01:00:00+00:00,31.2,78.6,9.092202495959947,23.444973069952447,57.127732553893765,521.144939130083,1216.2506655861278
2020-01-15 01:00:00+00:00,30.8,79.2,6.212333915087843,24.999237447095886,103.01400766179579,513.143015411042,920.9763536896048
2020-01-15 01:00:00+00:00,30.7,78.9,14.265017154074199,59.226607132422735,154.32753082896505,586.7080418219633,1209.4430872507346
2020-01-15 01:00:00+00:00,30.1,78.3,2.479014977987032,26.37208812680504,73.6304255412322,182.54493105549008,614.4096065186052
2020-01-15 01:00:00+00:00,30.3,78.5,1.8994068174245151,9.566971838307946,19.36589415178392,87.89098261797345,1484.0418959879878
2020-01-15 01:00:00+00:00,29.9,78.9,1.6324207957680106,10.069138952639824,28.442458978082808,475.98690493045353,1790.3224483035156
2020-01-15 01:00:00+00:00,30.5,78.7,1.3761639172940092,16.575423442812934,22.40355974544487,119.77717060032315,758.0498644885989
2020-01-15 02:00:00+00:00,30.7,78.9,16.819583797240067,55.62752220789966,135.38833045247148,599.6778373356502,1206.5321135975353
2020-01-15 02:00:00+00:00,31.0,78.2,35.783905260197564,111.61402918730285,261.59061855872494,700.7888122354882,936.0195086625201
2020-01-15 02:00:00+00:00,30.8,79.2,9.422656550801985,23.65297501707429,74.67005927723493,517.5572621445274,928.1119636086953
2020-01-15 02:00:00+00:00,30.3,78.5,2.288328958824492,6.591734200423087,18.345798339319938,82.72070004201318,1484.899855617297
2020-01-15 02:00:00+00:00,31.2,78.6,3.1274698461678305,17.883263463447488,47.87239527634186,521.0203882491774,1201.316269411189
2020-01-15 02:00:00+00:00,30.1,78.3,0.4276249926774565,15.39225918364431,53.67056158037855,178.6550248334068,607.1758126176412
2020-01-15 02:00:00+00:00,30.5,78.7,0.7401329263955531,12.63958279458032,20.85955360947437,118.95238314726456,756.2923164156992
2020-01-15 02:00:00+00:00,29.9,78.9,4.017871717758379,11.01465129297512,22.711786452077867,417.83301837552216,1791.5796745939085
2020-01-15 03:00:00+00:00,30.1,78.3,0.17587435283618294,3.082514323500668,37.75479303556271,171.18775476272864,590.6807475501781
2020-01-15 03:00:00+00:00,30.5,78.7,4.12573745982594,6.242034303515511,22.773810916951895,119.92103745945917,758.9805295883862
2020-01-15 03:00:00+00:00,30.8,79.2,1.7323839926199522,17.367374458509772,52.27149682068897,506.62299282497503,924.8172993555099
2020-01-15 03:00:00+00:00,30.7,78.9,8.928107263114534,40.01270821442877,114.01310009251125,601.5079876724991,1201.498122336869
2020-01-15 03:00:00+00:00,29.9,78.9,1.3581023375783825,7.0083948511047724,18.219072758689855,350.69766983951814,1792.3611486338002
2020-01-15 03:00:00+00:00,31.2,78.6,1.7485662957151593,13.968238637842946,39.52187215536599,508.0223208711067,1177.0037612803678
2020-01-15 03:00:00+00:00,31.0,78.2,34.99791137891492,106.57858153755396,249.8443701377292,729.3061434039519,968.241115663152
2020-01-15 03:00:00+00:00,30.3,78.5,16.141125768548854,20.328861544797874,31.83027837986917,89.25102440653521,1494.5869551542737
2020-01-15 04:00:00+00:00,30.1,78.3,0.8087513972951828,1.4122507428088187,27.784338869613865,165.25804554936553,583.5418525771414
2020-01-15 04:00:00+00:00,29.9,78.9,2.596522176562578,7.97249623189934,18.041635184539164,287.95879383642585,1785.8197415924567
2020-01-15 04:00:00+00:00,31.2,78.6,5.1259107269742135,10.00194686885721,33.44691993880964,502.77564737297394,1156.6815233183163
2020-01-15 04:00:00+00:00,30.3,78.5,13.499447686873914,31.928902414247275,41.49587425255516,95.03294647881164,1502.120656455088
2020-01-15 04:00:00+00:00,30.5,78.7,4.557023707588697,9.4228940938102,25.998317536623112,110.24631390624735,760.5791682896744
2020-01-15 04:00:00+00:00,31.0,78.2,25.804058646997348,96.58587528610984,233.77002094791771,750.6614219756458,992.5923379514595
2020-01-15 04:00:00+00:00,30.8,79.2,7.986689311155981,19.14172985457791,44.14096730167381,514.4107354315379,928.0454555161533
2020-01-15 04:00:00+00:00,30.7,78.9,6.742850133328478,32.49054119368305,91.71714832610583,602.278506848078,1194.7141801887228
2020-01-15 05:00:00+00:00,30.1,78.3,7.273975893824026,8.258601643955389,23.650860827599704,165.87389701296976,586.9812957368507
2020-01-15 05:00:00+00:00,30.3,78.5,5.174259152050226,34.81483260747301,41.406566807896034,98.36705626434852,1500.9683096939525
2020-01-15 05:00:00+00:00,30.5,78.7,7.757884915756983,16.44064608317163,29.080228877751928,110.20484106285379,763.8876624061636
2020-01-15 05:00:00+00:00,31.2,78.6,12.960746057230807,19.835223079920187,37.71848654336766,497.0778954766009,1129.1519374515526
2020-01-15 05:00:00+00:00,30.8,79.2,3.0571106639053522,12.776183967681279,36.42915898475558,499.6717856273794,925.7660234045017
2020-01-15 05:00:00+00:00,29.9,78.9,8.345163405788607,12.299787919929567,23.314439212904688,245.55943288698694,1787.7044091573946
2020-01-15 05:00:00+00:00,30.7,78.9,9.055070057485665,24.72602745392865,80.35354966182834,606.8505307350482,1189.7720614772527
2020-01-15 05:00:00+00:00,31.0,78.2,20.69282193586423,81.49479196177651,193.10882114907935,764.2080692016552,1012.777873881395
2020-01-15 06:00:00+00:00,31.0,78.2,21.768691874923334,68.26557245778493,174.84415399533887,770.86495269984,1028.9995040789706
2020-01-15 06:00:00+00:00,30.8,79.2,5.418449154302143,16.46224912936347,33.82962358787326,484.88133879443586,928.6807611071617
2020-01-15 06:00:00+00:00,30.7,78.9,4.569985180343468,20.367905371157587,60.380613585586396,593.5751738333657,1181.8783806569545
2020-01-15 06:00:00+00:00,30.3,78.5,7.397589884864393,26.07129672378855,46.40015826858637,105.24986420872088,1499.1215600175485
2020-01-15 06:00:00+00:00,29.9,78.9,5.4612721272990985,16.402957709650284,23.41135256075506,207.53430237432744,1784.1729122676245
2020-01-15 06:00:00+00:00,30.1,78.3,2.1380157116359055,10.22074300275511,13.303257326255785,153.79522092223164,585.0171699919997
2020-01-15 06:00:00+00:00,31.2,78.6,3.5435867836713677,21.630243567876395,35.59848220571932,483.82184030403147,1111.7305360486218
2020-01-15 06:00:00+00:00,30.5,78.7,1.4407160995254458,13.755624722871135,19.99765902638663,109.70139102759995,746.9466856641812
2020-01-15 07:00:00+00:00,30.8,79.2,12.075616184312006,20.551176002519494,39.69290585709742,492.9108560235433,935.9488061331402
2020-01-15 07:00:00+00:00,31.0,78.2,13.800243332535578,56.26175714332316,152.847632429433,742.7228711791365,1030.9435473113497
2020-01-15 07:00:00+00:00,30.1,78.3,1.1685593493533721,10.580550954813301,11.992801697622127,150.02919120571661,582.6796256657116
2020-01-15 07:00:00+00:00,30.5,78.7,3.247502250705698,12.446103265988135,21.868997359798314,109.555737155334,743.7170684738983
2020-01-15 07:00:00+00:00,29.9,78.9,16.288609298283163,30.095044831370867,38.06754106327021,190.89305104361324,1787.6089461212407
2020-01-15 07:00:00+00:00,30.7,78.9,22.60701874256535,36.23207398039446,68.72261517407756,606.7797935632908,1197.1295060422722
2020-01-15 07:00:00+00:00,31.2,78.6,2.1829706571566865,18.687303498058867,28.689250366916063,454.03359945035965,1090.7822917488113
2020-01-15 07:00:00+00:00,30.3,78.5,7.4453835501993275,20.01723258711396,51.94613500136117,109.87688550060662,1496.7480396928756
2020-01-15 08:00:00+00:00,30.5,78.7,1.4627716656820327,6.150990015913186,22.591636099084795,105.76848006650977,744.5950299818901
2020-01-15 08:00:00+00:00,30.1,78.3,3.627902021963605,6.9344770829528795,15.193078726908274,152.8083437636415,586.0408611437796
2020-01-15 08:00:00+00:00,30.8,79.2,27.443046175534455,44.9371115141486,57.71329548182989,518.4192761482125,956.7509710421359
2020-01-15 08:00:00+00:00,31.2,78.6,0.6104635343291777,6.337020975157239,26.17224405507741,428.56240383782625,1073.5592453079983
2020-01-15 08:00:00+00:00,30.7,78.9,3.2238364128681734,30.40084033577697,55.126867789705656,592.0852095067997,1193.2430706921912
2020-01-15 08:00:00+00:00,29.9,78.9,13.469962569064522,35.21984399464678,47.51963191457635,179.63128729559006,1782.8585564587793
2020-01-15 08:00:00+00:00,30.3,78.5,6.712213574136809,21.555187009200544,56.370019616673495,113.09926336255702,1481.119528335459
2020-01-15 08:00:00+00:00,31.0,78.2,9.329446255739109,44.898381463198035,126.39317342497452,704.4331810074422,1037.6212799670482
2020-01-15 09:00:00+00:00,31.0,78.2,15.059515809194387,38.18920539746909,106.45477785525398,688.1977410814309,1048.3801029061362
2020-01-15 09:00:00+00:00,30.7,78.9,1.084974897769842,26.915830053203344,47.28373542436096,580.5474352378691,1184.7001914270818
2020-01-15 09:00:00+00:00,30.5,78.7,4.200447506690179,8.910721423077918,22.666346145949035,105.30101085699944,746.937390871003
2020-01-15 09:00:00+00:00,30.3,78.5,13.814494361688983,27.972091486025136,54.04338820981363,120.02756093603475,1473.8854461180774
2020-01-15 09:00:00+00:00,29.9,78.9,16.569176462806883,46.32774833015457,62.73070603980485,174.6084606136837,1785.129285408954
2020-01-15 09:00:00+00:00,30.8,79.2,32.33511120540825,71.8537735652547,88.3160226946182,543.2265473332182,983.3314690471449
2020-01-15 09:00:00+00:00,30.1,78.3,5.218888620147589,10.015349991464563,20.236092994219682,157.25322649157377,588.8603271781225
2020-01-15 09:00:00+00:00,31.2,78.6,1.2602383241868529,4.053672515672725,25.683916083549104,402.5751270012931,1041.5641219535535
2020-01-15 10:00:00+00:00,30.7,78.9,19.220597460708774,23.529408771346766,59.761482751741255,576.7264342175798,1199.1750679123152
2020-01-15 10:00:00+00:00,31.0,78.2,11.182443841585705,35.57140590651922,91.83316304984234,676.5130604670737,1058.3086708541864
2020-01-15 10:00:00+00:00,30.8,79.2,41.27002598852152,101.04818336946423,121.59935937198372,579.148240050706,1022.9562719571458
2020-01-15 10:00:00+00:00,29.9,78.9,9.51291287936847,39.55205191123988,69.64709674261074,165.346971642985,1788.8735977514566
2020-01-15 10:00:00+00:00,31.2,78.6,3.4764073713503327,5.347109229866371,24.034412727925226,381.39366810554185,1032.7929895367758
2020-01-15 10:00:00+00:00,30.5,78.7,6.2683391888629565,11.931558361235176,24.377661627223297,103.75635016541912,752.8475988412121
2020-01-15 10:00:00+00:00,30.3,78.5,14.393664954400881,34.92037289022669,54.93760547734058,123.82442781355938,1459.3096434652575
2020-01-15 10:00:00+00:00,30.1,78.3,11.766386692226737,20.613177334337927,31.193728289151235,162.3800557547685,585.5145264701205
2020-01-15 11:00:00+00:00,31.2,78.6,3.549350264049483,8.285995959586677,14.623016934743902,358.2530195919709,1010.9961071191856
2020-01-15 11:00:00+00:00,30.1,78.3,1.296773897878185,18.28204921025251,25.216526293205394,162.8448587637862,582.3873728762745
2020-01-15 11:00:00+00:00,30.8,79.2,21.113224213989987,94.71836140791976,139.65547292206836,588.0029227842379,1041.582785328733
2020-01-15 11:00:00+00:00,30.3,78.5,17.92285066541903,46.13100998150891,67.68619699070939,140.90744462221943,1428.9462715063871
2020-01-15 11:00:00+00:00,31.0,78.2,3.074915878629452,29.316875529409558,74.21525699260756,670.1290598576355,1057.2081595077293
2020-01-15 11:00:00+00:00,30.5,78.7,9.283019803901281,19.751806499454425,25.902796515367594,111.90583209453479,751.7878083928521
2020-01-15 11:00:00+00:00,30.7,78.9,1.924438710175669,22.23001106865426,52.63085140443126,556.5300089822392,1194.5008004293973
2020-01-15 11:00:00+00:00,29.9,78.9,10.517906044924587,36.599995387099945,71.81983938174672,162.80658429670916,1796.4494389503186
2020-01-15 12:00:00+00:00,31.0,78.2,4.705824919474502,18.963184639689672,57.15239003715873,663.9974638370368,1045.1409597402828
2020-01-15 12:00:00+00:00,31.2,78.6,10.361005664745553,17.386763300145375,21.440435815818084,334.5364534929121,1000.2820901357794
2020-01-15 12:00:00+00:00,30.8,79.2,6.412827236733274,68.79607743924477,140.64985100449948,576.0108321682675,1037.0106743740819
2020-01-15 12:00:00+00:00,30.3,78.5,23.502866643568986,55.81938226338892,83.791473749414,163.8068064769567,1395.8152017752827
2020-01-15 12:00:00+00:00,29.9,78.9,29.784408057934783,49.81522698222784,96.14297531238242,186.2571906635187,1810.255907971491
2020-01-15 12:00:00+00:00,30.1,78.3,5.587744819921621,18.65090541002654,28.66625540149111,163.78346327941375,585.0142629222864
2020-01-15 12:00:00+00:00,30.7,78.9,16.184187061828542,37.32922323271296,64.24505328591633,543.743916525097,1187.5218080313782
2020-01-15 12:00:00+00:00,30.5,78.7,4.250339687069834,19.801698679834082,28.712420102911985,109.42285758256071,755.1238527519938
2020-01-15 13:00:00+00:00,30.8,79.2,5.388126220168551,32.9141776708918,133.96236104035603,558.2439985618915,1040.7214247118334
2020-01-15 13:00:00+00:00,30.1,78.3,1.3688926800469736,8.253411397846776,28.86658873218471,161.92917157981842,585.0808139235858
2020-01-15 13:00:00+00:00,30.3,78.5,27.813251918580253,69.23896922756828,104.15934211779492,190.32028047142663,1357.4865386990098
2020-01-15 13:00:00+00:00,29.9,78.9,15.472797933387083,55.775112036246455,95.32716394748633,193.74169434553423,1817.0692445284112
2020-01-15 13:00:00+00:00,31.2,78.6,21.979336254591853,35.8896921833869,41.236801413253254,301.3617839185281,1015.5453610297052
2020-01-15 13:00:00+00:00,30.7,78.9,1.492498294319465,19.60112406632365,43.13053283767045,515.8098711590937,1173.5480546962372
2020-01-15 13:00:00+00:00,30.5,78.7,4.395110748286709,17.928470239257834,29.860028600492992,103.14727317741571,754.4909784731208
2020-01-15 13:00:00+00:00,31.0,78.2,6.680358917386125,14.461099715490093,50.03250562200928,638.6589886566849,1047.8641078994901
2020-01-15 14:00:00+00:00,30.7,78.9,0.4414643753791047,18.118149731527087,40.348160800181375,475.4288614175916,1151.5490258807763
2020-01-15 14:00:00+00:00,31.2,78.6,22.642852462598427,54.983194381935846,63.2691903415225,288.98294641771287,1030.271002398239
2020-01-15 14:00:00+00:00,30.5,78.7,4.188217058700734,12.833667494057286,32.5854739935117,104.29028862900893,751.6138956025134
2020-01-15 14:00:00+00:00,31.0,78.2,4.72843450908628,16.114618345946923,45.43149387535645,625.7811041916101,1048.6364601805003
2020-01-15 14:00:00+00:00,30.1,78.3,4.9599530013566895,11.916590501325281,30.198639711577798,165.80520397229458,579.9670582106277
2020-01-15 14:00:00+00:00,29.9,78.9,24.992325582675267,70.24953157399713,106.84952696109707,216.05997804979407,1837.4546521825384
2020-01-15 14:00:00+00:00,30.3,78.5,30.720071202586194,82.03618976473544,128.1671997462443,218.64170068163446,1315.8054547751967
2020-01-15 14:00:00+00:00,30.8,79.2,9.098649174665951,20.899602631567767,115.61796403948755,532.0155096377474,1045.259921748105
2020-01-15 15:00:00+00:00,30.3,78.5,33.90958365439942,92.44290677556589,148.26228903895475,251.6739962275386,1268.416642452231
2020-01-15 15:00:00+00:00,31.2,78.6,41.030082677999644,85.65227139518993,103.03903469533529,303.72577214663823,1056.7102568537546
2020-01-15 15:00:00+00:00,30.7,78.9,3.718611509405047,5.652574179103592,42.981797411816586,432.1283099428082,1129.1125851836225
2020-01-15 15:00:00+00:00,30.5,78.7,3.0100566195079503,11.593384426495401,31.395083106329462,99.05137199756773,746.8201938473103
2020-01-15 15:00:00+00:00,31.0,78.2,2.620112204107896,14.028905630580315,32.99209027026996,608.2532357909764,1050.7271287323365
2020-01-15 15:00:00+00:00,29.9,78.9,25.987916935631524,66.45304045169388,116.26826743392171,240.3309914200314,1854.3953725564722
2020-01-15 15:00:00+00:00,30.8,79.2,16.7854752182032,31.272250613037695,100.06832805228248,497.538214458041,1060.7298605463584
2020-01-15 15:00:00+00:00,30.1,78.3,1.354533323973842,7.6833790053775015,26.33428441540405,160.36758817681994,570.854494738589
2020-01-15 16:00:00+00:00,30.8,79.2,4.398198891385816,30.282323284254964,63.19650095514678,453.66503777266655,1061.54058005332
2020-01-15 16:00:00+00:00,31.2,78.6,34.61601335010672,98.2889484907048,134.1786406740917,304.97478621626874,1075.7074844085466
2020-01-15 16:00:00+00:00,30.5,78.7,1.8705543425033904,9.068828020712083,26.997298259969895,99.02442812155262,734.8869434745527
2020-01-15 16:00:00+00:00,30.3,78.5,47.484418194266794,112.11407305125243,181.35304227882062,295.6607685657937,1227.3176292378091
2020-01-15 16:00:00+00:00,31.0,78.2,2.038457157966237,9.387003871160427,23.848103586650492,580.5546124982689,1047.0968006935084
2020-01-15 16:00:00+00:00,29.9,78.9,27.38141485741152,78.36165737571831,134.13676941196476,265.2565262881914,1872.4316363895923
2020-01-15 16:00:00+00:00,30.7,78.9,8.300190754418974,12.460266639203102,32.06139070552679,402.1954979008033,1106.2844617507321
2020-01-15 16:00:00+00:00,30.1,78.3,0.6475960763697488,6.962082401700275,15.21549379954706,152.12593596282724,570.9226888822207
2020-01-15 17:00:00+00:00,31.2,78.6,29.04655445586222,104.69265048396859,159.67584486590442,299.49005675155104,1088.795062244346
2020-01-15 17:00:00+00:00,29.9,78.9,29.33228693030806,82.7016187233511,152.95115029734825,281.78622076775343,1897.3573268514294
2020-01-15 17:00:00+00:00,30.1,78.3,12.138401986416795,14.140531386760381,26.05712188808567,160.1473916205462,571.2813893300158
2020-01-15 17:00:00+00:00,30.3,78.5,41.410970572859476,122.80497242152572,204.8411621862611,331.4695351994197,1167.8067191994787
2020-01-15 17:00:00+00:00,30.8,79.2,4.062499877036963,25.246173986625976,46.14577661819376,402.22618284116606,1048.0877791182982
2020-01-15 17:00:00+00:00,31.0,78.2,13.554009794865799,18.212579156939945,34.32719750288684,567.4786954345253,1060.4846729830997
2020-01-15 17:00:00+00:00,30.5,78.7,3.9378390648285286,8.818450026839878,21.652117520897146,96.85324403503493,733.8282815580784
2020-01-15 17:00:00+00:00,30.7,78.9,0.5339619656433262,12.552764229467325,30.670913960994444,362.3930721435291,1055.8117322044018
2020-01-15 18:00:00+00:00,31.0,78.2,4.339185773415131,19.93165272624718,33.96055835682747,531.390347814802,1064.239134409176
2020-01-15 18:00:00+00:00,30.8,79.2,3.157843865337941,11.618542633760713,42.890793246798424,355.32557185896775,1048.471357830257
2020-01-15 18:00:00+00:00,31.2,78.6,18.57583734652368,82.23840515249263,167.89067654768255,296.42586440415107,1087.0169645655826
2020-01-15 18:00:00+00:00,30.3,78.5,49.34139133083116,138.23678009795745,230.67968687352328,379.63669861170666,1139.020404395281
2020-01-15 18:00:00+00:00,30.7,78.9,2.7293578305376602,11.563510550599938,17.216084729703564,321.3314281631339,1021.0279205862527
2020-01-15 18:00:00+00:00,30.5,78.7,4.40448946157873,10.212882868910658,21.80626729540604,93.71938558562421,733.2435960543382
2020-01-15 18:00:00+00:00,30.1,78.3,9.684370512373736,22.470368575160276,30.153747580537786,157.23174528176236,577.6077010335983
2020-01-15 18:00:00+00:00,29.9,78.9,33.41344213422093,90.1271439219405,156.58018437363438,307.66021126918395,1919.5172805248724
2020-01-15 19:00:00+00:00,29.9,78.9,28.80524014346046,91.55096920798945,169.91262658370775,331.7497905725471,1940.1502810267984
2020-01-15 19:00:00+00:00,30.5,78.7,5.691897594824006,14.034226121231274,23.10305414194334,97.23563984767951,730.747835336286
2020-01-15 19:00:00+00:00,31.2,78.6,14.39989703699583,62.02228883938174,160.31123733008653,287.3650216641496,1075.4882426048448
2020-01-15 19:00:00+00:00,31.0,78.2,7.171066913560009,25.06426248184095,34.45126635300135,502.95627429294524,1067.9183944961137
2020-01-15 19:00:00+00:00,30.7,78.9,2.6119181291615283,5.875237925342492,18.335504564545626,284.51618340525874,988.3079995435509
2020-01-15 19:00:00+00:00,30.8,79.2,1.7998802903143913,9.020224032689288,39.30254731694426,315.97182187619353,1046.3541645942937
2020-01-15 19:00:00+00:00,30.1,78.3,1.3149039234121218,23.13767642220265,30.09975882390293,144.58957479494197,569.3506943897518
2020-01-15 19:00:00+00:00,30.3,78.5,39.6229865440444,130.37534844773506,242.48942149898744,417.96079276992754,1107.4003951612685
2020-01-15 20:00:00+00:00,31.2,78.6,11.519992640606727,44.495727024126246,149.18837750809482,286.5022071810366,1053.3601272253898
2020-01-15 20:00:00+00:00,30.7,78.9,12.230664040909735,17.5719400006089,30.124704230076258,260.98806327243483,964.7830847048816
2020-01-15 20:00:00+00:00,30.5,78.7,1.049385060221718,11.145772116624462,19.964222143464323,96.00088584553518,729.0333641541083
2020-01-15 20:00:00+00:00,29.9,78.9,25.674192412551598,87.89287469023299,170.5944934135841,347.67543874133537,1960.7437016878944
2020-01-15 20:00:00+00:00,30.1,78.3,2.5041061291750024,13.503380564960855,27.643911951721247,126.70619197058586,559.7410727038703
2020-01-15 20:00:00+00:00,30.8,79.2,8.070089421045788,13.027813576698113,38.2739875633241,286.27530636187646,1046.3643218573516
2020-01-15 20:00:00+00:00,31.0,78.2,11.385313115709526,22.89556580268468,41.108144959624596,474.5234308186805,1072.2192659493446
2020-01-15 20:00:00+00:00,30.3,78.5,44.17548222427953,133.1398600991551,255.94483252068073,458.8278502229186,1092.8439462603296
2020-01-15 21:00:00+00:00,30.1,78.3,5.318553008795702,9.13756306138282,31.607931636543107,115.93310208172954,544.8194385702816
2020-01-15 21:00:00+00:00,30.5,78.7,0.9507798883329928,7.692062543378726,17.904945412289365,94.74018558151975,728.5786644754311
2020-01-15 21:00:00+00:00,29.9,78.9,22.620503828792057,77.09993638480411,167.22708030674463,364.4451265391611,1970.3243903026093
2020-01-15 21:00:00+00:00,30.3,78.5,40.05805990520339,123.85652867352735,262.0933087714847,496.22926440012236,1085.05514535722
2020-01-15 21:00:00+00:00,31.2,78.6,4.502481489209845,30.422371166812407,112.66077631930501,280.90559925355547,1025.8428849772592
2020-01-15 21:00:00+00:00,31.0,78.2,23.26436077569236,41.82074080496191,61.75239353120906,451.04363179446216,1089.0371874127738
2020-01-15 21:00:00+00:00,30.8,79.2,2.767535909160061,12.637505620520233,24.25604825428096,264.9118958218706,1047.4863936794934
2020-01-15 21:00:00+00:00,30.7,78.9,0.7667832689942939,15.609365439065535,27.172875989665506,231.45150891835436,932.5941445989475
2020-01-15 22:00:00+00:00,30.5,78.7,9.726806131414806,11.726971079969527,25.761197201200783,103.13447462501708,727.0778714926062
2020-01-15 22:00:00+00:00,29.9,78.9,18.336935618224054,66.6316318595677,158.18260106755716,380.00810240667187,1987.360448653645
2020-01-15 22:00:00+00:00,31.0,78.2,30.555205682412332,65.20487957381424,90.26914205565515,439.72042964006573,1115.9301720172266
2020-01-15 22:00:00+00:00,30.7,78.9,18.35072746639703,31.348174776301036,37.22341270164356,220.76343448501748,930.5515595746582
2020-01-15 22:00:00+00:00,30.1,78.3,5.0955436964535545,12.918202834424253,36.05587925662691,110.24944021493907,528.2257911089076
2020-01-15 22:00:00+00:00,31.2,78.6,6.010386521179308,22.03286065099589,84.05514949037762,275.71512283120416,999.901266262486
2020-01-15 22:00:00+00:00,30.3,78.5,29.880208646646345,114.11375077612928,244.48909922386426,522.2756212325808,1071.7045847513186
2020-01-15 22:00:00+00:00,30.8,79.2,1.2656965666346665,12.103321896840509,21.12354592952981,250.06037355833413,1046.856857862979
2020-01-15 23:00:00+00:00,30.5,78.7,2.9816323181862634,13.659218337934071,24.804990454558517,101.44013336857519,723.8457299631064
2020-01-15 23:00:00+00:00,31.2,78.6,2.668628763530538,13.181496773919697,57.67722379804593,269.6945721420619,976.7676774386297
2020-01-15 23:00:00+00:00,30.3,78.5,33.06219667709748,103.00046522894723,236.14032532810228,550.074251312969,1066.344544871156
2020-01-15 23:00:00+00:00,29.9,78.9,22.010906598372465,62.96834604538857,150.86122073562157,398.94664962762124,2007.460983595622
2020-01-15 23:00:00+00:00,30.1,78.3,6.393260124018873,16.807356829268123,30.31073739422899,105.23524640311976,502.78656024566516
2020-01-15 23:00:00+00:00,30.8,79.2,6.170934774706846,10.204167250501566,23.231980827199695,245.46238935221737,1039.1998298406352
2020-01-15 23:00:00+00:00,30.7,78.9,13.54331515992738,32.66082589531867,50.23276589592761,213.88808092318175,928.9526684841414
2020-01-15 23:00:00+00:00,31.0,78.2,31.23881410023796,85.05838055834266,107.9539463610273,409.60522200560104,1141.2487920599476
2020-01-16 00:00:00+00:00,31.0,78.2,35.20309242015914,96.99711220280943,138.8178530077713,404.7749553970964,1168.6453004142081
2020-01-16 00:00:00+00:00,30.5,78.7,1.0103281852630261,13.718766634864105,21.41082917824281,91.92717560294746,720.7197126357203
2020-01-16 00:00:00+00:00,29.9,78.9,21.061445598885797,61.409287815482315,138.50922420028644,414.64373644705825,2022.393031966737
2020-01-16 00:00:00+00:00,30.7,78.9,5.648327309692298,37.542369936016684,53.151735375082254,194.9934869762886,920.2752970124153
2020-01-16 00:00:00+00:00,31.2,78.6,6.634595371479353,15.313610656189205,45.735981823001595,270.66557639222157,960.9785226688326
2020-01-16 00:00:00+00:00,30.3,78.5,23.82840549475904,86.77081081850288,210.62733949203016,571.4986583835539,1057.3389677025723
2020-01-16 00:00:00+00:00,30.1,78.3,5.99140949602652,17.480213316498943,26.617776377881775,98.74103668616645,458.97541307110276
2020-01-16 00:00:00+00:00,30.8,79.2,5.685896895498918,13.122528236840424,25.76003385736067,243.13030169653183,1037.5820328037773
2020-01-16 01:00:00+00:00,29.9,78.9,9.524528610555802,52.59688080781406,119.22851266738178,422.5358442618461,2026.5334883114533
2020-01-16 01:00:00+00:00,30.5,78.7,2.694230465445056,6.686190968894355,18.41316204886386,93.24524215109851,717.8330133692078
2020-01-16 01:00:00+00:00,30.7,78.9,1.4217657436359188,20.61340821325557,51.96158298955664,182.15023556585032,913.2564995349355
2020-01-16 01:00:00+00:00,30.8,79.2,4.83481664010078,16.691648310306537,28.79497020714706,241.7527844215448,1040.3732446736558
2020-01-16 01:00:00+00:00,31.2,78.6,27.505257030620466,36.80848116563037,58.84134181662624,289.0786309268821,974.1842303075208
2020-01-16 01:00:00+00:00,30.3,78.5,21.0323879286405,77.92299010049703,192.03674087662625,590.6316394947698,1056.2718623613728
2020-01-16 01:00:00+00:00,31.0,78.2,20.872534521120993,87.3144410415181,152.5193206153323,389.8507250197759,1182.4682643791032
2020-01-16 01:00:00+00:00,30.1,78.3,1.071839240318472,13.45650886036386,26.374711694788125,97.3338609484979,435.1595858750185
2020-01-16 02:00:00+00:00,30.8,79.2,15.995699242549884,26.516412778149576,36.720580028651156,248.3258271132927,1047.3536455475448
2020-01-16 02:00:00+00:00,30.3,78.5,15.236196099914764,60.09698952331432,163.0974547522615,603.5795066358602,1059.1874661032878
2020-01-16 02:00:00+00:00,31.0,78.2,10.145834919428527,66.22146186070867,151.2798424190513,364.2126546790069,1184.428229916856
2020-01-16 02:00:00+00:00,30.5,78.7,1.2087261456047882,4.91328479631288,18.572503134246933,93.71383537030775,708.1768349925702
2020-01-16 02:00:00+00:00,29.9,78.9,6.915349533600536,37.501323743042136,100.4696697884307,425.4333220776882,2023.8722694346866
2020-01-16 02:00:00+00:00,30.1,78.3,3.060509460566266,10.123758196911254,26.931115026179388,99.96674541638671,414.27044955224875
2020-01-16 02:00:00+00:00,30.7,78.9,1.639137775982127,8.709230829310318,41.37005672462903,166.9697895445924,911.2318526875077
2020-01-16 02:00:00+00:00,31.2,78.6,21.936197136290986,56.076049538390805,69.2575463123105,307.8873582170052,983.8275261909746
2020-01-16 03:00:00+00:00,30.7,78.9,0.22369679611904303,3.2846003157370642,40.826970251753785,158.2653790775969,906.6786432507204
2020-01-16 03:00:00+00:00,29.9,78.9,7.358076109287937,23.797954253444274,85.20724206892659,431.4332958493978,2014.9378677986997
2020-01-16 03:00:00+00:00,30.3,78.5,26.797868198347633,63.06645222690291,149.83726304540573,614.2362490656589,1073.5630163033811
2020-01-16 03:00:00+00:00,31.2,78.6,29.057924050261576,78.49937821717303,93.81298887336223,335.19671597155167,991.5922187552771
2020-01-16 03:00:00+00:00,30.8,79.2,17.190216669958836,38.020732552609495,51.14326078944993,263.7836597906316,1060.5912473685025
2020-01-16 03:00:00+00:00,30.1,78.3,5.659879744722613,9.792228445607346,27.2724417621063,105.45075080827313,403.7097979363511
2020-01-16 03:00:00+00:00,31.0,78.2,7.3128458018904094,38.33121524243994,135.32832744524936,336.5275891019824,1189.453875449607
2020-01-16 03:00:00+00:00,30.5,78.7,5.21995447356939,9.122911084619243,22.841677719483332,94.8080523840512,705.3585418409943
2020-01-16 04:00:00+00:00,31.0,78.2,1.9174468989484013,19.376127620267344,106.69056866178543,312.6409773539334,1187.015035007516
2020-01-16 04:00:00+00:00,30.8,79.2,28.257830339268537,61.44374625177725,78.1353945620838,284.0548008187441,1077.5619299419932
2020-01-16 04:00:00+00:00,30.5,78.7,6.926195806749922,13.35487642592411,20.041067394818448,97.17722448321243,699.7230432054804
2020-01-16 04:00:00+00:00,30.3,78.5,15.15826821308521,57.192332511347615,135.1153226118446,615.8950695918703,1065.947251749982
2020-01-16 04:00:00+00:00,30.7,78.9,0.8861320941821722,2.7489666662833177,23.362374879538923,152.4086610384506,901.5356170633581
2020-01-16 04:00:00+00:00,31.2,78.6,40.033466014403935,91.0275872009565,127.83606836658686,370.1042712589814,1022.947392790452
2020-01-16 04:00:00+00:00,29.9,78.9,3.102085659827625,17.3755113027161,69.97239211053017,431.93885933266284,1992.2795172714714
2020-01-16 04:00:00+00:00,30.1,78.3,1.3119697023262713,10.032358907615144,23.488867767979016,105.95396911330423,393.9578905132744
2020-01-16 05:00:00+00:00,31.2,78.6,53.856598907179766,122.94798897184529,179.0240385102361,411.0001241089303,1067.512940252309
2020-01-16 05:00:00+00:00,30.8,79.2,32.82752008641497,78.27556709564234,104.79197987379192,313.8252102412538,1108.7349625024597
2020-01-16 05:00:00+00:00,30.7,78.9,5.626806420095424,6.736635310396615,15.445866139706968,148.98039740106034,903.5840119700335
2020-01-16 05:00:00+00:00,30.1,78.3,1.2117490930425026,8.183598540091381,18.307356737002642,99.8917423125227,383.2008326320906
2020-01-16 05:00:00+00:00,29.9,78.9,1.507166591700751,11.967328360816312,49.46865210385845,425.100862518575,1967.0695341950216
2020-01-16 05:00:00+00:00,30.3,78.5,6.360840299969573,48.316976711402425,108.41396623471668,617.0816507397896,1064.0692767781295
2020-01-16 05:00:00+00:00,30.5,78.7,9.078447418781826,21.224597699101146,26.137882495414008,98.49778698623726,691.3791852471184
2020-01-16 05:00:00+00:00,31.0,78.2,11.970382359517595,21.200675060356414,87.42213692106506,303.9185377775868,1197.8249163656337
2020-01-16 06:00:00+00:00,29.9,78.9,10.50731624309004,15.116568494618416,38.914522748062694,430.14690663436596,1943.2182198622768
2020-01-16 06:00:00+00:00,30.3,78.5,3.4894293390751088,25.008537852129905,88.07499007903277,613.1734901940004,1062.6805411841042
2020-01-16 06:00:00+00:00,30.8,79.2,27.080858186223036,88.16620861190654,126.18694116451604,335.48761927317463,1128.4408157886548
2020-01-16 06:00:00+00:00,30.5,78.7,20.21781102130035,36.2224542468321,45.34536533145133,117.27488190801216,689.8815701008705
2020-01-16 06:00:00+00:00,31.0,78.2,1.8674081112065681,15.755237369672573,54.086452612112495,284.01725401387,1196.4043224478871
2020-01-16 06:00:00+00:00,30.7,78.9,5.112297162143458,11.62523567642103,14.90983599215813,149.52270938286034,906.0536685564077
2020-01-16 06:00:00+00:00,31.2,78.6,59.25695744048266,153.14702236206637,231.64640057923938,466.71349476574164,1110.8544408788441
2020-01-16 06:00:00+00:00,30.1,78.3,8.466299394167413,10.990018189536181,20.782246635143537,106.2200259950542,384.63067513065596
2020-01-16 07:00:00+00:00,30.8,79.2,17.09711019703544,77.00548846967344,138.4492347214507,340.5091132858981,1137.8671487376932
2020-01-16 07:00:00+00:00,29.9,78.9,12.444481768965884,24.458964603756673,41.834475906472775,426.30277910504867,1920.5504274517632
2020-01-16 07:00:00+00:00,31.0,78.2,11.794826261145303,25.632616731869476,45.0087443521368,282.0118369424797,1207.2991732314445
2020-01-16 07:00:00+00:00,30.7,78.9,1.5164972744749827,12.25560085671384,15.004567522997194,128.43218791476997,904.5988726604176
2020-01-16 07:00:00+00:00,30.5,78.7,3.078382048926733,32.37464048900891,45.72951691493301,117.10576170623321,660.696477978814
2020-01-16 07:00:00+00:00,30.3,78.5,8.507354456062806,18.357624095107504,75.54995660645507,614.2354610998638,1065.3169153051958
2020-01-16 07:00:00+00:00,31.2,78.6,49.67612785818314,162.7896842058456,253.81727140680206,514.206651966768,1156.115449937685
2020-01-16 07:00:00+00:00,30.1,78.3,3.6737046792369226,13.351753166446834,23.38411207406199,108.72517132493776,383.9500859582805
2020-01-16 08:00:00+00:00,30.7,78.9,8.588695070757746,15.217489507376161,21.954124817772815,133.79704657265955,902.2014936295475
2020-01-16 08:00:00+00:00,30.1,78.3,4.074070000706642,16.21407407411097,24.397672614202364,109.1713393036808,384.9278665121537
2020-01-16 08:00:00+00:00,29.9,78.9,8.66256901452679,31.614367026582713,43.58169538739903,421.4953855505109,1887.0945881948735
2020-01-16 08:00:00+00:00,31.0,78.2,1.776321481848418,15.438555854200297,36.6392309145567,274.4587121685891,1196.6366395658608
2020-01-16 08:00:00+00:00,30.3,78.5,17.932190184226744,29.92897397936467,78.24595069076705,625.4554377099538,1082.3588979110236
2020-01-16 08:00:00+00:00,30.5,78.7,10.092025499236009,33.3882185694631,54.61281626856423,125.73501553978717,633.0185125370283
2020-01-16 08:00:00+00:00,31.2,78.6,44.53671934955304,153.46980464821885,276.4177936200641,558.132907781992,1192.9960790841765
2020-01-16 08:00:00+00:00,30.8,79.2,18.076516962188105,62.254485345446575,140.53005244108894,331.1425840725517,1146.1718504919113
2020-01-16 09:00:00+00:00,30.3,78.5,3.057193259889793,29.496737900179355,54.5052757523092,614.6981366081545,1081.385509845931
2020-01-16 09:00:00+00:00,30.1,78.3,3.385129656915847,11.132904336859406,22.122922526395598,107.33758034044905,374.4218708903465
2020-01-16 09:00:00+00:00,30.8,79.2,3.267031325329082,38.44065848455263,126.60686709645917,302.07450419247255,1121.6752914986175
2020-01-16 09:00:00+00:00,29.9,78.9,7.614784210186752,28.721834993679423,43.83840348829784,412.5409932978908,1840.2407762219423
2020-01-16 09:00:00+00:00,31.0,78.2,1.0389897955892349,14.610137538582963,30.36537490825552,260.4381861549839,1195.7466595062633
2020-01-16 09:00:00+00:00,31.2,78.6,28.181067006057297,122.3939142137935,275.5409365758598,585.0537364638624,1218.1071076281662
2020-01-16 09:00:00+00:00,30.7,78.9,4.890804505490851,14.995996850723554,26.62123252714462,137.60287618038055,899.8185259086449
2020-01-16 09:00:00+00:00,30.5,78.7,2.496310632371065,15.666718180533813,51.88917242736591,124.03087866546807,572.5960169463881
2020-01-16 10:00:00+00:00,30.8,79.2,7.343116924584659,28.68666521210184,105.6921536817753,268.1475951285357,1098.0923142791191
2020-01-16 10:00:00+00:00,31.0,78.2,1.0478761718078133,3.8631874492454736,29.495804181114934,250.303618485206,1190.6821420192794
2020-01-16 10:00:00+00:00,31.2,78.6,18.91213757148607,91.62992392709641,254.41960813294196,600.4894666639982,1228.3055262741425
2020-01-16 10:00:00+00:00,30.5,78.7,6.295843454521312,18.884179586128393,51.258820075137294,124.05838293112642,531.8454447222227
2020-01-16 10:00:00+00:00,29.9,78.9,4.204853954091806,20.482207178805346,44.94117178256202,407.23293437261407,1788.0019373924313
2020-01-16 10:00:00+00:00,30.3,78.5,5.892153442966318,26.881536887082866,45.23916098219031,606.1966250967199,1084.8870263481572
2020-01-16 10:00:00+00:00,30.7,78.9,3.7345799796580463,17.21407955590662,29.469680412620495,122.11685869932981,880.9056895310666
2020-01-16 10:00:00+00:00,30.1,78.3,10.59636643144034,18.055566089062822,31.407319255509663,106.16756007966265,380.66854564981577
2020-01-16 11:00:00+00:00,31.0,78.2,11.414059359716727,13.500925327113784,28.939481181314065,258.6427619662933,1185.760577413569
2020-01-16 11:00:00+00:00,30.3,78.5,0.868782918580073,9.818129621436196,39.74710360080081,589.142557349881,1080.5370544112936
2020-01-16 11:00:00+00:00,30.1,78.3,11.342430321344331,25.323926409700512,41.538000483811494,116.21321650312879,390.30486594223333
2020-01-16 11:00:00+00:00,31.2,78.6,14.8996318521061,61.992836429649486,215.46264107786828,611.8397482520547,1227.9353372506466
2020-01-16 11:00:00+00:00,30.7,78.9,3.2020345324454262,11.827419017594298,27.0449085249705,123.39445452159958,877.2661138526078
2020-01-16 11:00:00+00:00,29.9,78.9,10.24262900134795,22.06226716562651,53.67663419220922,406.95765732903743,1747.6366972239887
2020-01-16 11:00:00+00:00,30.8,79.2,7.127775241557315,17.73792349147105,79.99240883691763,254.162146156103,1064.217769439975
2020-01-16 11:00:00+00:00,30.5,78.7,7.304297552748641,16.096451639641025,49.48467020910411,122.07966067997378,495.0487410478381
2020-01-16 12:00:00+00:00,30.1,78.3,11.73917979347864,33.67797654626331,44.81088088312272,122.36465147668581,398.2859465804608
2020-01-16 12:00:00+00:00,29.9,78.9,1.6905196834427114,16.138002638882465,44.85983763256189,378.86376895454544,1688.0339135163813
2020-01-16 12:00:00+00:00,30.8,79.2,5.937377021113594,20.408269187255563,58.8489276718082,253.68669594048333,1040.273686930255
2020-01-16 12:00:00+00:00,31.2,78.6,16.63096680162866,50.44273622522084,172.8366504390143,618.1097093889379,1243.1804569448836
2020-01-16 12:00:00+00:00,31.0,78.2,7.4203438686104715,19.88227940013502,34.492416938717966,261.35728091542927,1190.4683642216794
2020-01-16 12:00:00+00:00,30.5,78.7,20.844380013171392,34.44452102044135,50.11123920097515,138.67370100607533,475.57049917474563
2020-01-16 12:00:00+00:00,30.3,78.5,1.1670789643561772,7.928015325902579,37.42475322608188,566.8067696706681,1080.9184625139565
2020-01-16 12:00:00+00:00,30.7,78.9,2.123383765480324,9.059998277583771,24.055995128307362,109.33365122525136,876.6764640927997
2020-01-16 13:00:00+00:00,30.3,78.5,9.220213252915244,11.256075135851503,38.13761202293432,548.2137310050032,1088.5359232779192
2020-01-16 13:00:00+00:00,30.8,79.2,0.02206023525005495,13.087212497920957,41.77387771002281,248.32062995556484,1017.7383579521226
2020-01-16 13:00:00+00:00,31.0,78.2,5.056524507754732,23.890927736081938,27.754115185327397,259.7334465057979,1193.5077522170816
2020-01-16 13:00:00+00:00,29.9,78.9,7.84905956287024,19.7822082476609,40.26441542646625,371.2400305840286,1647.8391099957146
2020-01-16 13:00:00+00:00,30.5,78.7,28.904479429898384,57.053156995818426,75.9373365819468,163.18306968768704,469.8745265312209
2020-01-16 13:00:00+00:00,30.7,78.9,8.66776747498392,13.993185772909644,31.207265328816298,116.50892040591583,884.8336950447226
2020-01-16 13:00:00+00:00,31.2,78.6,8.490725829100299,40.02132448283507,131.65124840993147,604.6210989634462,1249.6862603535403
2020-01-16 13:00:00+00:00,30.1,78.3,14.081661133281411,37.16327124810438,55.218837337167216,135.07741992992027,408.61863000149964
2020-01-16 14:00:00+00:00,30.1,78.3,10.452776336392493,36.27361726315254,61.597543672853064,140.57024326495605,415.6362633639786
2020-01-16 14:00:00+00:00,30.5,78.7,44.24456161114543,93.99342105421522,110.08987269385622,203.23941424013168,475.17684604446725
2020-01-16 14:00:00+00:00,31.0,78.2,0.7904865885551629,13.267354964920376,26.76828029203414,255.79549858526673,1192.24435050717
2020-01-16 14:00:00+00:00,30.7,78.9,9.861190323318867,20.65234156378309,32.47976058137742,125.92864635385558,880.3130643960935
2020-01-16 14:00:00+00:00,29.9,78.9,5.057674891441625,14.597254137754575,36.659521303381084,351.3053798927949,1600.1540551266964
2020-01-16 14:00:00+00:00,30.3,78.5,8.911154543301128,19.29844676057256,29.116576382008702,526.4048143457181,1085.6561802058823
2020-01-16 14:00:00+00:00,31.2,78.6,3.3685321209854737,28.490224751714447,90.4830611813639,585.3467786218333,1248.8679519266648
2020-01-16 14:00:00+00:00,30.8,79.2,1.3364988495532442,7.295936105916886,25.03385959738795,240.55847963045213,996.6458977228967
2020-01-16 15:00:00+00:00,30.8,79.2,6.920506061900912,8.279065146704205,28.68733433395978,230.69351047414983,994.104647780592
2020-01-16 15:00:00+00:00,30.1,78.3,15.372360850711539,39.906798320385434,73.58477486664876,154.58807079169375,424.79664868584666
2020-01-16 15:00:00+00:00,30.3,78.5,0.8704879177576632,19.001855713974045,26.929871039876573,493.36571860907634,1076.64967513615
2020-01-16 15:00:00+00:00,30.7,78.9,17.93023778484531,36.45919558314807,45.51919386073188,140.14027262929585,894.5037018538376
2020-01-16 15:00:00+00:00,31.2,78.6,9.30639787449983,21.165655824585617,71.60839204980644,553.6230938183335,1255.2999555307608
2020-01-16 15:00:00+00:00,29.9,78.9,7.237419516101657,20.14415397041352,36.28215660929599,332.5548824732651,1548.5206898286795
2020-01-16 15:00:00+00:00,31.0,78.2,6.111089783910104,11.958100880220007,31.840380280355006,259.28647616506896,1192.558586646471
2020-01-16 15:00:00+00:00,30.5,78.7,31.630234802789047,104.77927584383286,139.22379686427422,231.8595924234128,489.70207459200645
2020-01-16 16:00:00+00:00,30.1,78.3,19.650659218747098,45.47579640585113,82.63906765395552,173.5911339340711,444.27782022643186
2020-01-16 16:00:00+00:00,30.3,78.5,4.250165236832011,14.031807697890812,25.287882833742266,450.1314656516416,1070.6319638239506
2020-01-16 16:00:00+00:00,31.0,78.2,3.01520289944142,9.916779271906695,33.80770700798862,260.2632219065441,1191.7923808186663
2020-01-16 16:00:00+00:00,30.8,79.2,7.9297423795710955,16.186747291025245,29.273959788946215,234.22505396233512,995.3202811862715
2020-01-16 16:00:00+00:00,29.9,78.9,5.43642286364143,17.73151727118471,37.51372551884561,310.609890479495,1475.6865973994807
2020-01-16 16:00:00+00:00,30.7,78.9,26.417684818539886,54.20911292670404,68.20229869961372,158.25776669341676,915.9283222955114
2020-01-16 16:00:00+00:00,31.2,78.6,6.012779961425549,18.687709956910865,58.70903443974591,525.0198604296523,1260.9484922821857
2020-01-16 16:00:00+00:00,30.5,78.7,14.420408010037633,90.29520442397211,147.3483614197905,244.40944609094703,485.3291348737605
2020-01-16 17:00:00+00:00,30.1,78.3,25.426801704261848,60.44982177372048,96.72343903687303,186.87953365191615,464.336055693829
2020-01-16 17:00:00+00:00,29.9,78.9,5.139693245515267,17.813535625258353,32.41078976301293,286.41729679470217,1400.3952827730548
2020-01-16 17:00:00+00:00,30.7,78.9,28.68158179817925,73.02950440156442,93.68184596534755,186.40538652595268,943.4289752086578
2020-01-16 17:00:00+00:00,30.3,78.5,2.0422803763888187,7.162933530978504,26.461380291551013,410.7627754551709,1063.9831582363106
2020-01-16 17:00:00+00:00,31.2,78.6,3.390559198506475,18.709737034431868,47.19996178614628,499.36386517229664,1251.5262007670733
2020-01-16 17:00:00+00:00,31.0,78.2,9.824060095021624,18.950352778373155,32.217707743293516,256.53327220669996,1197.933731564245
2020-01-16 17:00:00+00:00,30.8,79.2,1.3246846815248519,16.17493312299685,23.470869228913752,231.48723876682303,995.21079549986
2020-01-16 17:00:00+00:00,30.5,78.7,5.515669839200654,51.56631265202734,145.55973370624253,245.98727686531916,479.6013142711171
2020-01-16 18:00:00+00:00,30.3,78.5,6.071489199949086,12.363934813169926,31.365790527143922,367.49287332428884,1043.0831410449136
2020-01-16 18:00:00+00:00,31.2,78.6,7.538384992229818,16.941724152161857,38.107379976747445,488.3264128180027,1250.2783131845347
2020-01-16 18:00:00+00:00,30.5,78.7,7.726307406320957,27.66238525555925,132.4416610993921,249.30909481006142,483.19270953491537
2020-01-16 18:00:00+00:00,30.8,79.2,9.310040869220275,18.564467930316212,26.84353307702043,237.63943577070535,991.2040868771797
2020-01-16 18:00:00+00:00,31.0,78.2,5.156120426833725,17.99538342129678,29.953484301516767,257.3502068601186,1198.6665715559614
2020-01-16 18:00:00+00:00,30.1,78.3,51.574310831248255,96.6517717542572,136.55857007464266,228.76947397079067,512.6774993771606
2020-01-16 18:00:00+00:00,30.7,78.9,24.904854022787468,80.00412063950658,116.4633162226547,208.58088271820247,964.2109946673925
2020-01-16 18:00:00+00:00,29.9,78.9,1.718191212348182,12.294307321504878,32.4384612919184,254.72204587282943,1331.6685447442085
2020-01-16 19:00:00+00:00,30.7,78.9,16.23172476106625,69.81816058203295,124.02727350873703,222.2006893501072,978.4607937473012
2020-01-16 19:00:00+00:00,31.2,78.6,3.159171237120481,14.088115427856788,32.77582538476763,477.0856870181274,1248.522456953143
2020-01-16 19:00:00+00:00,31.0,78.2,7.358835851214732,22.339016373070088,32.255795644976764,257.53797579777324,1194.3378930707795
2020-01-16 19:00:00+00:00,30.8,79.2,8.041426395015597,18.676151945760715,34.86289923678598,243.88098187540655,995.8218989125246
2020-01-16 19:00:00+00:00,30.5,78.7,2.644493019309864,15.886470264831482,106.18167468880358,246.26169023454727,481.2810875104132
2020-01-16 19:00:00+00:00,29.9,78.9,5.298010699764888,12.155895157628336,29.88741242881305,231.21481642913386,1293.2800110503229
2020-01-16 19:00:00+00:00,30.3,78.5,5.0114023422594585,13.125171918597374,27.156979616488137,332.88128912250386,1013.9497586996181
2020-01-16 19:00:00+00:00,30.1,78.3,38.47928872992069,115.4804012654308,160.95619767128193,265.93385877729924,550.049705773842
2020-01-16 20:00:00+00:00,30.8,79.2,1.8331833724644064,19.184650636700272,35.35958375969714,237.64407582682517,994.0034062880206
2020-01-16 20:00:00+00:00,30.3,78.5,23.698403069683962,34.78129461189252,41.94422814287097,312.40420996790834,1001.2409244077869
2020-01-16 20:00:00+00:00,31.0,78.2,19.75341909519214,32.26837537324061,51.218728151613746,265.9060817772559,1213.273693536648
2020-01-16 20:00:00+00:00,29.9,78.9,12.789274261988508,19.805476174101575,37.61901179935993,218.32989827857074,1266.0117192527964
2020-01-16 20:00:00+00:00,31.2,78.6,1.7411074169576948,12.438663646308008,31.148400680739847,467.30680179447836,1246.3815216397695
2020-01-16 20:00:00+00:00,30.7,78.9,11.735574489216127,52.87215327306983,125.90165767463428,221.7055997984136,984.2688316612413
2020-01-16 20:00:00+00:00,30.5,78.7,1.4059999365141342,11.776800362144963,63.34311301417229,246.61830511083966,468.9234234885298
2020-01-16 20:00:00+00:00,30.1,78.3,45.049063172183665,135.10266273335262,195.55248450707307,308.4788158203079,592.4003972063745
2020-01-16 21:00:00+00:00,31.2,78.6,4.608400566084527,9.508679220162717,26.450403372324544,467.41272087135303,1248.592882572637
2020-01-16 21:00:00+00:00,31.0,78.2,20.835825314810606,47.94808026121749,65.94346368251425,263.4775463163741,1224.6153660171199
2020-01-16 21:00:00+00:00,30.1,78.3,55.53534909953823,139.06370100164258,235.71547275589978,358.6956119110504,645.3899164069411
2020-01-16 21:00:00+00:00,30.5,78.7,0.7257158224123668,4.776208778236372,32.43859403379561,246.39324104491902,465.67632095764054
2020-01-16 21:00:00+00:00,30.3,78.5,17.004298532001275,45.71410394394471,58.078038757114584,289.3504485947062,970.0636277608446
2020-01-16 21:00:00+00:00,29.9,78.9,6.912857205632869,25.00014216738626,37.294449488891146,202.62225165541156,1237.4460072181992
2020-01-16 21:00:00+00:00,30.8,79.2,1.6535121168825533,11.52812188436255,30.092589814678778,236.53005203454765,991.9416377580067
2020-01-16 21:00:00+00:00,30.7,78.9,5.484410507024815,33.45170975730717,113.45583039681378,226.4232270364441,982.5678221711833
2020-01-16 22:00:00+00:00,30.1,78.3,64.18121416402516,164.76562643574707,280.24602770117787,417.781282378622,707.8533357705508
2020-01-16 22:00:00+00:00,30.8,79.2,0.42635247617906386,3.9130479655260166,22.589199911286748,235.69070794409205,988.462035213157
2020-01-16 22:00:00+00:00,30.7,78.9,3.136201593555677,20.356186589796597,90.17434717182958,211.20870116360277,982.6247079797361
2020-01-16 22:00:00+00:00,31.0,78.2,22.354009558923515,62.94325396892627,85.28227034199634,255.2763501928853,1243.4234277550863
2020-01-16 22:00:00+00:00,31.2,78.6,4.2461191630405075,10.595627146082744,24.6837425739395,465.64845351321424,1251.1842211349822
2020-01-16 22:00:00+00:00,30.3,78.5,13.332797179955643,54.0354987816409,67.16067070023821,272.80303712801555,936.4772922319684
2020-01-16 22:00:00+00:00,29.9,78.9,6.0762058385473665,25.778337306168737,37.93423246379708,190.3615218757349,1200.6494901547894
2020-01-16 22:00:00+00:00,30.5,78.7,8.426412113376683,10.55812787230319,26.44459813713466,245.09284702688092,460.5888034021773
2020-01-16 23:00:00+00:00,30.3,78.5,18.209341536511822,48.546437248468756,83.32773186036121,257.95018198742986,923.5580702818638
2020-01-16 23:00:00+00:00,30.1,78.3,57.75767985345239,177.47424311701576,312.5769058503684,469.14570210805556,756.6865660088479
2020-01-16 23:00:00+00:00,30.7,78.9,8.989339612379432,17.6099517129599,70.48210498602975,206.6547256160548,987.270281548803
2020-01-16 23:00:00+00:00,31.0,78.2,24.477276633969726,67.66711150770386,99.93548688094445,248.51481272661707,1266.7143618162747
2020-01-16 23:00:00+00:00,30.8,79.2,1.0093051725406914,3.0891697656023016,22.273820402302587,230.5290783419259,981.1212934988916
2020-01-16 23:00:00+00:00,31.2,78.6,2.6808860170183912,11.53540574614344,23.97406939245142,465.6607107667021,1252.100911170651
2020-01-16 23:00:00+00:00,29.9,78.9,5.370108485176978,18.35917152935721,38.16464770345879,173.7207237625394,1156.9118754105755
2020-01-16 23:00:00+00:00,30.5,78.7,2.2416208217805513,11.393748757569607,23.170549119714554,244.3528355304752,459.6225317723443
2020-01-17 00:00:00+00:00,30.3,78.5,24.573515844361385,56.115654560828865,101.82975850477352,258.6952923370322,931.431508142217
2020-01-17 00:00:00+00:00,30.7,78.9,5.0961493248604555,17.22169053079554,50.67340028810274,206.10254763122296,986.462642662789
2020-01-17 00:00:00+00:00,31.0,78.2,36.80587362929744,83.6371598221907,131.58524008340817,250.1175939357554,1288.78233520373
2020-01-17 00:00:00+00:00,31.2,78.6,3.9286137599577864,10.855618940016699,20.364298160179388,462.95472915518053,1254.2946204987181
2020-01-17 00:00:00+00:00,30.1,78.3,52.46274644362435,174.4016404611019,313.4653414627445,515.6170390556534,806.3273246676034
2020-01-17 00:00:00+00:00,29.9,78.9,9.678140185702139,21.12445450942648,46.12459667681274,162.33741834935572,1110.9622944913856
2020-01-17 00:00:00+00:00,30.8,79.2,0.29746127540535494,1.733118924125103,13.261240808487667,225.14064272183234,976.2611949439934
2020-01-17 00:00:00+00:00,30.5,78.7,2.1078280771154656,12.775861012272706,17.552069790509066,245.45033542232764,459.25801701111845
2020-01-17 01:00:00+00:00,30.3,78.5,30.008173220808263,72.79103060168148,126.82652938332232,267.6710776292,946.1936997419433
2020-01-17 01:00:00+00:00,30.5,78.7,23.7718397302412,28.121288629137226,38.6794165014404,266.5279446871238,479.55035743854546
2020-01-17 01:00:00+00:00,31.2,78.6,15.703259378921448,22.312759155897638,32.90838630198036,451.1527315034815,1261.3763015604468
2020-01-17 01:00:00+00:00,30.1,78.3,54.950387196447345,165.17081349352407,329.93643992927116,569.4955870117823,849.3743790157703
2020-01-17 01:00:00+00:00,29.9,78.9,3.234883200628078,18.283131871507194,44.06146917767594,156.047772939428,1054.5705221317276
2020-01-17 01:00:00+00:00,31.0,78.2,38.19630499802721,99.47945526129439,162.42270923022065,267.4413644126616,1322.9818669121423
2020-01-17 01:00:00+00:00,30.8,79.2,3.3927411817971285,4.6995076297431675,8.612555595269198,223.69856726352867,978.5943670961154
2020-01-17 01:00:00+00:00,30.7,78.9,2.353744504150513,16.43923344139038,36.79542003118701,207.03452639173756,975.8928037795513
2020-01-17 02:00:00+00:00,31.0,78.2,42.06182812516361,117.06400675248827,184.73111826019212,299.3573576183967,1364.3588245328917
2020-01-17 02:00:00+00:00,31.2,78.6,3.917599855231893,23.54947299411114,35.08487874025455,433.13413422242246,1262.041880688605
2020-01-17 02:00:00+00:00,30.7,78.9,5.245707158889021,12.695600987899969,30.3055527008599,210.64109577464444,977.2887226548871
2020-01-17 02:00:00+00:00,30.1,78.3,37.51058439306554,144.92371803313722,322.39796115015304,603.9456619442815,882.5674321940751
2020-01-17 02:00:00+00:00,29.9,78.9,3.0254147171467842,15.938438103476999,34.29760963283422,152.15783812297425,995.4241785761847
2020-01-17 02:00:00+00:00,30.3,78.5,54.0169470669331,108.59863613210277,157.14507338057146,306.4518285962183,992.7520352740917
2020-01-17 02:00:00+00:00,30.8,79.2,4.8366522626138755,8.526854719816352,11.616024485418668,212.53952028359268,978.4226095414127
2020-01-17 02:00:00+00:00,30.5,78.7,9.219981062891355,35.09964887024803,46.49339762781762,274.5391996044104,487.2054181219827
2020-01-17 03:00:00+00:00,30.1,78.3,34.721968507473726,127.18294009698661,301.58458055808853,633.0077507070326,909.6462562780345
2020-01-17 03:00:00+00:00,29.9,78.9,6.011451431769278,12.271749349544137,33.39620385897062,150.8112134454556,932.9421791343716
2020-01-17 03:00:00+00:00,30.3,78.5,48.622408351290794,132.64752863903217,188.76318319986098,328.27636874916146,1031.7636422213557
2020-01-17 03:00:00+00:00,30.5,78.7,5.597987751792503,38.58980854492507,51.365669557197755,274.91723288263347,489.6463227261438
2020-01-17 03:00:00+00:00,31.2,78.6,2.997878679141145,22.6187379132945,33.47435685331117,407.074088851302,1250.2931256939603
2020-01-17 03:00:00+00:00,31.0,78.2,46.966211879332214,127.22434500252305,210.8615048247137,339.01072369583846,1404.8444562017728
2020-01-17 03:00:00+00:00,30.8,79.2,2.3638678807237823,10.593261325134778,12.326380249259897,197.71317149435762,968.1198241099643
2020-01-17 03:00:00+00:00,30.7,78.9,2.307725350911562,9.907177013951076,27.128867544746644,212.72512432943697,972.4984910795331
2020-01-17 04:00:00+00:00,30.1,78.3,28.08819580982899,100.32074871036826,265.49156220389233,659.7839768145353,930.995991477205
2020-01-17 04:00:00+00:00,31.0,78.2,49.14490223424254,138.17294223873836,237.65239750003275,386.23817903113263,1449.5405783607116
2020-01-17 04:00:00+00:00,30.8,79.2,1.6023990766581244,8.802919219995776,13.502426849738956,171.05774023174723,969.5232764820292
2020-01-17 04:00:00+00:00,31.2,78.6,3.5350355411438468,10.4505140755169,32.76327323141451,370.5756583780419,1243.4555770099971
2020-01-17 04:00:00+00:00,30.7,78.9,2.626657895343297,10.18009040514386,26.619323846534268,214.4656501305981,969.1528180171267
2020-01-17 04:00:00+00:00,30.3,78.5,50.560781953202614,153.20013737142654,225.99116797310796,363.67888248927886,1074.6068985599609
2020-01-17 04:00:00+00:00,29.9,78.9,9.803683874595052,18.840550023511113,37.12368189501831,157.51281166022304,877.4104648293118
2020-01-17 04:00:00+00:00,30.5,78.7,3.20308857788899,18.021057392572857,46.14234602171007,271.1941256537725,478.6176640432323
2020-01-17 05:00:00+00:00,31.0,78.2,44.50988354459654,140.62099765817132,257.68500441065953,418.7776802162116,1486.9042871954534
2020-01-17 05:00:00+00:00,30.8,79.2,0.8796896263459363,4.845956583727836,13.372811303544202,139.1099097716782,952.6069056403113
2020-01-17 05:00:00+00:00,30.3,78.5,49.745836312453946,148.92902661694737,257.5276627490501,407.0638785017632,1122.5125855059011
2020-01-17 05:00:00+00:00,30.1,78.3,20.749491884976187,83.5596562022789,228.48337423541614,679.3217196064691,945.0873589319615
2020-01-17 05:00:00+00:00,29.9,78.9,8.919858692748242,24.734993999112568,40.67343210258957,164.92550376127053,835.5857991668324
2020-01-17 05:00:00+00:00,30.7,78.9,1.0593737395493126,5.993756985804151,18.689357973704148,209.898217450052,965.7291455861605
2020-01-17 05:00:00+00:00,30.5,78.7,4.271836653070043,13.072912982751543,48.172561852999564,266.38751488806076,475.0901429371518
2020-01-17 05:00:00+00:00,31.2,78.6,2.3443011144484913,8.877215334733497,32.42668832884461,319.06336058531065,1227.1413801708418
2020-01-17 06:00:00+00:00,30.5,78.7,4.417301708836568,11.89222693979561,50.48203548472066,250.58700557559698,477.5632785112091
2020-01-17 06:00:00+00:00,31.0,78.2,43.021056855556516,136.67584263439562,263.90018763691864,459.9313289605615,1514.8135356742716
2020-01-17 06:00:00+00:00,30.1,78.3,23.756479720960606,72.59416741576578,199.7771075127524,694.6118999332622,954.627146850548
2020-01-17 06:00:00+00:00,29.9,78.9,6.3648794938143665,25.088422061157654,37.3601714107018,160.78306701199486,798.4642760206882
2020-01-17 06:00:00+00:00,30.7,78.9,7.441515651699715,11.127547286592304,21.03472430054341,212.22743593960823,955.3253191558342
2020-01-17 06:00:00+00:00,30.3,78.5,61.658929445038396,161.96554771069498,294.61307634972707,465.2333786077265,1183.6567330104476
2020-01-17 06:00:00+00:00,30.8,79.2,8.294952454927017,10.777041157931071,21.370302483065863,120.32400404038216,940.6929621079927
2020-01-17 06:00:00+00:00,31.2,78.6,7.717991764581772,13.597328420174124,36.216066333468596,267.52439490940975,1218.059729979183
2020-01-17 07:00:00+00:00,30.3,78.5,56.25536905849427,167.66013481598662,320.8602721874131,512.981393210158,1237.0937398106284
2020-01-17 07:00:00+00:00,31.0,78.2,40.790283517828826,128.3212239179819,266.4941661567202,488.926786217245,1513.6614943388615
2020-01-17 07:00:00+00:00,30.5,78.7,0.6033873180153282,9.292525679921946,27.31358307249479,248.11201084468559,474.77350970625275
2020-01-17 07:00:00+00:00,30.8,79.2,3.4041234703303025,12.578765551603249,21.381684771599037,106.63101731367702,940.0509866231184
2020-01-17 07:00:00+00:00,29.9,78.9,1.664027788514036,16.94876597507664,35.78931599858776,150.002613031543,767.1984431802048
2020-01-17 07:00:00+00:00,30.1,78.3,16.003062116347834,60.50903372228463,160.8297824326529,706.9412573703731,965.6956199010276
2020-01-17 07:00:00+00:00,31.2,78.6,2.388877857356066,12.451170736386343,22.901684811903216,220.23714490858268,1188.4773963257103
2020-01-17 07:00:00+00:00,30.7,78.9,12.39519024298484,20.89607963423385,31.076170039377736,223.1061289081181,958.318110386179
2020-01-17 08:00:00+00:00,30.3,78.5,57.37152983065612,175.2858283341888,324.21485495113615,552.4207328565874,1290.975433929098
2020-01-17 08:00:00+00:00,30.5,78.7,0.15832467417347174,5.179013701025375,18.251926683776908,238.178310019623,469.68180562592
2020-01-17 08:00:00+00:00,29.9,78.9,6.4720203582515685,14.500927640579967,39.23592163969254,147.81206437526777,748.9387372213688
2020-01-17 08:00:00+00:00,31.2,78.6,5.940158344916956,16.047027966854806,24.924243301588277,181.64058390394658,1168.3358955237647
2020-01-17 08:00:00+00:00,30.7,78.9,0.5722910571977429,20.408996951882276,26.402753937686455,215.0897248945581,940.9719809740175
2020-01-17 08:00:00+00:00,30.1,78.3,14.774354740047976,54.533896577356415,138.09355277963533,717.6415421097145,979.6212251770366
2020-01-17 08:00:00+00:00,30.8,79.2,4.111989271440686,15.811065196698,20.657021780425847,92.6664896229296,942.2283498436938
2020-01-17 08:00:00+00:00,31.0,78.2,31.612449894989357,115.42379026837472,256.044787926546,518.7629146303859,1497.6548078064172
2020-01-17 09:00:00+00:00,30.7,78.9,3.012684088397803,15.980165388580366,27.1077126751727,213.21160447746504,931.3619158957148
2020-01-17 09:00:00+00:00,29.9,78.9,6.20656011638186,14.342608263147461,39.43103032430512,146.4038402814629,733.5532941930373
2020-01-17 09:00:00+00:00,30.1,78.3,11.49702365885366,42.274440515249466,114.86860793101526,725.7534361116523,990.344242943675
2020-01-17 09:00:00+00:00,31.2,78.6,1.0235164042698905,9.352552606542927,22.949881026717023,154.48303330215919,1142.1118967673146
2020-01-17 09:00:00+00:00,30.5,78.7,12.955981874405179,13.717693866593986,25.60992080638958,248.63798126165713,477.9698707841246
2020-01-17 09:00:00+00:00,30.8,79.2,16.391720721950684,23.907833463721666,34.68487462165275,105.79117901955121,951.0922305452419
2020-01-17 09:00:00+00:00,30.3,78.5,45.959229176083234,159.58612806523365,321.5516757759286,595.3227687727808,1330.04846631697
2020-01-17 09:00:00+00:00,31.0,78.2,27.667207218413765,100.06994063123197,236.74578326562755,545.3911320532104,1494.0270592896252
2020-01-17 10:00:00+00:00,30.7,78.9,3.3112490394131444,6.896224185008669,27.792303819242544,212.78827353722016,911.6315664541299
2020-01-17 10:00:00+00:00,31.2,78.6,8.502192914629335,15.465867663816196,27.91703840020251,144.07308864530242,1125.9562234148425
2020-01-17 10:00:00+00:00,30.5,78.7,3.0895903012109285,16.203896849789587,25.49642252971152,245.43172810834676,473.2464612048923
2020-01-17 10:00:00+00:00,31.0,78.2,23.999368364846227,83.27902547824937,211.60024939623122,568.342624246249,1495.1593031985287
2020-01-17 10:00:00+00:00,30.8,79.2,1.7971810777084478,22.300891071099812,34.879656622703074,100.245243172675,947.5410783519167
2020-01-17 10:00:00+00:00,29.9,78.9,7.42651266573413,20.105093140367554,37.053859115444205,149.6254989931052,722.2054050087044
2020-01-17 10:00:00+00:00,30.3,78.5,41.129796348214086,144.46055535495347,312.12069017094,630.5604116780286,1360.5814645883079
2020-01-17 10:00:00+00:00,30.1,78.3,5.350941344344408,31.622319743246045,92.13135346553067,720.5080110245563,989.0556268589876
2020-01-17 11:00:00+00:00,30.3,78.5,36.02627808364844,123.11530360794578,298.4011319421345,665.7179068430969,1395.7679088151974
2020-01-17 11:00:00+00:00,30.8,79.2,4.148443105125332,22.337344904784455,38.14841010148247,97.26591103624301,939.4309799765839
2020-01-17 11:00:00+00:00,31.0,78.2,17.669079965505702,69.33565554876571,184.7594458171404,574.5976448520379,1503.3694666759666
2020-01-17 11:00:00+00:00,30.1,78.3,4.419092559818058,21.267057563016124,75.80095414037254,713.58467326303,992.6427485299452
2020-01-17 11:00:00+00:00,29.9,78.9,4.995089739411809,18.628162521527795,33.12909016210777,144.37795973116906,714.1422013569156
2020-01-17 11:00:00+00:00,31.2,78.6,3.7132897564670326,13.238999075366273,29.28602704222105,132.88674654966337,1102.979514393689
2020-01-17 11:00:00+00:00,30.5,78.7,9.63539291312976,25.680965088745875,30.859978789771237,247.7628234687279,481.74831624323645
2020-01-17 11:00:00+00:00,30.7,78.9,2.2015690153092247,8.525502143120152,28.934499095002458,211.78780802008396,891.7122715239227
2020-01-17 12:00:00+00:00,30.8,79.2,0.12040154266649082,6.066025725500263,29.973859189221944,91.4489355577959,921.1464636665467
2020-01-17 12:00:00+00:00,30.1,78.3,4.44586229234299,14.215896196505454,56.49033671175493,706.2913557618945,992.439470517994
2020-01-17 12:00:00+00:00,30.5,78.7,0.5812487545728817,13.306231968913576,27.023925835507555,227.49969221012938,475.59625079876537
2020-01-17 12:00:00+00:00,30.7,78.9,2.69327072951429,8.206088784236638,24.18625417281703,212.35769498411793,865.4352627344663
2020-01-17 12:00:00+00:00,31.2,78.6,1.605186902855925,13.820669573952307,23.173222180495205,117.86096665089063,1070.5071295327405
2020-01-17 12:00:00+00:00,29.9,78.9,3.323682950881542,15.745285356027479,30.087893619174945,146.01112299860787,711.132082616672
2020-01-17 12:00:00+00:00,31.0,78.2,16.50897607205228,58.177424402404235,158.24736503363616,583.6862770554796,1509.0410218079455
2020-01-17 12:00:00+00:00,30.3,78.5,39.728523722171865,116.88459815403442,276.470726219268,704.2793516009126,1434.8929277485374
2020-01-17 13:00:00+00:00,30.7,78.9,7.869145975627724,12.763985720451217,19.660209905459915,211.55907348476174,843.8778650497712
2020-01-17 13:00:00+00:00,30.5,78.7,5.027983632301494,15.244625300004142,31.448522149793718,203.62319641253248,469.95353927763523
2020-01-17 13:00:00+00:00,29.9,78.9,0.3576664101121791,8.676439100405526,28.781532240773092,138.51972984584984,703.5014547754126
2020-01-17 13:00:00+00:00,31.0,78.2,19.232822741612495,53.4108787791705,136.6899042574198,597.8625752893374,1496.2550104518202
2020-01-17 13:00:00+00:00,30.3,78.5,29.75932048406564,105.51412228988596,249.97467764483935,724.818458832063,1463.352470308493
2020-01-17 13:00:00+00:00,31.2,78.6,1.534661688900309,6.853138348223281,22.319006012039445,110.90490251069065,1016.887785392665
2020-01-17 13:00:00+00:00,30.8,79.2,7.120172003795835,11.38901665158765,33.68990772268748,98.54704732634168,905.1116758437979
2020-01-17 13:00:00+00:00,30.1,78.3,11.675451525962604,20.54040637812365,52.162726121369694,703.8851461545756,1000.8917376643143
2020-01-17 14:00:00+00:00,30.5,78.7,4.161874776390098,9.771107163264478,35.452072252010346,163.54050957777716,471.0702124469178
2020-01-17 14:00:00+00:00,30.3,78.5,27.11237847921119,96.60022268544871,219.71552629339442,743.0196827679731,1488.0661977953257
2020-01-17 14:00:00+00:00,31.2,78.6,11.289270844137283,14.429119435893531,27.668118511259777,118.82564123384246,993.1553662733887
2020-01-17 14:00:00+00:00,30.1,78.3,11.725568085883515,27.846881904189107,49.113939467205235,705.1579379040666,1011.5333851413174
2020-01-17 14:00:00+00:00,30.8,79.2,2.707432275367974,9.948005821830293,32.285350726614766,99.91798075215642,872.491970020356
2020-01-17 14:00:00+00:00,31.0,78.2,9.446650906182393,45.18844971984719,114.52410526861286,606.5187396069647,1488.0953423838416
2020-01-17 14:00:00+00:00,29.9,78.9,5.116923502513114,8.798272863506831,27.426435385034637,138.57897845692133,705.9443363995103
2020-01-17 14:00:00+00:00,30.7,78.9,1.8600524473338849,12.422469152475877,20.94797129559606,203.55793560877675,804.9154433802239
2020-01-17 15:00:00+00:00,31.0,78.2,7.718662073689352,36.39813572148426,94.57556012388845,608.126311896744,1475.6660238527893
2020-01-17 15:00:00+00:00,29.9,78.9,11.455222115723966,16.929812028349254,32.67509738437674,142.79678105654364,715.6826549498401
2020-01-17 15:00:00+00:00,30.8,79.2,4.529578503256552,14.357182782420354,20.42320850792063,97.52705319351205,825.758778125703
2020-01-17 15:00:00+00:00,30.7,78.9,11.729234981741097,21.458433404702685,29.66452218893935,197.35693280567253,769.6255153777767
2020-01-17 15:00:00+00:00,30.5,78.7,3.6971438402982484,12.887002248989846,26.19323421790341,135.60741861528635,466.51838303626687
2020-01-17 15:00:00+00:00,30.3,78.5,27.247514198173683,84.11921316145053,201.00381131548488,769.3967090483891,1514.436423885004
2020-01-17 15:00:00+00:00,31.2,78.6,16.73965086088243,29.563583393920037,43.384252967872314,126.25889422022506,983.6077601851969
2020-01-17 15:00:00+00:00,30.1,78.3,12.149809276889755,35.55082888873587,49.76672508524133,701.9353863302448,1016.8910452987586
2020-01-17 16:00:00+00:00,30.5,78.7,3.0804112302808617,10.939429846969214,26.184055146973346,124.26742183552959,467.70129604802923
2020-01-17 16:00:00+00:00,29.9,78.9,1.4354215251152884,18.007567143352365,26.6840062437579,138.79577971801749,714.6621964857039
2020-01-17 16:00:00+00:00,30.3,78.5,45.058175640601945,99.41806831798684,204.93219060787274,810.204719452159,1555.9969536695944
2020-01-17 16:00:00+00:00,30.7,78.9,4.055842623851865,17.645130052926824,30.40911577337807,174.9950906109845,735.4483552052046
2020-01-17 16:00:00+00:00,31.2,78.6,6.069551635487628,34.098473340507354,40.951611688730615,126.31566589428714,956.3103125402082
2020-01-17 16:00:00+00:00,31.0,78.2,3.693932354949116,20.859245334820883,74.27012411399134,608.8050413522517,1449.6228757570648
2020-01-17 16:00:00+00:00,30.8,79.2,1.4698460266479085,8.706856805272428,20.09587345686009,91.06715684058886,778.9572485755905
2020-01-17 16:00:00+00:00,30.1,78.3,3.1808251125641602,27.05620247533743,47.59660885346108,685.465552224062,1011.1826221209602
2020-01-17 17:00:00+00:00,29.9,78.9,4.9519546693481775,17.842598310187427,26.640871173694265,138.6080411418504,706.8115587043061
2020-01-17 17:00:00+00:00,31.0,78.2,5.564134114421342,16.97672854305983,62.165178262906984,604.5451153716514,1428.5570830128765
2020-01-17 17:00:00+00:00,30.3,78.5,31.298101595329975,103.60379143410563,200.20401411955427,839.4605406711001,1581.6928513256908
2020-01-17 17:00:00+00:00,30.1,78.3,3.751655077503485,19.0822894669574,46.92917137114651,663.7904055973036,1010.8173308697659
2020-01-17 17:00:00+00:00,30.8,79.2,0.6779226956080212,6.677347225512475,16.62535304734278,90.42039485467204,724.1338164626611
2020-01-17 17:00:00+00:00,30.7,78.9,2.122654014928604,17.907731620521545,30.33020077299745,148.43616282773385,697.2346214972156
2020-01-17 17:00:00+00:00,30.5,78.7,4.384317931556986,11.161873002136101,20.932980165400572,123.13606992788591,465.97659082824003
2020-01-17 17:00:00+00:00,31.2,78.6,1.3298543125822502,24.139056808952326,38.56817624484583,124.25496100836291,923.1088829322106
2020-01-17 18:00:00+00:00,30.8,79.2,5.593380005630928,7.741148727886851,22.09833151030722,86.7037339910827,679.6687416207558
2020-01-17 18:00:00+00:00,30.1,78.3,7.809680746491385,14.742160936559028,50.2929898252949,620.0257755125467,1006.0269947650997
2020-01-17 18:00:00+00:00,30.5,78.7,14.197840811346293,21.662569973184144,34.54957222217398,129.60760333291125,472.6360837285968
2020-01-17 18:00:00+00:00,29.9,78.9,4.387341459169511,10.774717653632973,27.704529681982237,141.27719138867172,703.659448530685
2020-01-17 18:00:00+00:00,31.2,78.6,1.6612641693723593,9.060670117442251,38.62425351136226,118.37784018550545,903.1301174076592
2020-01-17 18:00:00+00:00,30.3,78.5,36.74130516437066,113.0975824003026,197.21679556175306,870.1303566355218,1617.2599285715173
2020-01-17 18:00:00+00:00,30.7,78.9,9.979242711324,16.157739350104446,37.61617275480716,133.5105515162704,663.4228623976068
2020-01-17 18:00:00+00:00,31.0,78.2,7.591265505004467,16.849331974374948,53.247467695859164,606.980260449822,1395.7208151247428
2020-01-17 19:00:00+00:00,29.9,78.9,11.737189944212272,21.076486072729956,39.084053216082324,147.7163706331191,710.6809776348001
2020-01-17 19:00:00+00:00,31.2,78.6,4.937051101417775,7.928169583372399,42.02664292387973,120.15572004980274,884.6064287320797
2020-01-17 19:00:00+00:00,30.5,78.7,6.504853032621219,25.087011775524502,36.02644162249371,133.4679633462226,476.96529342844934
2020-01-17 19:00:00+00:00,30.1,78.3,1.9073575915340524,13.46869341552892,40.524895890866354,583.4538443741601,993.9772779464013
2020-01-17 19:00:00+00:00,30.3,78.5,37.46781083825277,105.50721759795341,204.9252859159402,902.586765131515,1653.4288470239464
2020-01-17 19:00:00+00:00,30.7,78.9,0.3815610764377716,12.483457802690353,30.12858785561721,117.66038783164191,624.3772605870079
2020-01-17 19:00:00+00:00,30.8,79.2,2.3235531266172864,8.594855827856229,17.30171263312867,80.98586072268438,640.8386644742844
2020-01-17 19:00:00+00:00,31.0,78.2,8.764906188646119,21.92030580807195,42.779551142892785,608.3863307872535,1368.8805808779719
2020-01-17 20:00:00+00:00,29.9,78.9,4.518006453686601,20.642537857068383,38.48513616725582,139.4451028248172,705.4504398447233
2020-01-17 20:00:00+00:00,30.1,78.3,2.5465553006384782,12.263593638663913,31.345883105621315,540.9513365026149,976.1363442935086
2020-01-17 20:00:00+00:00,30.3,78.5,38.24241807421209,112.45153407683551,216.0553255109411,917.1307801360432,1688.3628403268701
2020-01-17 20:00:00+00:00,30.5,78.7,9.155221441648429,29.857915285615945,41.019788287752036,141.21718485135688,483.83637580773177
2020-01-17 20:00:00+00:00,30.7,78.9,11.371403683282805,21.732207471044553,39.63993909156613,117.2962170257086,599.989880096557
2020-01-17 20:00:00+00:00,30.8,79.2,10.202149089712917,18.119082221961122,24.796429447473614,89.35482643993289,613.2742086286345
2020-01-17 20:00:00+00:00,31.2,78.6,6.656631902327541,13.254947173117689,37.39400398206998,125.0712445351726,878.8802535106876
2020-01-17 20:00:00+00:00,31.0,78.2,3.7565750113107423,20.11274670496135,37.08947524802114,592.3894867033721,1332.8189992993084
2020-01-17 21:00:00+00:00,29.9,78.9,1.5297017530816603,17.78489815098053,28.559615804613507,134.061947372266,701.1293255668386
2020-01-17 21:00:00+00:00,30.8,79.2,2.27863230203822,14.804334518368416,22.54548324625528,89.97994662508856,591.4218944815068
2020-01-17 21:00:00+00:00,30.7,78.9,8.217858664640119,19.970823424360674,36.12856277446515,120.0296651833239,577.9044011381225
2020-01-17 21:00:00+00:00,30.3,78.5,33.79091645851037,109.50114537097522,222.59872777127777,933.9173980625523,1719.497111057381
2020-01-17 21:00:00+00:00,30.5,78.7,15.286674630996764,30.946749105266417,52.609319078450554,155.7781436599413,496.9115702863801
2020-01-17 21:00:00+00:00,30.1,78.3,0.6373106805388415,5.09122357271137,19.833384509270402,486.05329808361546,960.6820120763955
2020-01-17 21:00:00+00:00,31.2,78.6,1.9906449225720733,13.584327926317403,22.644998043759628,122.45348889166014,870.7718090165686
2020-01-17 21:00:00+00:00,31.0,78.2,2.25650313699954,14.777984336956422,31.627316311331327,573.8101645255609,1288.3313426363973
2020-01-17 22:00:00+00:00,30.7,78.9,0.5111257356751872,20.100388083598087,32.58384588628847,117.40458932544341,549.3767249740637
2020-01-17 22:00:00+00:00,31.2,78.6,2.332327949505308,10.979604774404937,18.907774357777306,120.53969767812494,861.9032740225433
2020-01-17 22:00:00+00:00,30.5,78.7,23.635531267738983,48.077427340384176,73.16443911590868,170.98726281430362,519.2145844662016
2020-01-17 22:00:00+00:00,31.0,78.2,8.345569631268187,14.35864777957849,36.27895358765039,559.8017245979057,1254.7985044308568
2020-01-17 22:00:00+00:00,29.9,78.9,10.754469876971047,16.802178083739307,37.87866415646927,138.74021141068968,709.1098356930963
2020-01-17 22:00:00+00:00,30.1,78.3,3.391151898651981,6.575017879829299,20.043711295358225,425.26323581824226,953.2939584118034
2020-01-17 22:00:00+00:00,30.3,78.5,32.91008878467482,104.94342331739729,210.45064091535065,953.4946896672715,1748.573348027868
2020-01-17 22:00:00+00:00,30.8,79.2,2.693992754051792,15.174774145802921,23.769629973659168,92.24758690296129,577.9986684053874
2020-01-17 23:00:00+00:00,30.7,78.9,14.490424611946771,23.219409012262055,44.95161648330664,122.90567432501075,543.4484808642472
2020-01-17 23:00:00+00:00,29.9,78.9,6.164534995050419,18.44870662510312,39.09124448217151,139.5346379205631,712.2020113107237
2020-01-17 23:00:00+00:00,30.5,78.7,28.95768295923302,67.87988885796877,97.73780414358471,197.70332495175606,543.4962938508064
2020-01-17 23:00:00+00:00,30.3,78.5,40.726531531296246,107.42753677448144,219.87907085131692,976.0118796620559,1784.0363129624545
2020-01-17 23:00:00+00:00,31.2,78.6,5.748788128762684,10.07176100084008,23.32670817395774,123.60759978986923,858.9628826986333
2020-01-17 23:00:00+00:00,30.1,78.3,1.3506787996110161,5.379141378801837,17.642735017465753,368.85623476440094,943.2371832755763
2020-01-17 23:00:00+00:00,30.8,79.2,2.0120939164255836,6.984718972515589,25.103801194476727,93.25037564684618,569.2418433409895
2020-01-17 23:00:00+00:00,31.0,78.2,4.529979079447973,15.13205184771572,35.244798552677025,539.8544270433839,1197.974461775602
2020-01-18 00:00:00+00:00,30.8,79.2,2.044671888579277,6.750758559056646,21.555093077425074,94.9975862600201,563.2685306783843
2020-01-18 00:00:00+00:00,30.7,78.9,2.0450321788705224,17.046582526492458,37.01740595085316,119.85455717902083,520.9505917865324
2020-01-18 00:00:00+00:00,30.3,78.5,34.31695999489363,107.95358031086471,217.4547256818399,985.7553238125881,1815.9492745331743
2020-01-18 00:00:00+00:00,31.0,78.2,2.2415048996604696,15.11705361037665,29.89503794733303,505.29005831374695,1160.1826076465986
2020-01-18 00:00:00+00:00,30.5,78.7,26.13076876831213,78.72398299528413,109.67073210055055,221.72626564295274,559.1037766682279
2020-01-18 00:00:00+00:00,29.9,78.9,5.156938744233823,22.075943616255287,39.86084176723582,135.01343647909482,711.9945912755088
2020-01-18 00:00:00+00:00,30.1,78.3,5.486471252356342,10.228301950619336,15.31952552333071,321.87995957313296,936.2380353149528
2020-01-18 00:00:00+00:00,31.2,78.6,7.255579696943946,15.336695775211952,28.921023701529325,126.9345657268554,860.5548712742574
2020-01-18 01:00:00+00:00,30.1,78.3,7.124016280668237,13.961166332635592,20.536184212464896,274.0535886573538,940.8830366176339
2020-01-18 01:00:00+00:00,30.7,78.9,0.9229316363870761,17.458388427204348,37.55877651080247,118.42374431125738,507.60850626884525
2020-01-18 01:00:00+00:00,30.8,79.2,0.323804500637702,4.380570305642556,19.555344451445492,91.92864957886067,557.3800012639341
2020-01-18 01:00:00+00:00,31.0,78.2,3.1004020852015337,9.871886064309997,24.230533843888445,470.1941554009213,1127.4862448333588
2020-01-18 01:00:00+00:00,31.2,78.6,20.367732230836133,33.37210005654278,44.35170483094768,131.5990385787701,871.8304010091337
2020-01-18 01:00:00+00:00,30.3,78.5,32.940562733007255,107.98405425919714,212.92747757659438,988.6877133247872,1846.990430448757
2020-01-18 01:00:00+00:00,29.9,78.9,3.5117573087156333,14.833231047999872,31.635409131739184,135.29031058718238,713.8739277884564
2020-01-18 01:00:00+00:00,30.5,78.7,30.559637158170002,85.64808888571515,133.72551622609933,228.51406307088152,588.2872499091039
2020-01-18 02:00:00+00:00,30.3,78.5,23.66906578804937,90.92658851595027,198.35412529043165,958.3398320459034,1868.3711672779818
2020-01-18 02:00:00+00:00,29.9,78.9,10.604650960932098,19.27334701388155,37.72205363898468,142.8695468309677,720.4607070316301
2020-01-18 02:00:00+00:00,30.5,78.7,35.119855536607545,91.81026146308969,159.69015032105844,254.41393754459773,622.6669725193158
2020-01-18 02:00:00+00:00,30.1,78.3,13.619855427936631,26.23034296096121,31.60948433976305,250.1628596922249,954.0752670528932
2020-01-18 02:00:00+00:00,31.2,78.6,3.8119142189059394,31.435226146686034,41.50698714752608,131.49335294244412,872.5148453818717
2020-01-18 02:00:00+00:00,30.7,78.9,0.4360666220604671,3.4040304373180423,26.62343944958013,113.61410377442883,491.22498909366567
2020-01-18 02:00:00+00:00,31.0,78.2,10.88153539932257,16.223442384184594,31.35549423190027,439.01386267508025,1102.583874972484
2020-01-18 02:00:00+00:00,30.8,79.2,7.2643028698585805,9.632779259075553,16.617498231591156,94.35630018610539,555.2216475829907
2020-01-18 03:00:00+00:00,31.0,78.2,5.5582690215969315,19.540206506121056,34.65726011649767,397.60591981734495,1073.144232615166
2020-01-18 03:00:00+00:00,30.7,78.9,5.160041755889284,6.519040014336804,23.565622540829295,116.46642017940655,487.4569235864404
2020-01-18 03:00:00+00:00,29.9,78.9,1.5485089287186642,15.664917198366393,37.74086081462168,138.40660432791708,720.6511136227704
2020-01-18 03:00:00+00:00,30.1,78.3,1.760886669741636,22.5047583783465,32.73306032896584,217.20177785449283,955.6602793697986
2020-01-18 03:00:00+00:00,31.2,78.6,15.51305205188229,39.69269850162438,55.0293942768363,144.00852631518526,886.2793311380389
2020-01-18 03:00:00+00:00,30.3,78.5,20.425897507808177,77.03552602886481,184.98910633972946,930.1433212024208,1872.6559390172413
2020-01-18 03:00:00+00:00,30.5,78.7,41.663107196736384,107.34259989151394,186.06658288679807,290.4790569895416,660.2043422562263
2020-01-18 03:00:00+00:00,30.8,79.2,8.494266075616244,16.08237344611252,22.833132005169176,100.48669838099784,561.983529665987
2020-01-18 04:00:00+00:00,31.2,78.6,19.515802796852974,38.84076906764122,72.21286912418397,159.9892935708944,900.6692232079176
2020-01-18 04:00:00+00:00,30.5,78.7,45.57207019323073,122.35503292657467,208.0031218122898,332.84803860488336,701.2193887418683
2020-01-18 04:00:00+00:00,30.8,79.2,2.3101254066914394,18.068694352166258,22.449264657808826,101.19442471103116,556.3069657615225
2020-01-18 04:00:00+00:00,30.7,78.9,0.15139163162291558,5.747500009572644,23.205888436777023,113.99115391568617,480.8654650847348
2020-01-18 04:00:00+00:00,31.0,78.2,10.658402317171124,27.098206738090646,36.9700928024006,359.11941990027356,1057.9985762853396
2020-01-18 04:00:00+00:00,30.1,78.3,6.439761761836446,21.820503859514712,35.78167019215031,195.5533438065003,961.2912897343399
2020-01-18 04:00:00+00:00,30.3,78.5,22.518707513154666,66.61367080901223,174.59772506820931,902.1012467623729,1881.675198843522
2020-01-18 04:00:00+00:00,29.9,78.9,1.7593980472568245,13.912557936907582,28.745788984907463,130.36231850057882,719.8139894934648
2020-01-18 05:00:00+00:00,30.8,79.2,3.537229079046064,14.341620561353741,23.974399820429305,103.85196416373128,556.7870841766631
2020-01-18 05:00:00+00:00,31.0,78.2,2.514109550638637,18.730780889406713,34.95422327359127,317.12364590631563,1039.819863900114
2020-01-18 05:00:00+00:00,31.2,78.6,13.878179323966847,48.907034172702126,80.34226031938813,171.52317178041275,901.5866564746536
2020-01-18 05:00:00+00:00,30.7,78.9,3.2359311059091302,8.547364493421307,11.951394930739381,116.16771128204599,475.04632613315835
2020-01-18 05:00:00+00:00,29.9,78.9,9.594424690873709,12.902331666849193,32.175678680730755,131.0368844987043,721.0632507785498
2020-01-18 05:00:00+00:00,30.3,78.5,11.18671877992027,54.13132380088313,145.05791231683332,863.5421292298392,1887.6876584713918
2020-01-18 05:00:00+00:00,30.1,78.3,7.324497411124732,15.525145842702813,41.75548880366402,182.1283493326488,961.3418112516405
2020-01-18 05:00:00+00:00,30.5,78.7,55.29584010840704,142.53101749837415,234.34127896146384,383.87204206022034,748.7573439345183
2020-01-18 06:00:00+00:00,29.9,78.9,15.562992714675136,26.916815452805665,42.58173265117206,140.23499771956506,731.1649713659259
2020-01-18 06:00:00+00:00,30.3,78.5,11.522442499518265,45.22786879259321,122.26339482145796,813.405642284319,1891.8125110860458
2020-01-18 06:00:00+00:00,30.5,78.7,50.31995629635772,151.1878665979955,258.5304664895094,429.7746966477415,797.6365841313507
2020-01-18 06:00:00+00:00,31.0,78.2,2.336053307089452,15.508565174899234,35.04877168102025,276.4386423578486,1020.3872253322801
2020-01-18 06:00:00+00:00,31.2,78.6,26.351920282431898,59.74590240325173,99.43860090487607,190.1571002982629,924.3949899734142
2020-01-18 06:00:00+00:00,30.8,79.2,5.576173166488311,11.423527652225808,27.50590109833834,101.13318487529257,556.9448081888493
2020-01-18 06:00:00+00:00,30.1,78.3,2.5761745674579286,16.340433740419105,38.84519211876562,160.94804417914617,961.7799701074626
2020-01-18 06:00:00+00:00,30.7,78.9,7.910555101835949,11.29787783936797,17.81691785370481,116.63675073218222,478.38689605465083
2020-01-18 07:00:00+00:00,30.8,79.2,4.180576122703982,13.293978368238351,31.362672720404618,101.90963752766626,549.0497681272414
2020-01-18 07:00:00+00:00,31.0,78.2,15.652034422588857,20.502197280316967,47.60040401840757,251.30039326260862,1022.2390164223334
2020-01-18 07:00:00+00:00,30.1,78.3,1.0777509030670849,10.978422881649744,32.79892674116446,146.0227329658654,961.6891616611764
2020-01-18 07:00:00+00:00,30.3,78.5,8.959043563847116,31.668204843285665,98.28187565229784,766.1093167896719,1893.3261710996935
2020-01-18 07:00:00+00:00,30.7,78.9,1.8733988563935662,13.019885064138622,18.7673850737113,106.11495934559095,457.653276168479
2020-01-18 07:00:00+00:00,31.2,78.6,16.280886604724863,56.51098621112362,95.35175527876481,204.04910904563167,938.4929059209824
2020-01-18 07:00:00+00:00,29.9,78.9,9.587003975595348,34.74442138114419,48.65697931805178,148.1579739066464,724.463366043238
2020-01-18 07:00:00+00:00,30.5,78.7,46.08973480881734,151.7055312135821,274.06056414015677,475.2610441385435,840.4788166894623
2020-01-18 08:00:00+00:00,29.9,78.9,1.8328917275239867,26.982888417794467,39.88522008464367,143.5188452759188,712.8262952016975
2020-01-18 08:00:00+00:00,30.1,78.3,1.602790284143914,5.256715754668925,20.78186159737174,132.85116850996133,959.6640499233566
2020-01-18 08:00:00+00:00,31.2,78.6,16.729613609335694,59.36242049649247,108.26945466919457,214.8385643100504,954.612055995989
2020-01-18 08:00:00+00:00,30.8,79.2,1.6332353349303534,11.38998462412264,25.731605185476393,99.43088359115592,523.2399572866373
2020-01-18 08:00:00+00:00,30.7,78.9,1.216209284265354,11.000163242494846,19.547527735916187,106.75887757265855,455.6456490398762
2020-01-18 08:00:00+00:00,30.3,78.5,4.257096012388333,24.738582075753726,78.86990587663679,712.9948829714041,1890.8710535379453
2020-01-18 08:00:00+00:00,31.0,78.2,0.9185102180140594,18.90659794769239,37.63737883709906,220.60645358563332,1013.8280803846083
2020-01-18 08:00:00+00:00,30.5,78.7,60.060124133958254,156.4698152391333,299.0008327375075,535.1628435983283,899.0761691577385
2020-01-18 09:00:00+00:00,31.2,78.6,14.0025185474872,47.01301876154777,106.75892116479949,227.81756645326772,967.3543362192893
2020-01-18 09:00:00+00:00,30.8,79.2,8.221979315195048,14.035790772829376,25.459318425055194,91.26114218440028,499.12682539642407
2020-01-18 09:00:00+00:00,30.1,78.3,4.063357233571736,6.743898420782733,23.08433216120184,125.41750208467941,958.5085185367807
2020-01-18 09:00:00+00:00,29.9,78.9,7.839547944528282,19.259443647647615,46.17625910045328,145.15183310406522,704.0966666834189
2020-01-18 09:00:00+00:00,30.3,78.5,6.357822671035871,19.573962247271332,64.8018310398645,673.3934764663567,1883.4143818472921
2020-01-18 09:00:00+00:00,31.0,78.2,2.8258281629521695,19.39637280355511,34.9049379784543,195.76507453017174,1001.5943927383662
2020-01-18 09:00:00+00:00,30.5,78.7,43.496065155594316,149.6459240983699,300.8337906963654,565.7029268795175,938.3717868066427
2020-01-18 09:00:00+00:00,30.7,78.9,12.284307657032786,15.373915797691682,26.671793637059686,116.03050114129354,466.8449817991392
2020-01-18 10:00:00+00:00,31.0,78.2,7.835564227589919,11.57990260855617,32.082099888873095,179.6012703929154,998.2475131243704
2020-01-18 10:00:00+00:00,30.8,79.2,3.5121484255639346,13.367363075689328,26.66134144392769,92.97610953225578,461.36894783346645
2020-01-18 10:00:00+00:00,29.9,78.9,3.9877983026926196,13.660237974744884,48.40465935588908,141.71311874102372,698.5715521067431
2020-01-18 10:00:00+00:00,31.2,78.6,15.373864767348767,46.10599692417168,102.61698313529527,234.68923830598717,979.2517936152877
2020-01-18 10:00:00+00:00,30.7,78.9,2.404799291590195,15.90531623288831,28.925201297026966,115.1240513934706,450.02918363002055
2020-01-18 10:00:00+00:00,30.3,78.5,3.369677729814235,13.984596413238453,45.65280125652406,635.6333578479569,1872.3903946227053
2020-01-18 10:00:00+00:00,30.5,78.7,38.37351101147577,141.92970030102833,293.63523151461044,600.9868475897822,970.4769586292555
2020-01-18 10:00:00+00:00,30.1,78.3,2.1377008720681445,7.803848389783792,18.782271271433537,122.20426161240314,948.8798327166222
2020-01-18 11:00:00+00:00,30.7,78.9,1.3236050608511238,16.012712009474082,27.01287525196896,114.2460874390125,449.42834998069605
2020-01-18 11:00:00+00:00,30.5,78.7,36.26432750395409,118.13390367102419,274.6037189101575,627.6157821806066,997.4582663293082
2020-01-18 11:00:00+00:00,31.0,78.2,3.9281271786810295,14.589519569223139,33.49611751691549,165.86031760609077,999.100724424422
2020-01-18 11:00:00+00:00,30.8,79.2,4.223391252010196,15.957518992769172,27.34750361689182,93.05105767914064,444.4791148714867
2020-01-18 11:00:00+00:00,29.9,78.9,3.542652312505339,15.369998559726238,42.35288697752071,140.26068131411725,691.5962983743237
2020-01-18 11:00:00+00:00,31.2,78.6,25.41474149500029,54.79112480983627,114.15354530632871,256.3906900445204,1001.1171848462385
2020-01-18 11:00:00+00:00,30.1,78.3,4.0797333884109355,10.280791494050813,15.537507248719743,121.86490244099603,951.6627922071549
2020-01-18 11:00:00+00:00,30.3,78.5,4.331265657608099,14.058766058458218,38.79734813421189,603.9383454219166,1858.7988096148945
2020-01-18 12:00:00+00:00,30.7,78.9,3.291276540820439,7.019680893261732,22.393596690953448,114.84409325031864,436.53543945968795
2020-01-18 12:00:00+00:00,30.8,79.2,5.109643012623943,12.845182690198067,26.880973463027455,98.04029914909809,443.1759306473773
2020-01-18 12:00:00+00:00,29.9,78.9,2.540530552091238,10.070981167289194,29.330424814936816,139.47752891532696,664.3524208684803
2020-01-18 12:00:00+00:00,30.1,78.3,9.577507375257955,15.794941635737032,22.53884005651977,126.99654752391099,955.6525547624913
2020-01-18 12:00:00+00:00,30.3,78.5,5.480584122035387,13.181527509457734,32.75548975672901,569.69040582178,1840.776527093361
2020-01-18 12:00:00+00:00,30.5,78.7,27.898961677928295,102.53680019335818,252.18272429172808,654.933495103962,1021.1068883201667
2020-01-18 12:00:00+00:00,31.0,78.2,5.538327650768411,17.30201905703938,36.69839186059445,154.88966918480688,999.9332271557158
2020-01-18 12:00:00+00:00,31.2,78.6,8.975063690191009,49.76366995254008,96.77668871408781,263.7605668318555,999.731242871684
2020-01-18 13:00:00+00:00,30.8,79.2,12.67437360536528,22.007407869999412,35.37477094568875,103.59450075066754,450.46217803257406
2020-01-18 13:00:00+00:00,31.0,78.2,3.0893668871332,12.555821716582663,24.13572432513879,138.74621333032758,996.3422351254628
2020-01-18 13:00:00+00:00,30.5,78.7,18.952816800618074,83.11610598250046,225.0458062835288,668.8583282722785,1035.6645943724982
2020-01-18 13:00:00+00:00,29.9,78.9,4.573035630605959,10.656218495202534,24.316456469947425,143.6928981358207,653.4526585656992
2020-01-18 13:00:00+00:00,30.1,78.3,6.374475343281222,20.03171610695011,27.83556449673391,121.69557134122961,960.6581374257255
2020-01-18 13:00:00+00:00,30.7,78.9,1.0931033582628364,5.707984959934375,21.613301192822718,108.06805063295376,436.13604452363126
2020-01-18 13:00:00+00:00,30.3,78.5,4.356903453878247,14.168753233521747,28.15334964676014,544.2879887915927,1817.3201786286588
2020-01-18 13:00:00+00:00,31.2,78.6,4.8322043758843725,39.22200956107568,85.32800648524733,267.05810951883956,982.5841109929764
2020-01-18 14:00:00+00:00,30.1,78.3,13.725923130078787,29.67790584861796,39.958697342668785,123.69592638542488,969.4241075544476
2020-01-18 14:00:00+00:00,30.7,78.9,5.052751940850266,9.437131839933517,25.44984384940763,111.26075012647014,440.74733208910243
2020-01-18 14:00:00+00:00,31.0,78.2,13.14483403471255,21.772528572614185,36.36204814183728,142.44439645885774,1004.7586346510892
2020-01-18 14:00:00+00:00,31.2,78.6,4.463336843536397,18.27060490961179,73.06172971944802,260.23217551823865,964.4045953739145
2020-01-18 14:00:00+00:00,29.9,78.9,3.2114828440261007,10.325049026723295,25.695047586449537,141.7874574773337,631.67181582705
2020-01-18 14:00:00+00:00,30.5,78.7,28.993193293939726,75.8449717724861,193.97887544351028,693.6896467898282,1060.469570607737
2020-01-18 14:00:00+00:00,30.8,79.2,2.6008432678252835,20.384859885814503,36.34237887858368,103.48791174312484,443.9643721257334
2020-01-18 14:00:00+00:00,30.3,78.5,4.9457404254579975,14.783228001371647,28.84199405982981,522.1213507378395,1791.5458478515307
2020-01-18 15:00:00+00:00,30.1,78.3,16.448823165889557,36.549221639249566,52.3441632749866,127.99494027442469,984.5183973963633
2020-01-18 15:00:00+00:00,30.3,78.5,4.608876050171519,13.911519929507776,27.093047438965456,499.4827125898373,1762.2451402473027
2020-01-18 15:00:00+00:00,29.9,78.9,10.937815483255372,18.72233395788743,28.79331512517663,141.27005084486512,616.6217143746737
2020-01-18 15:00:00+00:00,31.0,78.2,5.594021379829942,21.828222301675712,39.130241358715054,140.31975576499835,1007.7325438268113
2020-01-18 15:00:00+00:00,30.7,78.9,3.564155708401336,9.710011007514414,16.72969190077618,103.09567085313037,440.59287628809875
2020-01-18 15:00:00+00:00,31.2,78.6,5.567516336713283,14.863057556134066,64.62672750867412,249.06004099406954,928.942029032628
2020-01-18 15:00:00+00:00,30.8,79.2,2.2638793429311037,17.53909621612166,30.38427890631974,101.2222125827994,429.44277625046135
2020-01-18 15:00:00+00:00,30.5,78.7,13.82764405364339,61.77365414820119,164.31045434155934,703.8201470031734,1071.2871580418725
2020-01-18 16:00:00+00:00,31.2,78.6,6.218651421141599,16.249504601391294,55.471514162466946,249.2091407797235,900.544667103663
2020-01-18 16:00:00+00:00,30.8,79.2,3.279616678960257,8.144339289716637,30.151747159716063,103.03198323511175,428.3241940380357
2020-01-18 16:00:00+00:00,29.9,78.9,5.180998283385735,19.330296610667205,29.986515105869742,145.01562760313556,594.421297800648
2020-01-18 16:00:00+00:00,30.1,78.3,16.47230132047805,46.647047616446386,66.67876372339651,141.28641648233858,1000.3431026404717
2020-01-18 16:00:00+00:00,30.5,78.7,8.882838002302321,51.703675349885444,134.8197813323859,709.6225737751947,1078.2994417016714
2020-01-18 16:00:00+00:00,30.7,78.9,10.560074336675248,19.176981985926826,24.884966945861237,109.59990256595376,442.85275987035504
2020-01-18 16:00:00+00:00,31.0,78.2,15.291590022845012,34.03044543738753,46.58626715397014,151.91741343289425,1020.9856766916901
2020-01-18 16:00:00+00:00,30.3,78.5,14.182553140504107,23.737169616133638,37.905922849655326,468.6070900897395,1728.94327519354
2020-01-18 17:00:00+00:00,31.2,78.6,1.9660381406378458,13.752205898492743,32.02281080810451,249.84532460777908,873.4641507884386
2020-01-18 17:00:00+00:00,30.1,78.3,29.31283394233303,62.23395842870063,91.9118642773186,166.8475953471681,1017.5175345963878
2020-01-18 17:00:00+00:00,30.5,78.7,6.277476364412049,28.987958420357767,104.83293019284386,711.5157322080499,1080.6390790012551
2020-01-18 17:00:00+00:00,29.9,78.9,6.030077971078874,22.14889173771998,32.47394076444328,146.09375090486625,571.1190888414188
2020-01-18 17:00:00+00:00,30.7,78.9,4.959495985446182,19.08372603052274,28.520857870456293,112.43674453647134,447.27829389015784
2020-01-18 17:00:00+00:00,30.8,79.2,2.14234730046262,7.685843322353975,28.070703208168485,104.49640783996635,426.4040414614614
2020-01-18 17:00:00+00:00,30.3,78.5,3.1146645139724884,21.90609370464813,36.68932170601971,440.42365300838196,1690.6469691346529
2020-01-18 17:00:00+00:00,31.0,78.2,11.02859609665755,31.914207499332527,53.68673607194666,157.38187541513045,1018.4602629934818
2020-01-18 18:00:00+00:00,30.5,78.7,5.630266774931766,20.790581141646143,82.56423528984733,702.9481581716353,1081.864856314608
2020-01-18 18:00:00+00:00,30.1,78.3,27.652902583062875,73.43803784587395,109.98725948512353,186.6908171837396,1035.486066667077
2020-01-18 18:00:00+00:00,30.3,78.5,12.528647564675286,29.825865219151897,43.73738514865961,416.2109954086866,1653.834225368497
2020-01-18 18:00:00+00:00,31.2,78.6,1.0784194418872253,9.263109003666685,24.126166559800726,249.26247988029397,855.9667328838021
2020-01-18 18:00:00+00:00,30.7,78.9,2.1046584258687924,17.6242287479902,27.334239755504647,104.56216025101614,446.653594485489
2020-01-18 18:00:00+00:00,29.9,78.9,6.149865560810278,17.360941815274884,36.08327577316232,147.85627500650702,543.8555122680082
2020-01-18 18:00:00+00:00,31.0,78.2,17.173003760062965,43.49318987956555,65.32141218124121,166.96361367018892,1031.2940809801296
2020-01-18 18:00:00+00:00,30.8,79.2,3.6687691486556484,9.090733128078519,26.62982934420019,102.57179698299106,426.9149667447791
2020-01-18 19:00:00+00:00,29.9,78.9,10.903648190287463,23.083591722176614,42.413888332843825,147.0227332525822,525.9539203148352
2020-01-18 19:00:00+00:00,30.8,79.2,10.494871179385049,16.30598762850331,24.45032691821996,110.74311503575882,435.6099576338498
2020-01-18 19:00:00+00:00,30.1,78.3,43.33259866110781,100.29833518650372,146.94538280295012,228.11605825331338,1077.5037614047726
2020-01-18 19:00:00+00:00,30.7,78.9,12.726263956454526,19.790418367769476,38.967400353696334,116.90686313103288,456.767940312782
2020-01-18 19:00:00+00:00,31.0,78.2,18.711592204122574,46.91319206084311,80.9436374982306,176.9102996856654,1042.8346062706921
2020-01-18 19:00:00+00:00,30.3,78.5,9.641783479873547,25.285095558521334,49.02226517465492,388.38496805030735,1623.8530223043263
2020-01-18 19:00:00+00:00,30.5,78.7,2.523651648193829,14.43139478753765,66.13507013742309,698.9669567872079,1078.6966103679779
2020-01-18 19:00:00+00:00,31.2,78.6,8.085906449127961,11.130364031653045,27.37986863304431,252.41133522800413,849.6527422959343
2020-01-18 20:00:00+00:00,30.7,78.9,1.3024163473422516,16.133338729665546,35.21706476018832,106.83787579509233,445.83969261921453
2020-01-18 20:00:00+00:00,31.0,78.2,20.86018912710798,56.74478509129354,88.65899259062603,194.01391380146265,1052.3094822820906
2020-01-18 20:00:00+00:00,29.9,78.9,2.4863664120514053,19.539880163149142,41.68877190086913,144.991093210947,502.76609431433496
2020-01-18 20:00:00+00:00,31.2,78.6,7.068269780863881,16.232595671879082,29.984801570371797,252.82297310654047,845.2010194361914
2020-01-18 20:00:00+00:00,30.8,79.2,4.525211970863815,18.688852298904507,26.374695621258493,105.06617791690972,432.0650801836678
2020-01-18 20:00:00+00:00,30.3,78.5,15.379141874101615,37.54957291865046,59.455666623298534,365.52169185019693,1595.0566819541484
2020-01-18 20:00:00+00:00,30.5,78.7,4.2424278122285735,12.396346235354175,41.38430465571193,694.0541631577881,1081.8896531199846
2020-01-18 20:00:00+00:00,30.1,78.3,40.94517130009283,111.93067254426352,174.16463097296415,266.5146742527677,1115.9448265756905
2020-01-18 21:00:00+00:00,30.7,78.9,8.221804714621081,22.250485018417834,39.87471376640807,106.84182184507328,453.29471406484134
2020-01-18 21:00:00+00:00,31.0,78.2,31.500274023517942,71.07205535474851,114.56524523431403,223.25768468798103,1060.5453955299163
2020-01-18 21:00:00+00:00,30.5,78.7,2.438977253541741,9.20505671396415,29.995637855610287,681.2064657803331,1083.3778504851934
2020-01-18 21:00:00+00:00,31.2,78.6,3.2297584426412493,18.383934672633103,27.64704367629976,254.06208662660964,843.9282963896228
2020-01-18 21:00:00+00:00,30.1,78.3,43.279151811145226,127.55692177234587,200.9949596182198,309.1565153833741,1153.90542537804
2020-01-18 21:00:00+00:00,30.3,78.5,13.87073444438601,38.89165979836119,68.71752501751303,345.6015098360725,1568.869356493331
2020-01-18 21:00:00+00:00,29.9,78.9,8.125273287923942,21.515287890262808,38.876229705537696,151.5866647457893,488.2708637734669
2020-01-18 21:00:00+00:00,30.8,79.2,2.2666672104388415,17.286750360687698,26.37748348876623,105.05421282531034,431.56421148494655
2020-01-18 22:00:00+00:00,30.1,78.3,44.00433197533678,128.22865508657483,228.52699027307855,349.76969546005887,1192.8142136569234
2020-01-18 22:00:00+00:00,30.7,78.9,2.306831862131765,11.831052924095072,31.621471291864584,108.63752797152986,437.250818460576
2020-01-18 22:00:00+00:00,30.5,78.7,4.5568731031671135,11.238278168937434,25.66967295647508,662.1278076157612,1078.2079174569458
2020-01-18 22:00:00+00:00,30.3,78.5,17.851963580412253,47.1018398988999,72.38693545742117,330.54338463181,1556.8411114270968
2020-01-18 22:00:00+00:00,29.9,78.9,2.9031330729605953,13.514772772935942,36.59836449511256,143.73532794177885,472.8370612282034
2020-01-18 22:00:00+00:00,31.0,78.2,64.57864018175054,116.93910333237648,163.85229539321955,279.4907552384634,1094.5688300292545
2020-01-18 22:00:00+00:00,31.2,78.6,3.903995950829015,14.202024174334158,25.33238820598718,255.63375462793337,841.8219058192726
2020-01-18 22:00:00+00:00,30.8,79.2,7.642625794347951,14.4345049756506,30.740492604153925,110.0028458656065,437.94114071265983
2020-01-18 23:00:00+00:00,31.2,78.6,6.664885998954486,13.798640392424764,30.03123606430382,256.5498524981252,845.8181630546965
2020-01-18 23:00:00+00:00,30.3,78.5,28.4434366032937,60.16613462809198,97.71570754674238,318.2602897038074,1552.2223513532933
2020-01-18 23:00:00+00:00,30.5,78.7,7.173428667070427,14.16927902377929,26.565625259133455,640.3435533235986,1082.39971380583
2020-01-18 23:00:00+00:00,31.0,78.2,73.23375885082054,169.31267305608904,226.05745814738253,348.19453500983593,1136.563774779837
2020-01-18 23:00:00+00:00,30.8,79.2,3.4110706627510226,13.320363667537809,32.009215966442326,111.40182261193195,435.181276600704
2020-01-18 23:00:00+00:00,30.7,78.9,9.053734557576167,19.582371134328987,35.71570986399457,103.20083791715926,432.76123785822483
2020-01-18 23:00:00+00:00,29.9,78.9,4.652050895022228,15.680457255906763,35.220337419055916,142.22284384175066,455.4782055248532
2020-01-18 23:00:00+00:00,30.1,78.3,47.72939664242504,135.01288042890704,246.94355297317057,396.14841330287294,1234.1503501753293
2020-01-19 00:00:00+00:00,30.8,79.2,3.585181448110503,14.638877905209469,31.92562826589718,112.94233217146318,433.0805611533156
2020-01-19 00:00:00+00:00,31.2,78.6,1.7229651556259098,12.291847105409424,30.675781778042502,251.01723795680715,840.9065328388431
2020-01-19 00:00:00+00:00,30.5,78.7,11.849448969308238,23.579750739545787,32.78480745350993,626.0622335245947,1093.2388345898753
2020-01-19 00:00:00+00:00,30.1,78.3,46.32318568340217,138.056914301164,265.61383607350984,436.9851277339188,1274.482126362705
2020-01-19 00:00:00+00:00,30.3,78.5,30.183088124276182,76.47848830798215,115.37014810634328,314.12641783319,1558.5770339828102
2020-01-19 00:00:00+00:00,29.9,78.9,4.244308716854976,11.799492684837798,33.314780575100606,141.3102138143718,438.66106864282233
2020-01-19 00:00:00+00:00,30.7,78.9,3.017867140787589,14.378433560495495,36.628918578913364,104.17367287907632,430.13077768932015
2020-01-19 00:00:00+00:00,31.0,78.2,86.01499694133685,223.82739597390795,294.8994513286564,431.9680270515123,1187.3756793010145
2020-01-19 01:00:00+00:00,30.3,78.5,32.93829031984362,91.5648150474135,138.66665494631334,314.12414542002637,1570.4829363740134
2020-01-19 01:00:00+00:00,30.1,78.3,42.29255071016595,136.34513303599317,264.573788122568,472.15366216341647,1315.7028378325524
2020-01-19 01:00:00+00:00,31.0,78.2,78.59070787756056,237.83946366971796,354.7785670020944,507.45833284387135,1245.0938526574541
2020-01-19 01:00:00+00:00,30.7,78.9,1.755086554571132,13.826688252934861,25.65774117702997,105.00582779726038,430.4640985002553
2020-01-19 01:00:00+00:00,30.5,78.7,1.2870979627458432,20.309975599124517,31.54825376806194,596.7896943291705,1091.831702087176
2020-01-19 01:00:00+00:00,31.2,78.6,3.177761565420506,11.565612720000916,25.76763689433505,233.8272672913915,816.5790373736431
2020-01-19 01:00:00+00:00,29.9,78.9,11.417400155445911,20.313759767323113,33.82853254025906,149.21585666110207,440.5539401877125
2020-01-19 01:00:00+00:00,30.8,79.2,1.3661550573352679,8.362407168196786,22.7969121438474,113.98468272816073,429.6118995705501
2020-01-19 02:00:00+00:00,30.5,78.7,1.1959954681334675,14.332542400187556,28.501821423966838,562.8658342606965,1091.8189714097045
2020-01-19 02:00:00+00:00,31.0,78.2,57.172876811968855,221.77858163086628,391.09125468695527,553.7496742565177,1292.1208945499948
2020-01-19 02:00:00+00:00,31.2,78.6,1.7938548974956832,6.694581618542111,20.49322201096685,231.80920796998126,796.4366951348478
2020-01-19 02:00:00+00:00,30.7,78.9,5.207547662167888,9.980501357526581,29.562872491855607,109.7773088373678,434.03250838644107
2020-01-19 02:00:00+00:00,30.1,78.3,37.73707529203865,126.35281168560678,261.3656921145138,496.27088202751844,1350.379403664025
2020-01-19 02:00:00+00:00,30.3,78.5,39.54487893841509,102.6662573825349,162.83239201062682,329.9999585703921,1594.791619212514
2020-01-19 02:00:00+00:00,30.8,79.2,8.646587408527386,13.59792391397315,26.918287581510974,115.36696726682953,422.2627877365276
2020-01-19 02:00:00+00:00,29.9,78.9,17.642930677411186,33.30463954971207,48.98509680561884,156.25413637758118,451.2815213315231
2020-01-19 03:00:00+00:00,30.7,78.9,2.287194701923543,9.249828918662537,23.62826247915807,106.90446178340206,436.0960062922456
2020-01-19 03:00:00+00:00,30.3,78.5,43.73552028124747,116.21868953950619,192.69717784748826,353.3095813438314,1611.7292712954136
2020-01-19 03:00:00+00:00,30.8,79.2,7.542572030182066,17.555314496044712,32.1941924012542,114.41527322139537,412.61514309675084
2020-01-19 03:00:00+00:00,30.5,78.7,6.284426301524261,8.76751973240358,32.34727047194936,527.4871533654843,1092.8834432376595
2020-01-19 03:00:00+00:00,31.2,78.6,14.847994188696223,19.819610651612425,32.111457757021824,231.1441501067952,782.2267652732825
2020-01-19 03:00:00+00:00,30.1,78.3,33.2967277797815,113.32635378198609,251.38326808315009,527.8067231375583,1378.0162516990838
2020-01-19 03:00:00+00:00,29.9,78.9,12.723434817631901,41.783765650489,53.5832583353268,167.4290622664944,456.646880039867
2020-01-19 03:00:00+00:00,31.0,78.2,42.71495231863776,178.47853700816722,402.3059329820751,590.9063575535585,1327.523001066742
2020-01-19 04:00:00+00:00,30.7,78.9,0.9482880180417123,8.443030382133117,22.269718635068017,107.70135816982086,436.1581622161051
2020-01-19 04:00:00+00:00,30.5,78.7,7.376375375766533,14.85679714542427,35.16677274454877,489.29145854802016,1093.333622806676
2020-01-19 04:00:00+00:00,30.1,78.3,28.26572863883644,99.29953171065658,235.64466474664974,549.6326900145583,1404.9700106355938
2020-01-19 04:00:00+00:00,31.0,78.2,34.00493121617378,133.89276034678042,371.7322240164984,614.2528864525611,1359.6104853839674
2020-01-19 04:00:00+00:00,29.9,78.9,5.42508196472197,35.79144745976506,56.10520722708817,171.09474618395956,458.9698763447614
2020-01-19 04:00:00+00:00,30.8,79.2,9.752310035548811,25.941469474258255,34.30387664245505,121.85745785025273,394.1096227930311
2020-01-19 04:00:00+00:00,30.3,78.5,42.802118560019395,126.08251777968195,217.64733282709543,373.59299239069605,1639.3731216423478
2020-01-19 04:00:00+00:00,31.2,78.6,4.153080435532593,20.794929521724512,32.3605422417254,215.7814277454748,746.3463796944111
2020-01-19 05:00:00+00:00,31.0,78.2,37.284075252922136,114.00395878773372,335.7825404185999,649.0228521548446,1384.9241782773718
2020-01-19 05:00:00+00:00,30.3,78.5,43.6522121479536,130.18985098922047,232.8561083717553,406.0584857587294,1676.6644934903318
2020-01-19 05:00:00+00:00,30.1,78.3,22.596870804604652,84.15932722322259,210.51213890882937,564.9050634080382,1426.355132347156
2020-01-19 05:00:00+00:00,30.5,78.7,0.2143940918032816,13.875195769094082,28.207738169281633,434.2100125314164,1084.4695694796976
2020-01-19 05:00:00+00:00,31.2,78.6,13.68463497149585,32.68570959572468,39.38029121426676,215.5878833930038,706.1744157587272
2020-01-19 05:00:00+00:00,30.7,78.9,1.123825984714396,4.359308704679624,14.339810062206245,105.58925304862612,431.6551817807241
2020-01-19 05:00:00+00:00,30.8,79.2,5.846507834766357,23.141389900497227,36.73931381447039,124.16673660597304,367.12861054138244
2020-01-19 05:00:00+00:00,29.9,78.9,0.37746297545387475,18.525979757807747,51.83061930751982,161.87778446853972,457.8401727285145
2020-01-19 06:00:00+00:00,30.3,78.5,53.72167360020809,140.1760043081811,256.3946938476872,448.25771685941925,1726.8967377514648
2020-01-19 06:00:00+00:00,31.2,78.6,0.8468404751616407,18.6845558821901,38.5041665338025,190.08280358573353,647.7642987934062
2020-01-19 06:00:00+00:00,30.5,78.7,9.797245121851288,17.38801458942111,26.155534321824682,393.68730135691,1074.0490035802486
2020-01-19 06:00:00+00:00,30.7,78.9,7.641023439464565,9.713137442220646,18.96296636088322,105.31972138625474,434.18390805804523
2020-01-19 06:00:00+00:00,31.0,78.2,30.49215644821099,101.78116291730694,280.2596999254741,677.1789552959661,1413.5489266143763
2020-01-19 06:00:00+00:00,30.8,79.2,15.498221266393614,31.097039136708776,48.6523536327535,134.08878470587834,355.54597362155306
2020-01-19 06:00:00+00:00,29.9,78.9,2.660065944885691,8.462610885061537,50.24637653555053,148.9748576987503,449.9929224303102
2020-01-19 06:00:00+00:00,30.1,78.3,31.121480312333176,81.98407975577427,195.31043353776036,593.4503691529136,1449.010313265322
2020-01-19 07:00:00+00:00,31.0,78.2,23.05547789207125,90.8317095932044,224.72446993998477,684.5823987654486,1424.8095782453022
2020-01-19 07:00:00+00:00,29.9,78.9,8.76486355217868,11.802392472518244,47.5938399322833,148.1527172753336,446.313304213523
2020-01-19 07:00:00+00:00,30.8,79.2,7.719483060789429,29.064212161949392,55.00568163620767,137.6276916439638,346.16834648530704
2020-01-19 07:00:00+00:00,30.3,78.5,45.914985267931165,143.28887101609286,269.3713887957748,485.21365856350326,1764.3043685633334
2020-01-19 07:00:00+00:00,30.5,78.7,2.6304452751099947,12.642084488764572,27.498881634188834,350.2280118232026,1073.6010668064316
2020-01-19 07:00:00+00:00,30.7,78.9,3.1497056249962627,11.914555049175197,20.35758543130835,106.59602815485744,435.8171164085665
2020-01-19 07:00:00+00:00,30.1,78.3,16.8104808529929,70.52883196993074,169.8283636805873,609.1830991028394,1462.147089439078
2020-01-19 07:00:00+00:00,31.2,78.6,13.262613572366135,27.794089019023637,48.58901854074812,187.06453055337482,611.3507845075892
2020-01-19 08:00:00+00:00,29.9,78.9,0.47543217257805825,11.900361669642427,30.426341427450176,146.79525772038767,438.12616737157424
2020-01-19 08:00:00+00:00,30.5,78.7,8.097351331141471,20.525041728102764,34.40023749719684,298.2652390203858,1071.6063926383372
2020-01-19 08:00:00+00:00,30.8,79.2,18.9468143971959,42.16451872437894,65.30590862487618,154.94127070622932,347.0386439203149
2020-01-19 08:00:00+00:00,30.7,78.9,5.266747035748082,16.057476100208884,20.416784804888547,110.64656590634017,432.4951683735568
2020-01-19 08:00:00+00:00,30.1,78.3,10.000274575808605,57.93223574113468,142.09156296435725,617.5805833945041,1468.07329401418
2020-01-19 08:00:00+00:00,31.0,78.2,30.4346154744348,83.98224981471706,197.98620860245072,714.0985040218693,1453.4678722378887
2020-01-19 08:00:00+00:00,30.3,78.5,28.512318627724543,128.1489774958638,258.33882848508426,509.4688811788395,1774.884497006831
2020-01-19 08:00:00+00:00,31.2,78.6,3.275755998013309,17.385210045541097,50.070919641265746,173.61067294205242,570.0898211560493
2020-01-19 09:00:00+00:00,30.8,79.2,21.28425855049515,47.950556008480476,79.04759514518926,168.00354994152943,365.0558711454809
2020-01-19 09:00:00+00:00,31.2,78.6,2.08510735727417,18.623476927653627,37.308032809843695,161.6932617518394,543.9938615072663
2020-01-19 09:00:00+00:00,30.3,78.5,25.471707866040017,99.89901176169573,240.07501606987677,528.5827663738437,1797.2990116129813
2020-01-19 09:00:00+00:00,30.5,78.7,1.0841147051709552,11.81191131142243,29.199925900843528,255.8532885699625,1070.194196711137
2020-01-19 09:00:00+00:00,31.0,78.2,26.57381338398011,80.06390675048618,181.84506966779304,737.8464892428972,1479.0026958262795
2020-01-19 09:00:00+00:00,30.1,78.3,10.050501145073842,36.861256573875345,118.84533632964961,623.5677273060061,1474.7386655023377
2020-01-19 09:00:00+00:00,29.9,78.9,1.6822881217107495,10.922583846467488,19.385194731529023,140.63799789757013,432.19367128309824
2020-01-19 09:00:00+00:00,30.7,78.9,2.714362802363674,11.130815463107993,20.843952905328678,101.07662105167105,430.31872667042967
2020-01-19 10:00:00+00:00,31.0,78.2,22.144849919115988,79.15327877753091,169.98498837073527,752.1557749344233,1500.0996695735876
2020-01-19 10:00:00+00:00,30.8,79.2,32.580476869942935,72.81154981763397,101.87576197958339,197.0718783859084,390.2932310908392
2020-01-19 10:00:00+00:00,30.5,78.7,5.417822634020166,14.5992886703326,27.241373159097165,222.8976001925069,1069.316175890636
2020-01-19 10:00:00+00:00,29.9,78.9,5.7956740870565815,7.953394381345388,19.755786853863633,142.4458736819341,433.784491416063
2020-01-19 10:00:00+00:00,30.3,78.5,16.331459480843947,70.31548597460852,213.60435699070132,541.5445481248734,1807.7383176508588
2020-01-19 10:00:00+00:00,30.7,78.9,4.294207449019111,12.275317287130841,24.189872336306077,102.96602920909996,430.8783541397907
2020-01-19 10:00:00+00:00,30.1,78.3,4.086236861224238,24.137012582106685,94.66584455203741,625.5162632951622,1468.2285359321218
2020-01-19 10:00:00+00:00,31.2,78.6,8.13784754085097,13.498710896138464,41.29279991516208,154.4572445253416,533.2195714766311
2020-01-19 11:00:00+00:00,31.0,78.2,29.13975846865399,77.85842177175012,161.84067158646712,777.3674062243962,1517.8253686825249
2020-01-19 11:00:00+00:00,30.5,78.7,6.514254092865341,13.01619143205647,33.54123316015922,193.14752678141815,1068.5261324307526
2020-01-19 11:00:00+00:00,30.7,78.9,20.1081576543514,27.11672790573416,43.17420400594308,121.75058180260024,447.7844772616967
2020-01-19 11:00:00+00:00,30.3,78.5,14.600939686194096,56.40410703307807,184.55308452894184,551.8142221534594,1821.470474418473
2020-01-19 11:00:00+00:00,30.1,78.3,4.4531979319958745,18.589935938293955,76.52217167942862,625.8897278387471,1461.3393035427732
2020-01-19 11:00:00+00:00,30.8,79.2,35.65222332360938,89.51695874404746,131.6814774684264,228.50071045750758,418.81767917289125
2020-01-19 11:00:00+00:00,29.9,78.9,4.854128070176123,12.332090278943452,24.232451948585883,143.7573494396049,428.3959904848912
2020-01-19 11:00:00+00:00,31.2,78.6,1.0010165818347672,11.223971479959921,28.609181525500993,130.04351961217608,519.3209562063598
2020-01-19 12:00:00+00:00,31.2,78.6,4.596490885799905,13.735355008485655,32.358831936139254,125.66494680778497,507.2864802905311
2020-01-19 12:00:00+00:00,30.3,78.5,8.887842922512796,39.820242089550845,139.71925385124655,555.2214809539367,1829.1912383766294
2020-01-19 12:00:00+00:00,30.8,79.2,46.48454792930016,114.71724812285245,162.66780413133296,269.87561537418384,459.3648500810778
2020-01-19 12:00:00+00:00,30.5,78.7,2.741580842121519,14.673657569007034,26.485568880429454,167.99014594561135,1050.4233332597028
2020-01-19 12:00:00+00:00,29.9,78.9,0.327853010821322,10.977655168054024,21.900239014521514,141.54467189833497,427.0333238122698
2020-01-19 12:00:00+00:00,30.7,78.9,6.467325158505542,30.869690261876023,42.00050572498406,124.92663042028535,452.1284186547219
2020-01-19 12:00:00+00:00,31.0,78.2,24.979677159801177,76.26428554757119,156.32819229805733,796.808755733429,1535.3847019737157
2020-01-19 12:00:00+00:00,30.1,78.3,6.512932146835751,15.052366940055864,51.91362351393121,622.825152610325,1456.1130558961304
2020-01-19 13:00:00+00:00,31.0,78.2,28.98452336452992,83.10395899298511,162.25723777051599,822.7039122108258,1559.3127008304907
2020-01-19 13:00:00+00:00,30.8,79.2,44.786441919652795,126.92321317256233,199.73476299019632,301.9876836884713,504.1292317654806
2020-01-19 13:00:00+00:00,30.1,78.3,6.452704312542314,17.418834391373938,41.55584697348063,622.903381579586,1448.4840990753914
2020-01-19 13:00:00+00:00,29.9,78.9,2.3042743639273437,7.486255444924787,15.439649826270177,139.27591063165636,421.4885386133269
2020-01-19 13:00:00+00:00,30.3,78.5,6.710191143219885,30.198973751926783,100.51445972653525,557.5747686432784,1826.6812162669341
2020-01-19 13:00:00+00:00,31.2,78.6,1.1154008748264637,6.71290834246115,20.21161923859958,121.94814330672706,499.9111553362573
2020-01-19 13:00:00+00:00,30.7,78.9,7.961178224939945,34.536661037796854,46.811978324927736,131.79470528696245,451.4218294046779
2020-01-19 13:00:00+00:00,30.5,78.7,3.0044334597266475,12.260268394713515,26.859557065046108,152.04176260471996,1024.523287289531
2020-01-19 14:00:00+00:00,31.0,78.2,29.36139671272506,83.32559723705619,161.18401900880625,838.9204748888383,1587.8836109546608
2020-01-19 14:00:00+00:00,29.9,78.9,4.238248444092756,6.87037581884142,19.202466097784875,140.302676231723,420.66911216597805
2020-01-19 14:00:00+00:00,30.7,78.9,5.581324076241079,20.009827459686537,47.126555365420735,132.32327742235327,447.1419631576001
2020-01-19 14:00:00+00:00,30.5,78.7,0.4576056760861419,6.2036199779343155,19.21981140999078,123.50617498686636,980.7363313544718
2020-01-19 14:00:00+00:00,30.1,78.3,7.555552191614083,20.521188650992148,39.1111245892861,616.7330106411214,1445.5868749306128
2020-01-19 14:00:00+00:00,30.8,79.2,40.16340093038019,131.43439077933314,220.9513495233806,339.5502413510262,542.9561338463075
2020-01-19 14:00:00+00:00,30.3,78.5,11.062116843971348,26.660150909704036,83.06425794278206,563.6911450617918,1828.8321785676044
2020-01-19 14:00:00+00:00,31.2,78.6,9.83517721458689,15.547068975213273,26.771040455173168,127.31998367777756,506.37780042985867
2020-01-19 15:00:00+00:00,29.9,78.9,3.246761488056271,9.789284296076369,20.766939464130395,132.6116222365239,416.67845413793265
2020-01-19 15:00:00+00:00,30.7,78.9,3.747222420214892,17.28972472139589,48.15941498327195,132.50634413416682,432.9589477929697
2020-01-19 15:00:00+00:00,30.5,78.7,2.461126777057865,5.923165912870662,20.59682348187769,112.13965771028084,951.5672233287405
2020-01-19 15:00:00+00:00,30.1,78.3,0.34887296297589593,14.357129467132292,29.409496407188158,600.6330604382076,1430.5633870428774
2020-01-19 15:00:00+00:00,31.2,78.6,1.439700385024817,12.390278474438187,26.125633482923813,123.1921677260891,498.51110294038364
2020-01-19 15:00:00+00:00,30.3,78.5,13.102048672712288,30.874356659903526,70.69459874945433,572.1843176843325,1841.063739322559
2020-01-19 15:00:00+00:00,30.8,79.2,44.80972701404313,129.75956986407613,244.4768179869286,382.0960890221383,580.8453547984498
2020-01-19 15:00:00+00:00,31.0,78.2,23.5510664155141,81.89698649276912,158.16127204034024,856.8775199245224,1605.3235875862647
2020-01-19 16:00:00+00:00,30.1,78.3,2.400333731909655,10.304758886499634,27.723593277873572,586.5610928496393,1413.3130615560397
2020-01-19 16:00:00+00:00,31.0,78.2,28.105519480892518,81.0179826091317,164.12194160211678,869.69144938257,1630.4139041677158
2020-01-19 16:00:00+00:00,30.5,78.7,10.428143329793414,13.346875782937428,25.607144177650937,113.68496303777192,947.5749586484964
2020-01-19 16:00:00+00:00,30.8,79.2,37.87829286292353,122.85142080734686,249.7746339799092,416.6947652061015,610.7939052818022
2020-01-19 16:00:00+00:00,29.9,78.9,14.11210479848297,21.597114730631997,29.083370175556787,141.54272875162115,425.3541360727742
2020-01-19 16:00:00+00:00,30.3,78.5,1.2332934587776831,25.397458975461326,55.59643272738807,559.2350580026061,1838.0468675445045
2020-01-19 16:00:00+00:00,31.2,78.6,1.8173285461604831,13.092206145772204,19.805114488233325,118.79084485110798,494.31565152511865
2020-01-19 16:00:00+00:00,30.7,78.9,1.969684883218318,11.29823137967426,45.83489241747116,123.91595468070989,408.51094785764815
2020-01-19 17:00:00+00:00,30.3,78.5,5.032570811230595,19.367912942720572,46.028063852424566,561.1529642998643,1841.0371579793464
2020-01-19 17:00:00+00:00,31.2,78.6,2.6650727547553474,5.922101685940662,21.469170661153903,119.48987946522548,493.5901650813675
2020-01-19 17:00:00+00:00,31.0,78.2,22.616525360161777,74.27311125656843,157.59870849362454,881.2793786460742,1643.206369432856
2020-01-19 17:00:00+00:00,29.9,78.9,12.890544835782384,30.249411122321625,37.11978694116304,148.40319561632467,433.1049876630413
2020-01-19 17:00:00+00:00,30.7,78.9,0.38603995774519656,6.102947261178378,26.11277472086496,119.3424986530089,380.2154060172141
2020-01-19 17:00:00+00:00,30.1,78.3,5.887524264542786,8.636730959428338,29.157919610420485,563.135783171849,1393.7737841163207
2020-01-19 17:00:00+00:00,30.8,79.2,37.06594549773811,119.75396537470476,251.18835615403793,451.6183634033771,646.5351660980155
2020-01-19 17:00:00+00:00,30.5,78.7,3.770176715433069,16.659446822284355,22.86306680021866,111.17766338879295,945.8294655247287
2020-01-19 18:00:00+00:00,31.0,78.2,13.674939750717222,64.39698459177154,146.2939710845406,877.7813146367284,1651.7251887567395
2020-01-19 18:00:00+00:00,29.9,78.9,2.465127188201976,29.467776822467332,39.2570611185437,144.71845724371636,433.8519236388951
2020-01-19 18:00:00+00:00,31.2,78.6,5.889220940761218,10.371622241677063,22.76190071611522,124.30068096409947,491.94100102989887
2020-01-19 18:00:00+00:00,30.1,78.3,6.513514839353113,14.801372835805553,29.158502302937848,541.9963954281393,1348.7129881244257
2020-01-19 18:00:00+00:00,30.7,78.9,5.669547622996718,8.025272463960203,25.314997185356134,122.90738785013683,360.9800996174234
2020-01-19 18:00:00+00:00,30.8,79.2,39.873538860720274,114.81777722138192,244.57734708545803,487.8231331154417,677.0986640895154
2020-01-19 18:00:00+00:00,30.5,78.7,0.959287989244281,15.15760803447077,21.080773947341424,106.50668460310546,939.062446107652
2020-01-19 18:00:00+00:00,30.3,78.5,3.2122867501985533,9.47815102020684,40.35250768011032,551.8366034853874,1838.177955529596
2020-01-19 19:00:00+00:00,30.5,78.7,10.024990169461951,14.754454874139308,28.10133065707673,114.0080231243736,946.4429432578041
2020-01-19 19:00:00+00:00,30.7,78.9,7.927444665281982,13.983032246023868,25.28126362569817,118.1085685589643,352.6758195216391
2020-01-19 19:00:00+00:00,30.8,79.2,46.021768261701766,122.96125262016014,245.812673427507,523.3500301977583,715.0790059562016
2020-01-19 19:00:00+00:00,30.3,78.5,2.5132040643629634,10.75806162579212,36.1555206012534,544.7080240698768,1835.6797572516994
2020-01-19 19:00:00+00:00,30.1,78.3,2.823800770363007,15.224839874258906,25.529598760758542,501.48759753739444,1313.0575001648679
2020-01-19 19:00:00+00:00,31.0,78.2,15.791553085088928,52.08301819596796,133.1010008050996,874.8612755176948,1660.1579059906137
2020-01-19 19:00:00+00:00,29.9,78.9,5.296873890935655,20.652545914920015,42.24966064555201,139.11168294436456,433.8507868300659
2020-01-19 19:00:00+00:00,31.2,78.6,14.285083624175938,22.839377319692517,35.9315834654647,130.49985813914745,503.0669134169543
2020-01-19 20:00:00+00:00,31.2,78.6,17.949138355762223,38.12344292069939,44.04554460664003,141.3807267140458,519.2749443557589
2020-01-19 20:00:00+00:00,31.0,78.2,11.125567872014472,40.59206070782065,114.86517196438902,865.1266542626013,1651.530054767436
2020-01-19 20:00:00+00:00,30.1,78.3,1.992706571568702,11.330022181284823,19.96675314071316,462.53513280887034,1270.001143564253
2020-01-19 20:00:00+00:00,30.3,78.5,0.7195693648589045,6.4450601794204285,25.81297312214096,530.0484515606341,1812.7009235468743
2020-01-19 20:00:00+00:00,30.8,79.2,42.39313974451289,128.28844686693492,248.0424122416397,561.2179579714075,755.6389623282502
2020-01-19 20:00:00+00:00,30.7,78.9,5.216273143753902,18.813265432032573,24.916212693210994,122.02242535537593,346.15651817617686
2020-01-19 20:00:00+00:00,30.5,78.7,8.213641729027112,19.19791988773335,35.8573667100177,117.97923704117211,953.2505850503171
2020-01-19 20:00:00+00:00,29.9,78.9,1.4699774183116348,9.231978497449266,39.48138961977089,138.09529395062478,422.53148998638903
2020-01-19 21:00:00+00:00,30.7,78.9,9.400764383902327,22.544482192938183,30.56975465689843,123.20138502465718,350.07287205305437
2020-01-19 21:00:00+00:00,30.5,78.7,4.015298366240882,22.253930264729952,37.411538299200714,119.55555815387126,956.5401675941457
2020-01-19 21:00:00+00:00,31.2,78.6,9.03689221815611,41.27111419809428,51.642736439771326,147.18786048956068,523.7034360078305
2020-01-19 21:00:00+00:00,30.3,78.5,2.837008629057039,6.069782058278914,15.547933078485709,519.0147257453052,1798.53363364393
2020-01-19 21:00:00+00:00,30.1,78.3,9.202116893327513,14.018624235259223,28.819997071064776,428.4580978910526,1223.6679113580424
2020-01-19 21:00:00+00:00,31.0,78.2,6.575814195095306,33.49293515219873,97.88991974397022,840.2021944341786,1637.2700436477207
2020-01-19 21:00:00+00:00,30.8,79.2,39.278003576312265,127.69291158252692,242.5106888039088,598.2292943372809,793.2634537876799
2020-01-19 21:00:00+00:00,29.9,78.9,2.8130429328873623,9.579894242134653,39.04767106460198,132.7830635955882,418.43167571364353
2020-01-19 22:00:00+00:00,29.9,78.9,2.466142958187158,6.749163309386155,27.401709224306167,132.34607348081477,414.8216128332833
2020-01-19 22:00:00+00:00,30.3,78.5,3.0661459741048636,6.622723968020814,17.380785593812888,504.22890813899784,1788.2669824380794
2020-01-19 22:00:00+00:00,30.1,78.3,6.128754017666491,17.323577482562705,32.548417356821616,390.58251993338234,1165.6154512116836
2020-01-19 22:00:00+00:00,31.0,78.2,3.4439275923310424,21.145309659440848,73.22832785540875,779.0674818447591,1618.3599616811282
2020-01-19 22:00:00+00:00,30.7,78.9,19.666998968486894,34.284036496143095,48.267068742167005,140.56155213101232,366.60366942798555
2020-01-19 22:00:00+00:00,30.8,79.2,33.778620112697,115.44976343352214,238.41101605368232,624.3652886556299,826.6157214241978
2020-01-19 22:00:00+00:00,31.2,78.6,5.261312074907245,32.247342648825594,55.08671996851808,148.5451766136389,524.7186289196972
2020-01-19 22:00:00+00:00,30.5,78.7,2.187920352215684,14.416860447483684,29.171315321622988,117.18660540291984,950.3016758329846
2020-01-19 23:00:00+00:00,30.3,78.5,5.373034451732805,11.276189054894715,17.7212492343151,481.15850598743697,1775.4306753533003
2020-01-19 23:00:00+00:00,30.7,78.9,23.054282938317094,52.12204629070629,70.9353117227389,154.56210051175324,380.66861275392324
2020-01-19 23:00:00+00:00,30.5,78.7,3.4871820536580986,9.690400772114671,28.888320659848013,113.5003587895075,951.5472370648622
2020-01-19 23:00:00+00:00,31.2,78.6,3.2383069095586388,17.53651120262201,55.65995412332138,145.11859752424306,525.2760498122375
2020-01-19 23:00:00+00:00,30.8,79.2,28.861539005506458,101.91816269451571,230.20660956145065,649.8157569983854,854.4679552571635
2020-01-19 23:00:00+00:00,30.1,78.3,5.8566746110652055,21.18754552205921,32.51756770334403,348.7097979020225,1113.7144459692963
2020-01-19 23:00:00+00:00,29.9,78.9,2.972564115399366,8.251750006473888,17.48372850392315,130.6665867011919,412.42406846350565
2020-01-19 23:00:00+00:00,31.0,78.2,9.968167156060987,19.987908943487366,60.57996965130796,715.8018901499995,1603.8508522032196
2020-01-20 00:00:00+00:00,30.8,79.2,10.147204458550798,72.78736357675425,200.48027515928118,656.3777800088257,864.317698440309
2020-01-20 00:00:00+00:00,29.9,78.9,11.108670670393956,16.54737774398048,26.12727198611513,137.53094865473088,413.85459894819746
2020-01-20 00:00:00+00:00,30.3,78.5,3.5552485470802098,11.994428972917886,18.064211031196756,454.53066641024094,1754.412408056019
2020-01-20 00:00:00+00:00,31.2,78.6,10.439362741708015,18.938981726173914,60.210095924268174,153.83499511032514,531.7867987939877
2020-01-20 00:00:00+00:00,30.5,78.7,4.351269447904643,10.026371853778432,32.280302118508374,106.00217926810392,953.7906784356514
2020-01-20 00:00:00+00:00,31.0,78.2,14.153207953970025,27.565302702362082,61.05823785456076,643.9401011626328,1581.198186527892
2020-01-20 00:00:00+00:00,30.7,78.9,30.7819298182135,73.50321172501745,96.04769391795568,182.32616318917914,406.3543932472763
2020-01-20 00:00:00+00:00,30.1,78.3,8.591576720038544,20.577005348770243,34.59562958402946,310.9781889386589,1069.8432762457105
2020-01-20 01:00:00+00:00,31.0,78.2,3.541420992995192,27.66279610302623,48.80810576246702,568.8908142780674,1546.5433025228601
2020-01-20 01:00:00+00:00,30.1,78.3,16.662467558315136,31.110718889418887,48.43429637198159,285.3481057868081,1031.5553566075785
2020-01-20 01:00:00+00:00,30.7,78.9,36.472676066797526,90.30888882332809,124.59292531947122,217.04375270140554,440.47332480992327
2020-01-20 01:00:00+00:00,30.3,78.5,13.764253612255937,22.69253661106896,29.31526057908973,435.3566297026533,1738.1684884474666
2020-01-20 01:00:00+00:00,30.8,79.2,7.4862000546167256,46.49494351867398,161.94470695219613,662.4978250061071,868.4111573131286
2020-01-20 01:00:00+00:00,31.2,78.6,10.276773621598593,23.954443272865262,56.20178592169083,160.93400716650322,526.3603130366648
2020-01-20 01:00:00+00:00,29.9,78.9,2.1946609389196765,16.275895724713,23.02505903409915,128.30820943820464,412.8143766864891
2020-01-20 01:00:00+00:00,30.5,78.7,6.952373015746846,14.790824517309595,29.207684964793273,111.66745432110491,936.971211721157
2020-01-20 02:00:00+00:00,31.2,78.6,15.697460056132382,36.413596419439,53.95010762206098,174.83761232513993,538.1401732375653
2020-01-20 02:00:00+00:00,30.7,78.9,49.35460033179516,116.60920621680614,168.73125250751247,261.1908053710328,484.58221798282943
2020-01-20 02:00:00+00:00,30.1,78.3,19.373804092071328,44.62784837042501,65.81539389248421,266.98483458684075,1013.4185763065842
2020-01-20 02:00:00+00:00,30.5,78.7,8.872035784130679,20.175678247782173,29.86607901989684,119.34349463710214,936.6232664423964
2020-01-20 02:00:00+00:00,30.3,78.5,5.681413765610008,23.000915924946163,34.27710497984083,401.4931645298482,1689.8329551461438
2020-01-20 02:00:00+00:00,29.9,78.9,9.71608397286669,23.019415582180322,31.271165588654206,120.38136273366015,419.505045942209
2020-01-20 02:00:00+00:00,30.8,79.2,3.9260248345340893,21.559429347701606,123.47759204221732,657.7772624321138,867.5005298850488
2020-01-20 02:00:00+00:00,31.0,78.2,12.260041868037389,29.954670815002636,49.94257975848994,523.9779793341359,1516.741516265734
2020-01-20 03:00:00+00:00,30.5,78.7,0.7807845779679963,16.60519337784553,26.631565231623952,113.83985291354587,931.8060632685718
2020-01-20 03:00:00+00:00,30.8,79.2,4.150564034025703,15.56278892317651,88.35015249993077,654.3852544359574,869.2872260383507
2020-01-20 03:00:00+00:00,29.9,78.9,5.0742811347743055,16.985026046560673,33.532403790541146,112.73220905080255,418.56787564521403
2020-01-20 03:00:00+00:00,30.3,78.5,7.676050920664133,27.121718298530087,39.11614727144793,365.43369516926487,1648.886597715517
2020-01-20 03:00:00+00:00,30.7,78.9,51.10725056421585,136.93452696280852,210.437738687826,310.01086123332516,533.3817431961337
2020-01-20 03:00:00+00:00,31.2,78.6,11.566752646380902,37.54098632411189,56.47996805028578,171.55637078282462,546.7090472048051
2020-01-20 03:00:00+00:00,30.1,78.3,26.481329524335,62.51760117472146,83.0946065234917,260.16943633139425,1005.1779373234453
2020-01-20 03:00:00+00:00,31.0,78.2,3.2472365031885833,19.048699364221193,46.614002066583225,484.5102635186867,1473.0225408895901
2020-01-20 04:00:00+00:00,29.9,78.9,3.366663355337776,18.157028462978772,34.43292418769177,110.67379044141836,412.13085512595677
2020-01-20 04:00:00+00:00,30.7,78.9,50.065800612479016,150.52765150849,240.83654033181813,359.1283738277624,580.8208859132694
2020-01-20 04:00:00+00:00,31.2,78.6,14.968642558256848,42.232855260770144,66.18729853363537,182.37193290554887,558.1426542219181
2020-01-20 04:00:00+00:00,30.5,78.7,12.894468715511108,22.54728907760979,37.33811359491938,119.35794625329044,941.497443406194
2020-01-20 04:00:00+00:00,30.8,79.2,4.430502066916351,12.507090935476135,59.00203445415013,649.063446467325,872.1153290286089
2020-01-20 04:00:00+00:00,31.0,78.2,24.416808667378774,39.924087038604775,67.58688314163095,474.92214096989176,1448.2944473227265
2020-01-20 04:00:00+00:00,30.3,78.5,4.381143217384817,17.738607903658966,40.43114451472788,327.0127198266303,1602.706958979699
2020-01-20 04:00:00+00:00,30.1,78.3,27.14142620181375,72.99655981822008,104.10727870763895,259.0451338943716,1004.2311677154303
2020-01-20 05:00:00+00:00,30.3,78.5,5.1797198950913845,17.236914033140344,40.23782995808646,288.5402275737681,1558.1408425623367
2020-01-20 05:00:00+00:00,30.5,78.7,10.269741045660375,23.944994339139484,44.12067258692166,129.41329320714755,947.4953477987843
2020-01-20 05:00:00+00:00,30.1,78.3,21.728030015874303,75.35078574202305,119.97863411244805,258.1762931056412,1005.2097058463283
2020-01-20 05:00:00+00:00,30.7,78.9,47.8599532362979,149.03300441299274,265.6422106297989,405.8645010793459,627.621465410018
2020-01-20 05:00:00+00:00,29.9,78.9,4.008458542243663,12.449403032355747,35.46881861453606,114.30478600820815,407.21945497545215
2020-01-20 05:00:00+00:00,30.8,79.2,2.1373464468682197,10.718412547810267,32.277841895511884,645.3542850794269,873.3729858491312
2020-01-20 05:00:00+00:00,31.0,78.2,4.6821718883614825,32.346217058928865,62.30088787393145,442.3202376053311,1408.4667356664916
2020-01-20 05:00:00+00:00,31.2,78.6,17.32216734493101,43.85756254956877,80.27115896900776,186.009465278984,573.1205204524006
2020-01-20 06:00:00+00:00,30.3,78.5,6.910406122263115,16.471269234739324,43.592987533269365,241.7289600958231,1503.3923192395614
2020-01-20 06:00:00+00:00,29.9,78.9,7.693580941298175,15.068702838879616,32.053728885440286,119.33830100462063,408.548156422936
2020-01-20 06:00:00+00:00,30.5,78.7,1.8290769276478878,24.993286688819378,41.5984800666649,121.44512501294413,944.9071230175956
2020-01-20 06:00:00+00:00,30.8,79.2,0.5043713560007737,7.072219869785338,22.635008792961862,630.360435169034,865.5824047502049
2020-01-20 06:00:00+00:00,30.1,78.3,16.55601227028611,65.42546848797417,127.94306966269562,243.61082506359418,998.0092383956538
2020-01-20 06:00:00+00:00,31.0,78.2,0.5242173375638167,29.623197893304102,48.67189725752523,412.3522984946839,1365.9698961484985
2020-01-20 06:00:00+00:00,31.2,78.6,17.452519475892487,49.74332937908035,87.28431570319222,202.61514427971488,582.8550481637113
2020-01-20 06:00:00+00:00,30.7,78.9,44.53019465393224,142.45594850270913,279.3904754655177,442.7536722938136,664.7101444122505
2020-01-20 07:00:00+00:00,31.0,78.2,12.180073212927738,17.386462438853066,57.31054947745778,401.4768938155404,1337.3596858435974
2020-01-20 07:00:00+00:00,30.8,79.2,7.534400719849,10.176118522717985,22.683209458194135,630.1753528280935,869.7126819997236
2020-01-20 07:00:00+00:00,30.7,78.9,38.75799995640754,131.14814784663764,281.6757993551277,478.3619666252249,691.0729541256733
2020-01-20 07:00:00+00:00,30.3,78.5,1.3557120626111097,13.445838079965618,31.18444598362454,197.16968689050304,1448.4926622436783
2020-01-20 07:00:00+00:00,30.5,78.7,8.096258403758094,20.195076377066364,42.74236545467615,126.91093814159224,952.3999941033384
2020-01-20 07:00:00+00:00,31.2,78.6,19.096619234027756,53.87130605485126,96.10416131562138,208.4491499413765,599.5627895403829
2020-01-20 07:00:00+00:00,30.1,78.3,14.579219104431301,52.86326139059172,125.8598212088118,241.37956331503253,996.5853953837373
2020-01-20 07:00:00+00:00,29.9,78.9,0.21313779535700392,11.915177278898843,30.07220574187761,110.78657524779896,407.0972664297789
2020-01-20 08:00:00+00:00,31.0,78.2,7.842421310129199,20.546711860620782,52.8929289195496,378.8846996512348,1313.5896572587374
2020-01-20 08:00:00+00:00,31.2,78.6,20.97626774893444,57.52540645885469,101.38296900842344,226.14966169229763,614.5988989444004
2020-01-20 08:00:00+00:00,30.1,78.3,9.667883397802093,40.80311477251951,116.15390051454256,241.04717213702605,991.4789240414914
2020-01-20 08:00:00+00:00,29.9,78.9,2.0520922323536723,9.958810969008853,22.40821400136459,112.36323530757458,402.6773383038811
2020-01-20 08:00:00+00:00,30.3,78.5,4.751710769246094,13.017828954120326,30.254742987260624,173.4090790320246,1395.8728431822683
2020-01-20 08:00:00+00:00,30.5,78.7,11.313664666491386,21.238999997897373,45.18399433703686,130.12725147694215,963.5553340956563
2020-01-20 08:00:00+00:00,30.7,78.9,29.66209505297646,112.95028966331623,261.983294076309,502.75731464245325,720.1627581214519
2020-01-20 08:00:00+00:00,30.8,79.2,6.539973091180284,14.57874516703005,25.29715771484033,617.7685115220779,872.1406658194633
2020-01-20 09:00:00+00:00,30.5,78.7,20.15731926028103,39.56724233053052,64.56052901934989,149.20045603205222,970.7566714815322
2020-01-20 09:00:00+00:00,29.9,78.9,5.5381820219457385,7.8034120496564165,22.872114888536025,116.21912920780956,402.0089602094449
2020-01-20 09:00:00+00:00,30.8,79.2,9.683735877207711,23.758109688236985,30.83032955802234,606.1679888487905,865.4326809747203
2020-01-20 09:00:00+00:00,30.3,78.5,8.310252904350877,14.41767573620809,30.888944970947367,156.24762407033546,1358.223866910536
2020-01-20 09:00:00+00:00,31.2,78.6,20.664709968320246,60.737596951282455,110.48092633036279,244.7292643033437,634.2400925084507
2020-01-20 09:00:00+00:00,31.0,78.2,0.05871848484493038,20.081213007901898,49.70441090120595,352.36960475209963,1285.9811685251684
2020-01-20 09:00:00+00:00,30.1,78.3,10.241423813924257,34.48852631615765,99.91399480413182,241.23809480587647,990.2233241965621
2020-01-20 09:00:00+00:00,30.7,78.9,23.60536388259516,92.02545889197913,234.4814073946883,523.6483157226847,740.7554379156493
2020-01-20 10:00:00+00:00,30.7,78.9,23.559232714449642,76.82669165002123,207.97483949665894,542.9133409881152,761.0034215906858
2020-01-20 10:00:00+00:00,31.0,78.2,2.8849656117490614,10.78610540672322,28.17256784557623,333.1097204447327,1264.8667657720714
2020-01-20 10:00:00+00:00,30.8,79.2,13.212436434613942,29.43614540300193,39.61226392571993,586.7999484134616,876.8479363316258
2020-01-20 10:00:00+00:00,31.2,78.6,16.59267861501105,58.233656332265745,112.10496238711698,253.18409537750378,642.3305782088325
2020-01-20 10:00:00+00:00,29.9,78.9,3.573434008174575,11.163708262473987,23.078885541372827,113.99688912892755,398.15588155188533
2020-01-20 10:00:00+00:00,30.3,78.5,11.253182670087055,24.315146343684034,37.76098442364961,151.1693472595786,1328.3472532324088
2020-01-20 10:00:00+00:00,30.1,78.3,10.278328362844778,30.187635574571125,83.05089696516285,247.430186307497,995.1507112150623
2020-01-20 10:00:00+00:00,30.5,78.7,34.92670474204716,66.39768866881958,86.59276504588594,178.70933814007918,1002.5937859223684
2020-01-20 11:00:00+00:00,30.8,79.2,22.784387524808462,45.68055983663011,60.259305003660174,573.9321126146606,895.4838807513089
2020-01-20 11:00:00+00:00,30.7,78.9,6.654767652484431,53.8193642495292,166.76965391284546,529.4599509862484,765.456620227861
2020-01-20 11:00:00+00:00,30.5,78.7,35.91403092435998,90.99805492668818,112.23705492458555,208.10911497157386,1028.8724239335986
2020-01-20 11:00:00+00:00,31.0,78.2,0.4728015143992427,3.416485610993263,23.963197471613984,304.44276349047794,1247.670487320965
2020-01-20 11:00:00+00:00,29.9,78.9,2.4358412406327985,11.547457270753114,21.50626823976196,111.57860229938424,395.59663305310636
2020-01-20 11:00:00+00:00,30.3,78.5,15.827582918644787,35.391018493082726,48.40884744720301,152.39599049202926,1308.148558067405
2020-01-20 11:00:00+00:00,30.1,78.3,1.8655316432757227,22.385283820044755,63.18839859256426,244.84252001877684,992.59715029852
2020-01-20 11:00:00+00:00,31.2,78.6,12.8897555485693,50.1471441319006,107.67255059075526,265.0728343442383,651.5070440009348
2020-01-20 12:00:00+00:00,30.1,78.3,1.9910380718531113,14.134898077973613,48.62342439413126,240.32062594379423,990.1423260780302
2020-01-20 12:00:00+00:00,30.3,78.5,17.326651638340653,44.4074172270725,58.82509296328055,160.8347992078571,1285.746685983574
2020-01-20 12:00:00+00:00,31.2,78.6,15.519244968146044,45.001679131726405,105.73927608300885,275.99558842658445,665.4211020662249
2020-01-20 12:00:00+00:00,29.9,78.9,1.1022568979570466,7.1115321467644215,14.914944196420832,112.35300618651995,393.3752070001819
2020-01-20 12:00:00+00:00,30.8,79.2,37.33093345891746,73.32775741833986,97.08586710657686,564.7784981442779,932.6944126675598
2020-01-20 12:00:00+00:00,30.7,78.9,13.292764835117808,43.50676520205185,135.53222409403102,536.2853906628606,776.0561143334646
2020-01-20 12:00:00+00:00,31.0,78.2,2.044825186222631,5.402592312370963,25.4838053202728,281.5079115168994,1233.2063364351354
2020-01-20 12:00:00+00:00,30.5,78.7,52.17473346783699,123.01546913424411,162.58271146477466,257.5422675972893,1080.4659086468628
2020-01-20 13:00:00+00:00,30.3,78.5,24.60008462331759,57.754319180303035,82.06946552398702,178.7246926879548,1280.5874501228259
2020-01-20 13:00:00+00:00,30.1,78.3,6.124718976406292,9.981288691535127,40.16892426610625,239.9926406076582,984.5915935284738
2020-01-20 13:00:00+00:00,30.8,79.2,35.867972471452674,95.9832934551786,125.41943885818053,555.8600286960778,961.4422131352168
2020-01-20 13:00:00+00:00,30.5,78.7,51.24118796047529,139.32995235267225,205.72764102149182,305.77902209803796,1126.6791129750366
2020-01-20 13:00:00+00:00,31.2,78.6,27.776880129737854,56.185880646453214,114.41953697871894,302.65706768149585,691.6633205070624
2020-01-20 13:00:00+00:00,30.7,78.9,4.932169563988641,24.87970205159085,101.70639370161214,533.2563820019093,773.1191379218255
2020-01-20 13:00:00+00:00,31.0,78.2,3.5961693505416474,6.11379605116355,16.899901457886713,256.1195575029111,1217.5696830440645
2020-01-20 13:00:00+00:00,29.9,78.9,1.576986753165632,5.115084891755479,16.278793154229458,111.62571857575824,394.5945273432353
2020-01-20 14:00:00+00:00,30.1,78.3,5.4021030484944,13.517860096753804,35.90314391679856,237.8391914645385,978.2681284910847
2020-01-20 14:00:00+00:00,29.9,78.9,21.392712391319563,24.071956042442242,35.61941331319535,128.78018252298506,410.8703162320418
2020-01-20 14:00:00+00:00,31.2,78.6,6.8625184927106915,50.15864359059461,100.30578772249518,299.68440895961965,687.2365681556358
2020-01-20 14:00:00+00:00,31.0,78.2,1.8055878600515725,7.446582396815879,10.863068007809085,228.56374865023764,1209.9286199979335
2020-01-20 14:00:00+00:00,30.3,78.5,40.40823027731035,82.3349665389686,117.72598503205128,208.0708061212938,1293.883301920925
2020-01-20 14:00:00+00:00,30.7,78.9,3.940267487088401,22.165201886194822,75.98456613572407,531.6153254127566,775.19935296158
2020-01-20 14:00:00+00:00,30.8,79.2,35.56606292212697,108.76496885249709,154.44552868912723,551.2626906878245,994.3008437819757
2020-01-20 14:00:00+00:00,30.5,78.7,48.199029945361744,151.61495137367402,242.6130063003622,353.5204463673135,1170.7162681440082
2020-01-20 15:00:00+00:00,30.7,78.9,3.474340380091597,12.346777431168611,55.853542633220506,531.3424433726333,766.9444583599304
2020-01-20 15:00:00+00:00,30.5,78.7,42.477599452111484,141.91781735794854,264.9332864921926,393.5369190423672,1209.4967237558214
2020-01-20 15:00:00+00:00,29.9,78.9,7.713199440823372,30.682898585308564,37.79443073207298,133.24662047575214,407.1282935571412
2020-01-20 15:00:00+00:00,30.8,79.2,31.43132285644235,102.86535825002198,176.19311566836186,537.8842865302238,1021.2025881351615
2020-01-20 15:00:00+00:00,31.2,78.6,5.273238610131346,39.912637232579904,84.91431636430629,303.51794718472615,675.7701559048847
2020-01-20 15:00:00+00:00,31.0,78.2,5.407978336378131,10.809735546971378,16.212327859342285,210.42066057110168,1207.6179362606224
2020-01-20 15:00:00+00:00,30.3,78.5,38.461636642026335,103.46995154265429,147.87736876972673,233.43039409060785,1305.0974243647777
2020-01-20 15:00:00+00:00,30.1,78.3,7.8093941458072305,19.33621617070792,33.47111424868153,245.29971264736983,973.9277133600021
2020-01-20 16:00:00+00:00,31.0,78.2,3.4262006637753863,10.639766860205118,16.75356291136861,185.74134175398453,1207.3502045694486
2020-01-20 16:00:00+00:00,31.2,78.6,1.6187302444347864,13.754487347276836,69.94036799373002,303.3193488830005,671.3193345138319
2020-01-20 16:00:00+00:00,29.9,78.9,10.412947409581985,39.51885924172492,44.63394413348039,129.54746308685117,416.1058194416079
2020-01-20 16:00:00+00:00,30.1,78.3,2.9298892876522507,16.14138648195388,26.122675173489007,245.82926820311243,973.6767775350903
2020-01-20 16:00:00+00:00,30.8,79.2,27.399024715675363,94.39641049424468,190.3797039494233,527.4050183829756,1047.131766824189
2020-01-20 16:00:00+00:00,30.5,78.7,35.13308412957006,125.8097135270433,265.13966587971555,418.24185984214387,1241.5493966551107
2020-01-20 16:00:00+00:00,30.3,78.5,49.00260116220951,127.8724680815462,185.6267872618492,281.1997017940397,1309.0418498863853
2020-01-20 16:00:00+00:00,30.7,78.9,0.649130048495523,8.063737915675492,32.94343996726639,530.0218885379105,763.5377457845741
2020-01-20 17:00:00+00:00,29.9,78.9,12.507884841797871,30.63403169220323,54.70598773464546,129.16480309286666,423.6617496140576
2020-01-20 17:00:00+00:00,31.2,78.6,3.2868319916732576,10.178800846239401,60.33744443683398,303.9411081199184,673.2763121929229
2020-01-20 17:00:00+00:00,30.3,78.5,46.26711917283445,133.7313569770703,216.06632351603884,322.43425015564355,1324.0108674638898
2020-01-20 17:00:00+00:00,30.8,79.2,17.938667135834763,76.76901470795246,185.53398356044957,508.27774002107225,1064.3925112644158
2020-01-20 17:00:00+00:00,30.7,78.9,3.9021651002862905,8.025635528873382,30.190837415068245,533.5380136804516,765.3172568699318
2020-01-20 17:00:00+00:00,30.5,78.7,16.756613639644502,94.36729722132606,245.9822485950001,431.22829676635524,1253.9216923631982
2020-01-20 17:00:00+00:00,31.0,78.2,8.44776034531192,17.281939345465467,24.728521742281288,171.5725767391347,1210.2338308003393
2020-01-20 17:00:00+00:00,30.1,78.3,2.3342438096477425,13.073527243107222,26.59138733986103,242.27598774821737,972.2593662672346
2020-01-20 18:00:00+00:00,30.5,78.7,17.036243825710823,68.92594159492539,210.8437589528739,447.30525260282184,1256.7600953775625
2020-01-20 18:00:00+00:00,30.1,78.3,10.169745512938855,15.43387861023885,34.77009478094677,245.93221842180313,974.619431033682
2020-01-20 18:00:00+00:00,30.7,78.9,1.482251354710691,6.0335465034924765,18.380323934661128,529.3507174121655,756.8202655133185
2020-01-20 18:00:00+00:00,29.9,78.9,26.604625080653896,49.52545733203375,80.20835591734232,153.30430098531858,445.87903323554195
2020-01-20 18:00:00+00:00,31.0,78.2,8.499819492084276,20.37378050117161,31.183516048142934,166.39745648050172,1211.1423847874191
2020-01-20 18:00:00+00:00,31.2,78.6,4.007819345267669,8.913381581375724,48.826018813955606,302.0597065244248,675.6228673688183
2020-01-20 18:00:00+00:00,30.3,78.5,54.604583852459726,149.8743041875037,253.34425573015793,373.8265472579047,1341.874146151979
2020-01-20 18:00:00+00:00,30.8,79.2,13.52943058449325,58.86712243600337,161.73248068602535,481.93363174484523,1072.328561843278
2020-01-20 19:00:00+00:00,30.3,78.5,49.98228708811984,150.85399011341403,278.7264581949602,421.2956302816616,1354.3886224018459
2020-01-20 19:00:00+00:00,30.7,78.9,5.23051402552534,10.614930480522293,18.67866839619783,526.653786772409,761.6692184624061
2020-01-20 19:00:00+00:00,29.9,78.9,25.413255399127166,64.52576532157894,104.04462456330384,173.4206824935101,459.5550986904568
2020-01-20 19:00:00+00:00,31.2,78.6,2.007309038380731,9.301960375321668,23.05644772259848,289.7819319386296,672.6931253057812
2020-01-20 19:00:00+00:00,30.5,78.7,4.6157640790982715,38.4086215444536,164.2183350714969,441.89602651245815,1254.8710064240397
2020-01-20 19:00:00+00:00,31.0,78.2,8.751204804910678,25.698784642306904,36.33855150251196,159.3571082003235,1211.1286834036837
2020-01-20 19:00:00+00:00,30.1,78.3,22.24117960671879,34.74516892930539,50.886555411259266,265.3495972581589,994.9532530488667
2020-01-20 19:00:00+00:00,30.8,79.2,6.040860115841247,37.50895783616925,131.90536833041395,441.95272359898473,1076.045868832502
2020-01-20 20:00:00+00:00,31.2,78.6,0.29015446785275245,6.305282851501163,16.484083697740544,272.12294805072014,666.3266478713064
2020-01-20 20:00:00+00:00,31.0,78.2,7.113738015507904,24.364762312502886,41.64670165796829,155.34527834381691,1214.485846407881
2020-01-20 20:00:00+00:00,29.9,78.9,40.0873084896798,92.10518896946087,122.73922066166409,212.03801356487824,495.12440072645
2020-01-20 20:00:00+00:00,30.8,79.2,3.8175273557505784,23.387818056085067,100.15683276403755,403.37711121022244,1069.6612470985397
2020-01-20 20:00:00+00:00,30.1,78.3,37.773474060909365,70.18439918056701,83.25792642367423,301.1303647474996,1030.1801718091376
2020-01-20 20:00:00+00:00,30.5,78.7,5.582437537993393,27.234445442802496,121.60174266412855,439.2648223214244,1251.2982225203846
2020-01-20 20:00:00+00:00,30.7,78.9,4.572468902822213,11.285234283058216,19.31086981193164,526.0099825314772,754.8702836819455
2020-01-20 20:00:00+00:00,30.3,78.5,40.94657070272535,145.53344164330494,279.2647986203752,461.52263161952806,1357.0927750303592
2020-01-20 21:00:00+00:00,31.0,78.2,3.2570468985645156,19.121989718983126,39.49577022015468,152.0265110472861,1215.4863901694457
2020-01-20 21:00:00+00:00,29.9,78.9,40.90612536746866,106.40668925627563,155.93214658830937,250.13109599945955,534.500824340837
2020-01-20 21:00:00+00:00,30.5,78.7,11.905713008598438,22.10391462569011,91.0298562206155,447.155236963782,1247.9172608979861
2020-01-20 21:00:00+00:00,30.3,78.5,37.935401909249684,128.8642597000949,278.7385638875985,496.62102489972074,1361.2372604810985
2020-01-20 21:00:00+00:00,30.7,78.9,1.5190966669396193,11.322079595287144,17.355626098779663,518.1283148145145,748.171521684245
2020-01-20 21:00:00+00:00,30.1,78.3,41.4509149595842,101.46556862721236,116.8994472374512,333.37916281375624,1070.993776088183
2020-01-20 21:00:00+00:00,31.2,78.6,3.1792382291974195,5.476701735430913,14.390083316806615,266.2652940617615,667.5152411779318
2020-01-20 21:00:00+00:00,30.8,79.2,2.469888095270809,12.328275566862628,71.19539800286601,366.568995729181,1069.8525028917722
2020-01-20 22:00:00+00:00,30.5,78.7,2.219437996681492,19.70758854327333,58.116210087726934,447.1867546082477,1226.5011676269287
2020-01-20 22:00:00+00:00,30.7,78.9,1.6225305405855837,7.714096110347388,18.329026590869724,500.08384638661323,749.2829264891554
2020-01-20 22:00:00+00:00,30.1,78.3,45.76860522068062,124.99299424117419,159.73816317047957,373.01901401677037,1113.3712294102118
2020-01-20 22:00:00+00:00,29.9,78.9,48.41513493011973,129.40856878726817,193.9343341088471,296.0800879713921,572.1614893939857
2020-01-20 22:00:00+00:00,31.0,78.2,6.035158381609076,16.405943295681524,42.104727937988365,154.61774183656414,1213.1759789197865
2020-01-20 22:00:00+00:00,31.2,78.6,5.918845555332982,9.388238252383164,18.690198627704813,266.9228275421872,671.1017587837595
2020-01-20 22:00:00+00:00,30.3,78.5,29.48085375163998,108.36282636361503,259.216816477029,523.0357326772559,1357.8080254480635
2020-01-20 22:00:00+00:00,30.8,79.2,11.94738261181108,18.23479806283246,55.74375589900173,344.73775822829504,1079.1058927495314
2020-01-20 23:00:00+00:00,30.1,78.3,29.14767386982476,116.3671940500896,186.55159323065658,396.3100132755299,1141.1682244804254
2020-01-20 23:00:00+00:00,30.5,78.7,4.054748588873201,18.179899594153138,45.41434503695563,447.75432114346285,1201.598233256569
2020-01-20 23:00:00+00:00,31.2,78.6,3.9500384162373483,13.048122200767759,19.353405052268904,267.6345590488659,669.3030090712341
2020-01-20 23:00:00+00:00,29.9,78.9,52.0208445054678,141.34210480305617,233.44729377251704,345.12836836146056,618.0177989044031
2020-01-20 23:00:00+00:00,30.7,78.9,4.119451925552559,7.261079133077733,18.54631341613599,481.14901537384867,738.9119538027612
2020-01-20 23:00:00+00:00,30.3,78.5,26.11706061302528,93.53331627391495,239.06675791721986,543.7797588385483,1343.1985545297928
2020-01-20 23:00:00+00:00,30.8,79.2,3.2641719737236805,17.681442680805564,41.06926073689065,319.14039119651227,1080.3579708068296
2020-01-20 23:00:00+00:00,31.0,78.2,4.550917294914958,13.843122575088579,38.20788488759141,149.20049197541812,1213.1969171352537
2020-01-21 00:00:00+00:00,30.1,78.3,19.116290344672283,94.03256943517766,195.49813806239,406.8347269001637,1154.7980435727413
2020-01-21 00:00:00+00:00,30.5,78.7,8.691751382449828,14.965937968004528,37.069852593694634,452.09480307800806,1184.1592158707067
2020-01-21 00:00:00+00:00,29.9,78.9,74.0807028158398,174.5166822514273,280.92337150770294,408.1004005069064,686.9415629760091
2020-01-21 00:00:00+00:00,30.7,78.9,1.6952455116090215,7.437227977747136,18.759307573034324,452.0623310672442,738.5621671354996
2020-01-21 00:00:00+00:00,30.3,78.5,16.891138479117547,72.48905284378282,201.35331254387765,557.1156487705856,1325.7727330140165
2020-01-21 00:00:00+00:00,31.0,78.2,2.887077082516291,13.473152759040353,32.595142478023426,137.9343611039644,1213.8424893181095
2020-01-21 00:00:00+00:00,30.8,79.2,2.8433728459859413,18.054927431520696,30.383202998383332,311.8365595839474,1081.156671764236
2020-01-21 00:00:00+00:00,31.2,78.6,3.6035628043642265,13.472446775934568,18.949148511365458,260.79875911152214,665.6509921786544
2020-01-21 01:00:00+00:00,30.7,78.9,0.9745621881872362,6.789259625348788,14.503355735696218,416.5642171886339,738.6137976872999
2020-01-21 01:00:00+00:00,30.8,79.2,8.781914125080554,14.889458944790169,33.124257007622646,313.1322736544113,1089.6147813886791
2020-01-21 01:00:00+00:00,29.9,78.9,47.4411315784845,173.5426788997921,302.9512476870603,453.3468711464712,730.8709372457779
2020-01-21 01:00:00+00:00,30.1,78.3,15.5115050427344,63.77546925723145,188.76846349840565,405.68376438458296,1163.1855323348075
2020-01-21 01:00:00+00:00,31.2,78.6,4.712269103367581,12.265870323969168,21.65410857635231,255.23425459329113,649.9955290511858
2020-01-21 01:00:00+00:00,30.3,78.5,9.61906499032656,52.627264082469395,160.99009044608437,552.9704601486562,1302.4512352713357
2020-01-21 01:00:00+00:00,31.0,78.2,9.380055752233066,16.818050129664343,33.22399342534581,143.77299586320228,1220.1221429851412
2020-01-21 01:00:00+00:00,30.5,78.7,6.699382283135001,19.445882254458038,39.153470797731366,451.8418123453962,1160.2989609956717
2020-01-21 02:00:00+00:00,29.9,78.9,34.02316464567139,155.54499903999567,296.8871038430519,477.6539518192759,754.2894509305172
2020-01-21 02:00:00+00:00,30.1,78.3,17.05328251021441,51.6810778976211,168.04827194771065,403.363242802726,1166.6189594170853
2020-01-21 02:00:00+00:00,30.8,79.2,2.803316421152258,14.428603392218747,32.11004607302432,312.0095652410294,1085.1537949399728
2020-01-21 02:00:00+00:00,31.2,78.6,2.638751525224265,10.954583432956085,24.00270563372382,242.17554606238298,648.8223663575042
2020-01-21 02:00:00+00:00,30.3,78.5,8.294662958352642,34.80486642779677,128.33818270171167,555.5837093413988,1287.0768324416392
2020-01-21 02:00:00+00:00,31.0,78.2,1.2995009817217245,13.566633816471109,27.409756391559633,132.8124549768866,1210.54010856754
2020-01-21 02:00:00+00:00,30.5,78.7,9.755642453384802,25.14677611896964,43.32667571312278,452.7254190146503,1134.9347479124488
2020-01-21 02:00:00+00:00,30.7,78.9,4.266464131020994,6.9362718308172235,14.197350963895,371.47608098785975,742.4441951962604
2020-01-21 03:00:00+00:00,30.1,78.3,18.49936439768728,51.064151950636095,145.09672138581374,395.38127767607835,1183.3574371450309
2020-01-21 03:00:00+00:00,30.8,79.2,17.795820412031,29.381050958263806,47.43597838978451,325.6548216190347,1094.4553492763876
2020-01-21 03:00:00+00:00,29.9,78.9,29.711991910503954,111.17628813465984,285.69297038608715,502.29166259500556,782.4529339123026
2020-01-21 03:00:00+00:00,30.5,78.7,12.082857442429354,28.53788217894916,43.50382014695369,464.0274918791117,1105.354498158142
2020-01-21 03:00:00+00:00,31.2,78.6,7.5328096584085,14.883830287000357,28.356277062934904,238.14160307441057,640.8421239640304
2020-01-21 03:00:00+00:00,30.3,78.5,6.478234731257718,24.391962679936935,96.8810155237197,554.3858931519925,1273.1291696650887
2020-01-21 03:00:00+00:00,31.0,78.2,6.699815029168983,17.3793717631238,30.8525245221641,136.265033502867,1211.6816545751121
2020-01-21 03:00:00+00:00,30.7,78.9,4.791145005750814,10.032171324959016,17.469399302706194,325.1599754293947,742.0752984461219
2020-01-21 04:00:00+00:00,30.7,78.9,5.785186217737566,14.842795354509347,21.63205497985818,280.8793610346533,747.7090930322365
2020-01-21 04:00:00+00:00,30.5,78.7,1.8578680422417182,23.696367938055882,43.14225019251392,452.9908912058423,1061.640296007153
2020-01-21 04:00:00+00:00,31.0,78.2,8.188966792908479,16.188282803799215,33.006332933463504,120.03719162839671,1209.2122190508496
2020-01-21 04:00:00+00:00,29.9,78.9,20.182973840885772,83.9181303970611,257.4608092968532,519.1079730805536,800.8765097059315
2020-01-21 04:00:00+00:00,30.1,78.3,20.829159908722783,56.381806816624476,120.15727607385591,389.06901138298736,1197.7468352919173
2020-01-21 04:00:00+00:00,30.3,78.5,8.907011574267626,23.679909263878002,76.30717334634734,558.9117615088752,1259.5174737262016
2020-01-21 04:00:00+00:00,30.8,79.2,9.118247883932316,29.717384717115568,44.60684366190575,330.3425674360507,1101.2634717536284
2020-01-21 04:00:00+00:00,31.2,78.6,6.2506891942895475,16.42225037792232,28.68812070189147,229.42364971044327,627.5770103614669
2020-01-21 05:00:00+00:00,30.1,78.3,28.214344107809037,67.5428684142191,119.2239463118402,395.5553254749221,1218.6366819886016
2020-01-21 05:00:00+00:00,29.9,78.9,9.89594410880992,59.79090986019963,215.33590890019534,524.9954586471198,801.1780291238678
2020-01-21 05:00:00+00:00,31.0,78.2,3.4751487420168194,18.36393056409431,31.93056438056536,118.83016848205204,1210.1732582422278
2020-01-21 05:00:00+00:00,30.8,79.2,2.748788454464401,29.66285675042771,44.09146014264647,330.95400944364684,1100.4750311290466
2020-01-21 05:00:00+00:00,31.2,78.6,18.043808542718942,31.827307395416998,42.781890828373065,230.1452909082312,631.7426395802191
2020-01-21 05:00:00+00:00,30.5,78.7,3.5959814189221007,17.53670690359318,42.68348302256282,446.31713157910406,1009.940437317668
2020-01-21 05:00:00+00:00,30.3,78.5,2.8512557181532987,18.236502023678657,53.041368451475364,556.5832973319372,1251.1820106644348
2020-01-21 05:00:00+00:00,30.7,78.9,0.336916741122268,10.91324796461062,17.849519795427884,233.35632453947764,744.8100786674497
2020-01-21 06:00:00+00:00,31.2,78.6,1.6018158940301526,25.89631363103865,40.78014391803899,214.29458732636888,606.9925351918173
2020-01-21 06:00:00+00:00,29.9,78.9,5.6686053813116235,35.7475233310073,146.92381146566717,522.9704830871333,791.2836417905042
2020-01-21 06:00:00+00:00,31.0,78.2,0.8764691890887384,12.540584724014066,29.919956487137807,119.18242033357696,1208.713674124227
2020-01-21 06:00:00+00:00,30.5,78.7,2.134910166684601,7.588759627848429,36.126641806797586,446.6229648181407,961.7553911879949
2020-01-21 06:00:00+00:00,30.7,78.9,3.3285463606076164,9.450649319467422,19.482820644426482,192.15467624615303,740.2280699262213
2020-01-21 06:00:00+00:00,30.3,78.5,1.0663256099937846,12.824592902414723,37.2165555823516,550.7392168196678,1240.7258937749102
2020-01-21 06:00:00+00:00,30.1,78.3,12.906827474170639,61.95033149070247,113.01448344133854,391.9061406788066,1228.9673348953143
2020-01-21 06:00:00+00:00,30.8,79.2,2.075488912389065,13.942525250785778,43.32357620904959,332.5251270000351,1096.9743468749475
2020-01-21 07:00:00+00:00,30.1,78.3,5.382743528694666,46.50391511067434,102.8857219272988,382.70966510306994,1233.2723275209419
2020-01-21 07:00:00+00:00,30.7,78.9,6.580390567703085,10.245853669432941,25.08864902394233,159.97706685744856,744.9350616375309
2020-01-21 07:00:00+00:00,30.3,78.5,2.3561639950913658,6.2737453232384635,29.953654587116407,551.7396687521481,1234.1230142061545
2020-01-21 07:00:00+00:00,31.0,78.2,8.233497627724336,12.585115558829923,28.77339836262908,115.23584474837357,1201.2951373293624
2020-01-21 07:00:00+00:00,30.8,79.2,1.5400651681994955,6.364342535052958,36.081727252168534,326.5307914483857,1094.333835920443
2020-01-21 07:00:00+00:00,30.5,78.7,1.9934546304472136,7.724346216053924,31.420714154109803,440.5201610448298,917.6591110096248
2020-01-21 07:00:00+00:00,31.2,78.6,1.436832653934701,21.082457090683807,37.50470746860611,196.63480074627583,592.1484812410272
2020-01-21 07:00:00+00:00,29.9,78.9,12.921891686401471,28.486441176523,112.40457157358414,535.6792369781778,794.6185295013103
2020-01-21 08:00:00+00:00,30.8,79.2,1.918661773715882,5.534215854304439,35.19707260473216,321.9094801309213,1094.6192623592287
2020-01-21 08:00:00+00:00,31.2,78.6,4.637111195757285,7.675759743722149,39.50306713913913,180.2956441930987,580.0559788274487
2020-01-21 08:00:00+00:00,30.7,78.9,18.11010424618943,28.019041174500103,38.932289139110765,148.42507605066154,761.828956599455
2020-01-21 08:00:00+00:00,30.3,78.5,1.1755795072021373,4.598069112287302,22.834571135965902,548.1635374901041,1231.0414977009682
2020-01-21 08:00:00+00:00,29.9,78.9,4.6224137759819754,23.212910843695056,83.0038207038947,538.249558521806,797.4080515497683
2020-01-21 08:00:00+00:00,30.5,78.7,7.029707878411474,11.158072675543298,28.694779579136476,436.23620425674994,864.628694754078
2020-01-21 08:00:00+00:00,31.0,78.2,5.234767067243569,14.344733884056671,32.70866444815093,112.62819050548794,1205.611394178592
2020-01-21 08:00:00+00:00,30.1,78.3,5.811560074026771,24.101131076892084,91.64399949111117,378.8533417792946,1237.4810973108247
2020-01-21 09:00:00+00:00,29.9,78.9,9.334991912222433,26.879297374605866,62.6268207056132,542.0463684120826,798.9034955174624
2020-01-21 09:00:00+00:00,31.0,78.2,6.079135682703519,19.54740037767145,32.08798510168546,118.64860770334653,1208.8647016983434
2020-01-21 09:00:00+00:00,30.3,78.5,1.8607602945865866,5.392503796880105,18.21709669929477,541.7140448803399,1226.5444353245189
2020-01-21 09:00:00+00:00,30.8,79.2,2.095462276810446,5.554189218725821,19.496714469511605,314.321206530524,1088.492745320844
2020-01-21 09:00:00+00:00,31.2,78.6,2.5085087038621725,8.58245255355417,34.4787661845928,162.13944292864062,568.5619689838237
2020-01-21 09:00:00+00:00,30.7,78.9,1.7116721651209508,26.402166979013437,35.8528162984809,126.53138433318732,751.2563211075432
2020-01-21 09:00:00+00:00,30.1,78.3,12.069024173219043,23.26332777594049,85.21365926664292,380.68094213858944,1245.4867642504719
2020-01-21 09:00:00+00:00,30.5,78.7,5.956962162645523,14.980124671504218,22.568884299352646,422.0358471591144,827.0895917611291
2020-01-21 10:00:00+00:00,31.2,78.6,1.8608581218651483,9.006478021484616,30.0889351121684,147.4076224354947,555.0489623383401
2020-01-21 10:00:00+00:00,30.1,78.3,1.8735770789684507,19.75416132621427,66.2580764368886,372.2761908547131,1245.2226404573723
2020-01-21 10:00:00+00:00,31.0,78.2,3.326253922340577,14.640156672287693,27.225272231117557,119.08989601393804,1204.3553913930941
2020-01-21 10:00:00+00:00,29.9,78.9,7.8186997264019436,21.776105414606338,50.262546591129365,546.2916341303101,802.7343969411718
2020-01-21 10:00:00+00:00,30.7,78.9,3.963685017099582,23.785461428409935,34.03131509784291,106.93583663583726,752.8152068330525
2020-01-21 10:00:00+00:00,30.8,79.2,3.565598139027194,7.579722189553518,13.944064724606484,304.6743682349372,1088.5461950343072
2020-01-21 10:00:00+00:00,30.5,78.7,4.2119757716439405,17.198645812700946,24.922992028754866,391.3211181887112,792.9280565212973
2020-01-21 10:00:00+00:00,30.3,78.5,12.120752239717802,15.15709204150654,21.430837364744946,542.5816144499706,1235.2955098344225
2020-01-21 11:00:00+00:00,30.8,79.2,5.894775656276294,11.55583607211393,17.090051926418376,287.784756366405,1090.2175794385732
2020-01-21 11:00:00+00:00,31.2,78.6,4.3976462103259895,8.76701303605332,16.44277277977545,138.9155130972514,534.0318670536658
2020-01-21 11:00:00+00:00,31.0,78.2,3.969815661364136,13.37520526640826,27.719939150464874,122.58691016090293,1204.397079875777
2020-01-21 11:00:00+00:00,30.5,78.7,2.8914202862789473,13.060358220568418,24.218430896111713,358.2985075506302,759.5551493036221
2020-01-21 11:00:00+00:00,30.3,78.5,1.8517284554412619,15.833240989745665,20.431310102032914,528.6057599867671,1232.8159726322558
2020-01-21 11:00:00+00:00,29.9,78.9,2.8464740266132242,20.00016566523759,43.21307650893267,546.7022669162906,802.0382186552797
2020-01-21 11:00:00+00:00,30.7,78.9,8.031068639844001,13.706425822064507,41.72546699656465,108.31213762319683,759.5226704120454
2020-01-21 11:00:00+00:00,30.1,78.3,2.2001148323783593,16.142716084565862,40.24384716145792,372.6107740438157,1243.3430219013399
2020-01-21 12:00:00+00:00,29.9,78.9,7.858903320116534,18.524077073131686,45.40337444773758,553.45891333845,807.356591423305
2020-01-21 12:00:00+00:00,30.8,79.2,4.808740299465115,14.2691140947686,19.823303313494424,255.26256320695273,1089.9166767254146
2020-01-21 12:00:00+00:00,30.5,78.7,4.781474217991815,11.884870275914711,26.86499494741893,310.90524830078505,736.4376618436858
2020-01-21 12:00:00+00:00,31.0,78.2,11.946280156873648,19.24234974057839,38.789750118249785,132.48836513155396,1210.8050323818823
2020-01-21 12:00:00+00:00,30.3,78.5,0.44147835091220955,14.413959046071287,19.806462842951337,511.72058669933864,1227.7768668611325
2020-01-21 12:00:00+00:00,30.1,78.3,3.877485003777552,7.951176915124368,31.214504691064832,374.49722097574016,1237.6429995298595
2020-01-21 12:00:00+00:00,31.2,78.6,1.4102965873271407,7.668800919518288,16.251253473072435,124.80656471643249,526.4670999508019
2020-01-21 12:00:00+00:00,30.7,78.9,6.245877063505326,18.24063072044888,44.64279769946236,101.26524985158434,762.4772709347303
2020-01-21 13:00:00+00:00,30.5,78.7,0.841004881022385,8.513899385293156,25.7125451979941,260.5050652213321,718.3258499240901
2020-01-21 13:00:00+00:00,31.0,78.2,5.347551118518257,21.26364693675607,35.903803609043706,134.23974689953056,1213.0632166132675
2020-01-21 13:00:00+00:00,29.9,78.9,3.726298483400469,14.431675830130214,36.20778124473658,555.6082250686848,806.5098542760994
2020-01-21 13:00:00+00:00,30.7,78.9,4.946679168040367,19.223624871389667,43.00908629979964,101.27975945563608,766.3308467445078
2020-01-21 13:00:00+00:00,31.2,78.6,10.826538275322537,16.634481072975678,25.64095909446027,107.85622286201716,532.4614338502402
2020-01-21 13:00:00+00:00,30.1,78.3,5.653688105084662,11.731287941240579,31.485449267454833,374.02619010441856,1236.9222122916626
2020-01-21 13:00:00+00:00,30.8,79.2,2.824824471990572,13.528340427731978,21.108062617285505,222.21941520749064,1080.0671275920397
2020-01-21 13:00:00+00:00,30.3,78.5,7.80752062234542,10.100727428698907,25.257819470205387,494.9280226983664,1231.2274840295997
2020-01-21 14:00:00+00:00,30.8,79.2,7.088441076456814,14.722005847912499,26.277841920026432,193.74179336182047,1084.5547254006713
2020-01-21 14:00:00+00:00,31.0,78.2,1.0193606646524063,18.31319194004434,31.688397206452542,133.4535197041314,1200.9377432432073
2020-01-21 14:00:00+00:00,31.2,78.6,3.7304336268360947,15.967268489485782,24.73428152553908,104.72413799614257,531.7285306335398
2020-01-21 14:00:00+00:00,30.1,78.3,4.738353136789709,14.269526245651928,30.41224233021777,373.36244019271385,1227.9346422983738
2020-01-21 14:00:00+00:00,30.5,78.7,6.422062589049838,12.044541688064047,25.10489990863246,218.7280978650202,695.7547192192002
2020-01-21 14:00:00+00:00,30.7,78.9,1.4406415857504717,12.633197817296136,26.339623639360685,98.78013355429815,762.7187363894079
2020-01-21 14:00:00+00:00,29.9,78.9,9.995549642481514,21.5807514459985,41.58091711123612,544.2110623198469,813.2939210745549
2020-01-21 14:00:00+00:00,30.3,78.5,0.5448658224947961,8.793864795752441,24.627105785498046,455.0646582435509,1226.8266094266364
2020-01-21 15:00:00+00:00,30.3,78.5,4.0981524362498,12.450538881090031,26.864497927161263,420.70117403777436,1226.315885812715
2020-01-21 15:00:00+00:00,30.1,78.3,2.218496990958291,12.610538232832667,20.561715147957017,367.7715430378649,1213.7043161234424
2020-01-21 15:00:00+00:00,30.5,78.7,3.552802708975957,10.815870179048188,22.700740454962894,179.80330112188466,685.4798778745327
2020-01-21 15:00:00+00:00,30.7,78.9,2.001582397821485,8.388903151612295,26.629533872061216,97.30737557202804,761.1561630788281
2020-01-21 15:00:00+00:00,31.0,78.2,5.300776170431392,11.667687953602083,30.910037694180417,133.34631753818465,1200.6444980338088
2020-01-21 15:00:00+00:00,29.9,78.9,23.10807985989422,36.829927985776195,55.3540050589079,559.6059427389176,825.4641854511937
2020-01-21 15:00:00+00:00,31.2,78.6,2.965321456728518,17.52229335888716,25.191094278405426,102.41622084273975,529.126335753555
2020-01-21 15:00:00+00:00,30.8,79.2,3.0493118765438627,12.962577424991247,27.231691519759853,165.359782381922,1085.340157934284
2020-01-21 16:00:00+00:00,30.1,78.3,9.405715940969502,16.362566068717506,28.093854009958065,374.24736969118214,1206.6377307439338
2020-01-21 16:00:00+00:00,30.5,78.7,4.487578396108652,14.462443694134453,22.976343079427608,149.15779538842327,681.084618268339
2020-01-21 16:00:00+00:00,30.7,78.9,5.832686281975138,9.274910265547067,28.498535136936773,102.49093180550766,756.4287750241281
2020-01-21 16:00:00+00:00,31.2,78.6,8.443929431629396,15.13968451519402,31.77416558816968,109.24142002993436,531.3516137640428
2020-01-21 16:00:00+00:00,29.9,78.9,10.982645477399078,44.0862749797748,58.517950809905045,560.1756408067348,831.2658326452071
2020-01-21 16:00:00+00:00,30.8,79.2,7.561205516622012,17.69895846962269,31.22729889735467,145.52196318286863,1089.621746771946
2020-01-21 16:00:00+00:00,30.3,78.5,6.368596204135278,11.011614462879887,21.112341891578737,378.06716907970014,1218.501928876346
2020-01-21 16:00:00+00:00,31.0,78.2,5.411719958676089,11.731856793759917,32.99550373051593,135.33183683308536,1190.7646279696398
2020-01-21 17:00:00+00:00,31.2,78.6,5.9158724488014505,17.325123337159376,33.29239182664514,111.87046048706256,535.3014480722064
2020-01-21 17:00:00+00:00,30.8,79.2,0.5082005836837618,11.118717976849634,25.840723824762136,128.09149663071761,1087.987600055167
2020-01-21 17:00:00+00:00,31.0,78.2,14.59405605244259,25.3065521815501,43.61974412159438,141.47813254021602,1194.330087925425
2020-01-21 17:00:00+00:00,30.1,78.3,10.829691802746574,22.453904734674374,36.723430980326285,382.742817684281,1188.1545886043473
2020-01-21 17:00:00+00:00,29.9,78.9,1.1486424689453156,35.239367806238604,56.820119252237134,548.8163984338821,826.3843971430734
2020-01-21 17:00:00+00:00,30.7,78.9,4.319234328782068,12.153503008578664,24.786700825874842,102.90800103400342,755.7885133674639
2020-01-21 17:00:00+00:00,30.5,78.7,1.034787517544587,9.075168622629205,21.119710310693247,133.43596926632335,675.8419294214716
2020-01-21 17:00:00+00:00,30.3,78.5,4.409886974795635,14.876635615180728,23.67050041093311,336.20993688166135,1219.7971513371692
2020-01-21 18:00:00+00:00,31.2,78.6,6.276545577249381,20.636347457680237,38.15864081656738,114.13918671904428,540.4995742075686
2020-01-21 18:00:00+00:00,30.5,78.7,11.995611042578215,17.517976956231465,28.333847135279647,128.39533648319076,682.207273689118
2020-01-21 18:00:00+00:00,31.0,78.2,26.24427725770227,46.25005326882098,57.917741222423004,159.22259030583402,1203.4013614230641
2020-01-21 18:00:00+00:00,30.3,78.5,11.28646620498541,22.064949383916336,34.51548826500631,292.89181923418704,1218.5549699774792
2020-01-21 18:00:00+00:00,30.8,79.2,2.659520404945279,10.728926505251051,23.691503930242302,117.22158645116966,1086.9783513114567
2020-01-21 18:00:00+00:00,30.7,78.9,3.7803733928542527,13.93229400361143,22.321197155223768,105.206123072147,757.4642283344494
2020-01-21 18:00:00+00:00,30.1,78.3,2.997277987766396,23.232685731482476,35.84322396431513,375.57035015910856,1163.498964009051
2020-01-21 18:00:00+00:00,29.9,78.9,1.9724682797693318,14.103756226113715,50.933684211889926,524.1842416329977,822.2069998620326
2020-01-21 19:00:00+00:00,30.7,78.9,4.726150420236609,12.825758141872901,22.10066840742001,104.70175946685825,749.4641147982314
2020-01-21 19:00:00+00:00,31.2,78.6,9.413898049574142,21.606316075624985,36.74600059081898,121.54577573023766,541.8275658080147
2020-01-21 19:00:00+00:00,31.0,78.2,7.115936934249384,47.95427024439427,59.68612703815413,157.58732243517272,1191.805706153191
2020-01-21 19:00:00+00:00,30.5,78.7,4.0440626275425124,17.07446118766532,31.536904881799774,127.82363503163499,683.7276846684667
2020-01-21 19:00:00+00:00,30.3,78.5,4.783223845219708,20.47957702500077,31.4911914878806,247.6927559912869,1213.6964103428254
2020-01-21 19:00:00+00:00,30.1,78.3,0.11926141604150572,13.946231206554481,30.30879727527197,353.4484319684313,1120.2856267639847
2020-01-21 19:00:00+00:00,29.9,78.9,0.7615376896864229,3.8826484384010596,47.96892341817588,499.5325239235569,812.0648893614315
2020-01-21 19:00:00+00:00,30.8,79.2,0.44116189102878867,3.608882879657828,21.307841349280515,111.6218882263572,1076.9246420231004
