timestamp,lat,lon,soil_wetness,soil_change
2020-01-01 00:00:00+00:00,30.1,78.3,0.2203713873648913,0.0
2020-01-01 00:00:00+00:00,30.8,79.2,0.27290479889262315,0.0
2020-01-01 00:00:00+00:00,29.9,78.9,0.2911690345463157,0.0
2020-01-01 00:00:00+00:00,31.2,78.6,0.323021593694692,0.0
2020-01-01 00:00:00+00:00,31.0,78.2,0.250834865748202,0.0
2020-01-01 00:00:00+00:00,30.7,78.9,0.2490564247641304,0.0
2020-01-01 00:00:00+00:00,30.5,78.7,0.22973513903620596,0.0
2020-01-01 00:00:00+00:00,30.3,78.5,0.2509462604927493,0.0
2020-01-01 01:00:00+00:00,30.8,79.2,0.24566496414495156,-0.027239834747671582
2020-01-01 01:00:00+00:00,30.1,78.3,0.277910146226429,0.0575387588615377
2020-01-01 01:00:00+00:00,29.9,78.9,0.22455976815603246,-0.06660926639028325
2020-01-01 01:00:00+00:00,30.3,78.5,0.2806645218626979,0.029718261369948595
2020-01-01 01:00:00+00:00,30.5,78.7,0.291156798909704,0.061421659873498013
2020-01-01 01:00:00+00:00,31.0,78.2,0.20632523298474126,-0.04450963276346076
2020-01-01 01:00:00+00:00,30.7,78.9,0.2151038334133729,-0.03395259135075748
2020-01-01 01:00:00+00:00,31.2,78.6,0.2662436949825066,-0.056777898712185415
2020-01-01 02:00:00+00:00,31.0,78.2,0.28302999927859673,0.07670476629385548
2020-01-01 02:00:00+00:00,30.3,78.5,0.3147245022698806,0.034059980407182666
2020-01-01 02:00:00+00:00,29.9,78.9,0.2569988265523068,0.03243905839627437
2020-01-01 02:00:00+00:00,30.5,78.7,0.2686876045297254,-0.022469194379978574
2020-01-01 02:00:00+00:00,30.1,78.3,0.2647125542468824,-0.013197591979546619
2020-01-01 02:00:00+00:00,30.8,79.2,0.3089835281726326,0.06331856402768102
2020-01-01 02:00:00+00:00,30.7,78.9,0.25521511719472684,0.040111283781353924
2020-01-01 02:00:00+00:00,31.2,78.6,0.3269070622693908,0.06066336728688421
2020-01-01 03:00:00+00:00,31.0,78.2,0.2764442445968917,-0.006585754681705025
2020-01-01 03:00:00+00:00,29.9,78.9,0.2172391012317484,-0.03975972532055844
2020-01-01 03:00:00+00:00,30.8,79.2,0.32274252037466983,0.013758992202037246
2020-01-01 03:00:00+00:00,31.2,78.6,0.32251795722079746,-0.004389105048593356
2020-01-01 03:00:00+00:00,30.7,78.9,0.336888652779627,0.08167353558490015
2020-01-01 03:00:00+00:00,30.1,78.3,0.26829159341283293,0.003579039165950537
2020-01-01 03:00:00+00:00,30.5,78.7,0.29367965395830675,0.024992049428581353
2020-01-01 03:00:00+00:00,30.3,78.5,0.26197599385632153,-0.05274850841355905
2020-01-01 04:00:00+00:00,30.5,78.7,0.2584459583668501,-0.03523369559145667
2020-01-01 04:00:00+00:00,31.2,78.6,0.30790923063639425,-0.014608726584403209
2020-01-01 04:00:00+00:00,31.0,78.2,0.3061943025215548,0.029750057924663065
2020-01-01 04:00:00+00:00,29.9,78.9,0.3236385659211178,0.1063994646893694
2020-01-01 04:00:00+00:00,30.8,79.2,0.2644801870283092,-0.058262333346360606
2020-01-01 04:00:00+00:00,30.7,78.9,0.2808482650368678,-0.05604038774275921
2020-01-01 04:00:00+00:00,30.3,78.5,0.35088863771097184,0.08891264385465031
2020-01-01 04:00:00+00:00,30.1,78.3,0.3322155451850589,0.06392395177222598
2020-01-01 05:00:00+00:00,30.1,78.3,0.3213091452413421,-0.010906399943716838
2020-01-01 05:00:00+00:00,31.2,78.6,0.2833047258696718,-0.024604504766722435
2020-01-01 05:00:00+00:00,29.9,78.9,0.30210992736371794,-0.021528638557399837
2020-01-01 05:00:00+00:00,31.0,78.2,0.2911534559628806,-0.015040846558674159
2020-01-01 05:00:00+00:00,30.8,79.2,0.34342650274973247,0.07894631572142324
2020-01-01 05:00:00+00:00,30.7,78.9,0.2630592199203332,-0.017789045116534563
2020-01-01 05:00:00+00:00,30.3,78.5,0.2159670476666785,-0.13492159004429333
2020-01-01 05:00:00+00:00,30.5,78.7,0.25851942808072265,7.346971387256485e-05
2020-01-01 06:00:00+00:00,31.0,78.2,0.20334881558574247,-0.08780464037713814
2020-01-01 06:00:00+00:00,31.2,78.6,0.27695286453888845,-0.006351861330783359
2020-01-01 06:00:00+00:00,30.5,78.7,0.23810172535567933,-0.020417702725043313
2020-01-01 06:00:00+00:00,30.1,78.3,0.2965724777568674,-0.024736667484474673
2020-01-01 06:00:00+00:00,30.7,78.9,0.27162536513780605,0.008566145217472843
2020-01-01 06:00:00+00:00,29.9,78.9,0.3216770346490876,0.019567107285369645
2020-01-01 06:00:00+00:00,30.8,79.2,0.3391555340280954,-0.0042709687216370695
2020-01-01 06:00:00+00:00,30.3,78.5,0.34899170585199396,0.13302465818531545
2020-01-01 07:00:00+00:00,30.5,78.7,0.34551343218143876,0.10741170682575943
2020-01-01 07:00:00+00:00,31.2,78.6,0.3069789337076526,0.030026069168764158
2020-01-01 07:00:00+00:00,29.9,78.9,0.320064267797201,-0.0016127668518866045
2020-01-01 07:00:00+00:00,30.8,79.2,0.3462260382570357,0.007070504228940289
2020-01-01 07:00:00+00:00,30.3,78.5,0.31066751607306764,-0.03832418977892632
2020-01-01 07:00:00+00:00,31.0,78.2,0.2781734263186495,0.07482461073290703
2020-01-01 07:00:00+00:00,30.7,78.9,0.289094854863358,0.017469489725551957
2020-01-01 07:00:00+00:00,30.1,78.3,0.3069546334314813,0.010382155674613924
2020-01-01 08:00:00+00:00,30.8,79.2,0.4089681941040902,0.0627421558470545
2020-01-01 08:00:00+00:00,29.9,78.9,0.25437397568605585,-0.06569029211114513
2020-01-01 08:00:00+00:00,31.2,78.6,0.3910713300962726,0.08409239638861998
2020-01-01 08:00:00+00:00,31.0,78.2,0.32151523099243806,0.043341804673788564
2020-01-01 08:00:00+00:00,30.3,78.5,0.340201463817734,0.029533947744666333
2020-01-01 08:00:00+00:00,30.1,78.3,0.3215587694795511,0.01460413604806976
2020-01-01 08:00:00+00:00,30.5,78.7,0.34973739653014907,0.004223964348710307
2020-01-01 08:00:00+00:00,30.7,78.9,0.23677801603689236,-0.05231683882646565
2020-01-01 09:00:00+00:00,29.9,78.9,0.3011421775949014,0.046768201908845564
2020-01-01 09:00:00+00:00,31.2,78.6,0.38981540704562384,-0.001255923050648755
2020-01-01 09:00:00+00:00,30.1,78.3,0.335528503924266,0.013969734444714887
2020-01-01 09:00:00+00:00,30.7,78.9,0.37145429359900145,0.1346762775621091
2020-01-01 09:00:00+00:00,30.3,78.5,0.3481251612510811,0.007923697433347143
2020-01-01 09:00:00+00:00,31.0,78.2,0.31660981136611255,-0.004905419626325513
2020-01-01 09:00:00+00:00,30.5,78.7,0.30285080000217807,-0.046886596527971
2020-01-01 09:00:00+00:00,30.8,79.2,0.3952375241658988,-0.013730669938191387
2020-01-01 10:00:00+00:00,31.0,78.2,0.30371355254840154,-0.012896258817711004
2020-01-01 10:00:00+00:00,29.9,78.9,0.35271070450408354,0.05156852690918212
2020-01-01 10:00:00+00:00,30.7,78.9,0.37879536872410774,0.007341075125106289
2020-01-01 10:00:00+00:00,30.3,78.5,0.2678682510805967,-0.08025691017048442
2020-01-01 10:00:00+00:00,30.8,79.2,0.4174571814180769,0.022219657252178115
2020-01-01 10:00:00+00:00,31.2,78.6,0.32761496027510917,-0.06220044677051467
2020-01-01 10:00:00+00:00,30.1,78.3,0.3588944354060371,0.02336593148177113
2020-01-01 10:00:00+00:00,30.5,78.7,0.4232912955600208,0.12044049555784275
2020-01-01 11:00:00+00:00,30.7,78.9,0.31225848342161305,-0.06653688530249469
2020-01-01 11:00:00+00:00,30.8,79.2,0.4051620264306851,-0.01229515498739181
2020-01-01 11:00:00+00:00,31.0,78.2,0.2912348474598185,-0.012478705088583064
2020-01-01 11:00:00+00:00,29.9,78.9,0.3726703574961748,0.019959652992091237
2020-01-01 11:00:00+00:00,30.5,78.7,0.37703561685132647,-0.04625567870869435
2020-01-01 11:00:00+00:00,31.2,78.6,0.33031969420676943,0.0027047339316602637
2020-01-01 11:00:00+00:00,30.3,78.5,0.2753558056009,0.007487554520303308
2020-01-01 11:00:00+00:00,30.1,78.3,0.3894580324199154,0.030563597013878285
2020-01-01 12:00:00+00:00,30.1,78.3,0.43133084685420037,0.04187281443428498
2020-01-01 12:00:00+00:00,30.5,78.7,0.42440265254616166,0.04736703569483519
2020-01-01 12:00:00+00:00,30.8,79.2,0.4638561790211677,0.05869415259048261
2020-01-01 12:00:00+00:00,29.9,78.9,0.364451169050222,-0.008219188445952763
2020-01-01 12:00:00+00:00,31.2,78.6,0.35239107068195846,0.02207137647518903
2020-01-01 12:00:00+00:00,30.3,78.5,0.33837546424784587,0.06301965864694586
2020-01-01 12:00:00+00:00,31.0,78.2,0.32084602495866904,0.02961117749885056
2020-01-01 12:00:00+00:00,30.7,78.9,0.369725180908949,0.05746669748733596
2020-01-01 13:00:00+00:00,30.1,78.3,0.420822089250705,-0.010508757603495344
2020-01-01 13:00:00+00:00,30.8,79.2,0.4807073078835762,0.01685112886240847
2020-01-01 13:00:00+00:00,30.5,78.7,0.4707521205442215,0.046349467998059835
2020-01-01 13:00:00+00:00,30.3,78.5,0.29063366539893887,-0.047741798848907
2020-01-01 13:00:00+00:00,30.7,78.9,0.39608381855340835,0.026358637644459337
2020-01-01 13:00:00+00:00,29.9,78.9,0.3341343126962336,-0.030316856353988397
2020-01-01 13:00:00+00:00,31.0,78.2,0.3180061687282778,-0.0028398562303912356
2020-01-01 13:00:00+00:00,31.2,78.6,0.354574106954868,0.0021830362729095554
2020-01-01 14:00:00+00:00,30.5,78.7,0.4118704622975212,-0.058881658246700275
2020-01-01 14:00:00+00:00,30.7,78.9,0.3264484642353091,-0.06963535431809925
2020-01-01 14:00:00+00:00,31.0,78.2,0.2959263013698363,-0.02207986735844153
2020-01-01 14:00:00+00:00,29.9,78.9,0.33273981540110864,-0.0013944972951249746
2020-01-01 14:00:00+00:00,30.3,78.5,0.34108433827133733,0.05045067287239846
2020-01-01 14:00:00+00:00,31.2,78.6,0.3585652580318919,0.003991151077023858
2020-01-01 14:00:00+00:00,30.8,79.2,0.4931142592929312,0.012406951409354994
2020-01-01 14:00:00+00:00,30.1,78.3,0.3997679850972334,-0.021054104153471642
2020-01-01 15:00:00+00:00,29.9,78.9,0.3386659548349769,0.005926139433868272
2020-01-01 15:00:00+00:00,31.2,78.6,0.42452233863018485,0.06595708059829297
2020-01-01 15:00:00+00:00,30.7,78.9,0.3656508404522048,0.03920237621689571
2020-01-01 15:00:00+00:00,30.1,78.3,0.5210645648254568,0.12129657972822344
2020-01-01 15:00:00+00:00,31.0,78.2,0.3765467075235675,0.08062040615373123
2020-01-01 15:00:00+00:00,30.3,78.5,0.31875816147264846,-0.022326176798688868
2020-01-01 15:00:00+00:00,30.5,78.7,0.42150110061170665,0.009630638314185425
2020-01-01 15:00:00+00:00,30.8,79.2,0.5605170987804715,0.06740283948754033
2020-01-01 16:00:00+00:00,30.5,78.7,0.397164209819951,-0.02433689079175566
2020-01-01 16:00:00+00:00,31.0,78.2,0.35210861390368065,-0.024438093619886858
2020-01-01 16:00:00+00:00,31.2,78.6,0.3785180386585179,-0.04600429997166694
2020-01-01 16:00:00+00:00,29.9,78.9,0.3720399942353212,0.03337403940034428
2020-01-01 16:00:00+00:00,30.1,78.3,0.5272769186438719,0.006212353818415117
2020-01-01 16:00:00+00:00,30.8,79.2,0.6228727065242698,0.062355607743798336
2020-01-01 16:00:00+00:00,30.3,78.5,0.3680127957965436,0.04925463432389515
2020-01-01 16:00:00+00:00,30.7,78.9,0.3940794860025226,0.02842864555031782
2020-01-01 17:00:00+00:00,29.9,78.9,0.24033400694186555,-0.13170598729345565
2020-01-01 17:00:00+00:00,31.2,78.6,0.42331370709516286,0.04479566843664495
2020-01-01 17:00:00+00:00,30.5,78.7,0.4669512180976058,0.06978700827765483
2020-01-01 17:00:00+00:00,30.1,78.3,0.5980484320587856,0.07077151341491361
2020-01-01 17:00:00+00:00,31.0,78.2,0.3383380499248645,-0.013770563978816153
2020-01-01 17:00:00+00:00,30.3,78.5,0.36663066422555257,-0.001382131570991041
2020-01-01 17:00:00+00:00,30.7,78.9,0.3872554320659543,-0.0068240539365683195
2020-01-01 17:00:00+00:00,30.8,79.2,0.7845097242368774,0.16163701771260752
2020-01-01 18:00:00+00:00,30.7,78.9,0.31859714352449553,-0.06865828854145878
2020-01-01 18:00:00+00:00,31.0,78.2,0.28123656912259465,-0.057101480802269844
2020-01-01 18:00:00+00:00,30.8,79.2,0.8225060477922871,0.03799632355540972
2020-01-01 18:00:00+00:00,30.3,78.5,0.5079241768994736,0.14129351267392098
2020-01-01 18:00:00+00:00,30.1,78.3,0.6376870722950414,0.03963864023625585
2020-01-01 18:00:00+00:00,29.9,78.9,0.34257302269918294,0.10223901575731739
2020-01-01 18:00:00+00:00,30.5,78.7,0.42776725376580105,-0.039183964331804766
2020-01-01 18:00:00+00:00,31.2,78.6,0.5323582466787296,0.10904453958356669
2020-01-01 19:00:00+00:00,30.3,78.5,0.4085338882301544,-0.09939028866931915
2020-01-01 19:00:00+00:00,30.7,78.9,0.3876954899492591,0.06909834642476359
2020-01-01 19:00:00+00:00,30.5,78.7,0.4559776356158038,0.02821038185000274
2020-01-01 19:00:00+00:00,30.8,79.2,0.8482215596246778,0.025715511832390736
2020-01-01 19:00:00+00:00,31.2,78.6,0.642204064160174,0.1098458174814444
2020-01-01 19:00:00+00:00,30.1,78.3,0.6319444854946235,-0.005742586800417948
2020-01-01 19:00:00+00:00,29.9,78.9,0.3941904630280904,0.05161744032890747
2020-01-01 19:00:00+00:00,31.0,78.2,0.3063177114205261,0.025081142297931458
2020-01-01 20:00:00+00:00,30.7,78.9,0.40638589837302597,0.018690408423766847
2020-01-01 20:00:00+00:00,30.1,78.3,0.7372560796682901,0.10531159417366664
2020-01-01 20:00:00+00:00,30.5,78.7,0.43758373997893923,-0.018393895636864555
2020-01-01 20:00:00+00:00,31.0,78.2,0.43132642731501786,0.12500871589449175
2020-01-01 20:00:00+00:00,30.3,78.5,0.3708758219593824,-0.037658066270772006
2020-01-01 20:00:00+00:00,31.2,78.6,0.6147200150008505,-0.027484049159323454
2020-01-01 20:00:00+00:00,30.8,79.2,0.8313971899487577,-0.01682436967592016
2020-01-01 20:00:00+00:00,29.9,78.9,0.37867082663821994,-0.015519636389870473
2020-01-01 21:00:00+00:00,31.2,78.6,0.7188698885995847,0.10414987359873418
2020-01-01 21:00:00+00:00,30.8,79.2,0.8971798672391424,0.06578267729038478
2020-01-01 21:00:00+00:00,30.7,78.9,0.39484140708345095,-0.01154449128957502
2020-01-01 21:00:00+00:00,30.5,78.7,0.4630064537977239,0.025422713818784692
2020-01-01 21:00:00+00:00,30.1,78.3,0.9011315665149625,0.1638754868466724
2020-01-01 21:00:00+00:00,31.0,78.2,0.4162994177684761,-0.015027009546541736
2020-01-01 21:00:00+00:00,30.3,78.5,0.4152006435094124,0.04432482155002998
2020-01-01 21:00:00+00:00,29.9,78.9,0.41257324864297473,0.033902422004754795
2020-01-01 22:00:00+00:00,30.5,78.7,0.4601959211211814,-0.002810532676542521
2020-01-01 22:00:00+00:00,31.2,78.6,0.791449355393477,0.07257946679389238
2020-01-01 22:00:00+00:00,30.1,78.3,0.9470297218037435,0.04589815528878094
2020-01-01 22:00:00+00:00,30.3,78.5,0.4843500929414507,0.06914944943203832
2020-01-01 22:00:00+00:00,30.7,78.9,0.4594608366020838,0.06461942951863286
2020-01-01 22:00:00+00:00,31.0,78.2,0.4038849518700327,-0.012414465898443416
2020-01-01 22:00:00+00:00,30.8,79.2,0.98,0.08282013276085753
2020-01-01 22:00:00+00:00,29.9,78.9,0.37493298494658506,-0.037640263696389675
2020-01-01 23:00:00+00:00,30.8,79.2,0.98,0.0
2020-01-01 23:00:00+00:00,30.7,78.9,0.4952988650536888,0.035838028451605
2020-01-01 23:00:00+00:00,30.5,78.7,0.5516771937763143,0.0914812726551329
2020-01-01 23:00:00+00:00,30.3,78.5,0.4260400287385616,-0.05831006420288909
2020-01-01 23:00:00+00:00,29.9,78.9,0.37386726768270495,-0.001065717263880106
2020-01-01 23:00:00+00:00,31.0,78.2,0.3707846853347715,-0.033100266535261214
2020-01-01 23:00:00+00:00,30.1,78.3,0.98,0.03297027819625653
2020-01-01 23:00:00+00:00,31.2,78.6,0.8150838241703915,0.02363446877691444
2020-01-02 00:00:00+00:00,30.3,78.5,0.4792461190703175,0.053206090331755884
2020-01-02 00:00:00+00:00,31.2,78.6,0.98,0.1649161758296085
2020-01-02 00:00:00+00:00,30.1,78.3,0.98,0.0
2020-01-02 00:00:00+00:00,30.5,78.7,0.46353809831366377,-0.08813909546265053
2020-01-02 00:00:00+00:00,30.7,78.9,0.40095910349932096,-0.09433976155436785
2020-01-02 00:00:00+00:00,31.0,78.2,0.4651379170650894,0.0943532317303179
2020-01-02 00:00:00+00:00,30.8,79.2,0.98,0.0
2020-01-02 00:00:00+00:00,29.9,78.9,0.43249474324718473,0.05862747556447978
2020-01-02 01:00:00+00:00,30.1,78.3,0.98,0.0
2020-01-02 01:00:00+00:00,30.5,78.7,0.607649101231512,0.14411100291784817
2020-01-02 01:00:00+00:00,31.0,78.2,0.47047503947079716,0.005337122405707773
2020-01-02 01:00:00+00:00,30.7,78.9,0.46111933832283547,0.06016023482351451
2020-01-02 01:00:00+00:00,30.8,79.2,0.98,0.0
2020-01-02 01:00:00+00:00,29.9,78.9,0.4928062490321749,0.06031150578499017
2020-01-02 01:00:00+00:00,30.3,78.5,0.4494449845013235,-0.029801134568994025
2020-01-02 01:00:00+00:00,31.2,78.6,0.9377100316122806,-0.04228996838771937
2020-01-02 02:00:00+00:00,31.2,78.6,0.98,0.04228996838771937
2020-01-02 02:00:00+00:00,29.9,78.9,0.47201028129743505,-0.02079596773473985
2020-01-02 02:00:00+00:00,31.0,78.2,0.4094045805002107,-0.06107045897058644
2020-01-02 02:00:00+00:00,30.1,78.3,0.98,0.0
2020-01-02 02:00:00+00:00,30.3,78.5,0.4821262999675045,0.03268131546618103
2020-01-02 02:00:00+00:00,30.5,78.7,0.5911772102162918,-0.016471891015220175
2020-01-02 02:00:00+00:00,30.7,78.9,0.48801913037275224,0.02689979204991677
2020-01-02 02:00:00+00:00,30.8,79.2,0.98,0.0
2020-01-02 03:00:00+00:00,29.9,78.9,0.40405407789527553,-0.06795620340215952
2020-01-02 03:00:00+00:00,30.7,78.9,0.4423839761060171,-0.045635154266735145
2020-01-02 03:00:00+00:00,31.0,78.2,0.4375137032089371,0.028109122708726397
2020-01-02 03:00:00+00:00,30.1,78.3,0.98,0.0
2020-01-02 03:00:00+00:00,30.5,78.7,0.5645533561415688,-0.026623854074723008
2020-01-02 03:00:00+00:00,31.2,78.6,0.98,0.0
2020-01-02 03:00:00+00:00,30.3,78.5,0.5131251630934485,0.030998863125943965
2020-01-02 03:00:00+00:00,30.8,79.2,0.98,0.0
2020-01-02 04:00:00+00:00,30.8,79.2,0.98,0.0
2020-01-02 04:00:00+00:00,30.7,78.9,0.5274497849070119,0.08506580880099479
2020-01-02 04:00:00+00:00,29.9,78.9,0.4995669727403407,0.09551289484506514
2020-01-02 04:00:00+00:00,30.1,78.3,0.98,0.0
2020-01-02 04:00:00+00:00,31.0,78.2,0.4209316562477145,-0.01658204696122262
2020-01-02 04:00:00+00:00,30.3,78.5,0.5261843784697197,0.013059215376271194
2020-01-02 04:00:00+00:00,30.5,78.7,0.6342193529090578,0.06966599676748908
2020-01-02 04:00:00+00:00,31.2,78.6,0.98,0.0
2020-01-02 05:00:00+00:00,30.5,78.7,0.6456085424350506,0.011389189525992771
2020-01-02 05:00:00+00:00,30.3,78.5,0.4933409428878551,-0.03284343558186453
2020-01-02 05:00:00+00:00,29.9,78.9,0.44286393781767397,-0.056703034922666706
2020-01-02 05:00:00+00:00,31.0,78.2,0.4842663617417476,0.06333470549403308
2020-01-02 05:00:00+00:00,31.2,78.6,0.98,0.0
2020-01-02 05:00:00+00:00,30.8,79.2,0.98,0.0
2020-01-02 05:00:00+00:00,30.7,78.9,0.47896196313816053,-0.04848782176885136
2020-01-02 05:00:00+00:00,30.1,78.3,0.98,0.0
2020-01-02 06:00:00+00:00,29.9,78.9,0.49794586843556954,0.05508193061789557
2020-01-02 06:00:00+00:00,30.1,78.3,0.98,0.0
2020-01-02 06:00:00+00:00,30.3,78.5,0.4651969173936619,-0.028144025494193203
2020-01-02 06:00:00+00:00,30.8,79.2,0.98,0.0
2020-01-02 06:00:00+00:00,31.2,78.6,0.98,0.0
2020-01-02 06:00:00+00:00,31.0,78.2,0.4415323774843465,-0.0427339842574011
2020-01-02 06:00:00+00:00,30.7,78.9,0.49782060867332983,0.018858645535169305
2020-01-02 06:00:00+00:00,30.5,78.7,0.7580116346038114,0.11240309216876077
2020-01-02 07:00:00+00:00,30.3,78.5,0.5025258860365337,0.037328968642871774
2020-01-02 07:00:00+00:00,30.7,78.9,0.4988299232544857,0.0010093145811558846
2020-01-02 07:00:00+00:00,30.5,78.7,0.8637999882246526,0.10578835362084127
2020-01-02 07:00:00+00:00,31.2,78.6,0.98,0.0
2020-01-02 07:00:00+00:00,31.0,78.2,0.5366739652013847,0.09514158771703818
2020-01-02 07:00:00+00:00,30.1,78.3,0.98,0.0
2020-01-02 07:00:00+00:00,29.9,78.9,0.507524917125127,0.009579048689557501
2020-01-02 07:00:00+00:00,30.8,79.2,0.98,0.0
2020-01-02 08:00:00+00:00,31.2,78.6,0.98,0.0
2020-01-02 08:00:00+00:00,29.9,78.9,0.5098462417573246,0.0023213246321975856
2020-01-02 08:00:00+00:00,31.0,78.2,0.4397146897937525,-0.09695927540763216
2020-01-02 08:00:00+00:00,30.7,78.9,0.47276722036140206,-0.026062702893083656
2020-01-02 08:00:00+00:00,30.5,78.7,0.9121923166263095,0.04839232840165686
2020-01-02 08:00:00+00:00,30.3,78.5,0.48846527598098377,-0.014060610055549927
2020-01-02 08:00:00+00:00,30.1,78.3,0.98,0.0
2020-01-02 08:00:00+00:00,30.8,79.2,0.98,0.0
2020-01-02 09:00:00+00:00,31.2,78.6,0.98,0.0
2020-01-02 09:00:00+00:00,29.9,78.9,0.47843553704453307,-0.03141070471279156
2020-01-02 09:00:00+00:00,30.1,78.3,0.98,0.0
2020-01-02 09:00:00+00:00,30.7,78.9,0.5055512764462236,0.03278405608482149
2020-01-02 09:00:00+00:00,30.3,78.5,0.5099582017130422,0.02149292573205841
2020-01-02 09:00:00+00:00,30.8,79.2,0.98,0.0
2020-01-02 09:00:00+00:00,31.0,78.2,0.3966667939385019,-0.043047895855250595
2020-01-02 09:00:00+00:00,30.5,78.7,0.98,0.06780768337369047
2020-01-02 10:00:00+00:00,30.8,79.2,0.98,0.0
2020-01-02 10:00:00+00:00,31.2,78.6,0.98,0.0
2020-01-02 10:00:00+00:00,31.0,78.2,0.5172782418458028,0.12061144790730094
2020-01-02 10:00:00+00:00,30.3,78.5,0.5454697312292739,0.03551152951623171
2020-01-02 10:00:00+00:00,30.7,78.9,0.46742238185029844,-0.03812889459592511
2020-01-02 10:00:00+00:00,29.9,78.9,0.5297996452274132,0.05136410818288012
2020-01-02 10:00:00+00:00,30.5,78.7,0.98,0.0
2020-01-02 10:00:00+00:00,30.1,78.3,0.98,0.0
2020-01-02 11:00:00+00:00,30.3,78.5,0.5392882795785927,-0.00618145165068118
2020-01-02 11:00:00+00:00,29.9,78.9,0.5497637676435523,0.019964122416139096
2020-01-02 11:00:00+00:00,30.8,79.2,0.98,0.0
2020-01-02 11:00:00+00:00,30.1,78.3,0.98,0.0
2020-01-02 11:00:00+00:00,31.0,78.2,0.4688210698963925,-0.04845717194941035
2020-01-02 11:00:00+00:00,30.7,78.9,0.4846531811611743,0.017230799310875844
2020-01-02 11:00:00+00:00,30.5,78.7,0.98,0.0
2020-01-02 11:00:00+00:00,31.2,78.6,0.98,0.0
2020-01-02 12:00:00+00:00,30.3,78.5,0.5322853074609514,-0.007002972117641337
2020-01-02 12:00:00+00:00,30.7,78.9,0.5466703865487609,0.062017205387586594
2020-01-02 12:00:00+00:00,30.8,79.2,0.98,0.0
2020-01-02 12:00:00+00:00,31.2,78.6,0.98,0.0
2020-01-02 12:00:00+00:00,31.0,78.2,0.5049101001873724,0.03608903029097987
2020-01-02 12:00:00+00:00,30.1,78.3,0.98,0.0
2020-01-02 12:00:00+00:00,29.9,78.9,0.533284386614254,-0.016479381029298246
2020-01-02 12:00:00+00:00,30.5,78.7,0.98,0.0
2020-01-02 13:00:00+00:00,31.0,78.2,0.49268296465829287,-0.012227135529079503
2020-01-02 13:00:00+00:00,30.1,78.3,0.98,0.0
2020-01-02 13:00:00+00:00,30.7,78.9,0.5494689597609841,0.00279857321222321
2020-01-02 13:00:00+00:00,30.3,78.5,0.5772457913039895,0.04496048384303808
2020-01-02 13:00:00+00:00,29.9,78.9,0.6012937258722928,0.06800933925803876
2020-01-02 13:00:00+00:00,30.8,79.2,0.98,0.0
2020-01-02 13:00:00+00:00,31.2,78.6,0.98,0.0
2020-01-02 13:00:00+00:00,30.5,78.7,0.98,0.0
2020-01-02 14:00:00+00:00,31.0,78.2,0.5209029473530752,0.02821998269478232
2020-01-02 14:00:00+00:00,30.7,78.9,0.5047105339694302,-0.04475842579155387
2020-01-02 14:00:00+00:00,30.3,78.5,0.5441116764721148,-0.03313411483187467
2020-01-02 14:00:00+00:00,31.2,78.6,0.98,0.0
2020-01-02 14:00:00+00:00,30.1,78.3,0.98,0.0
2020-01-02 14:00:00+00:00,29.9,78.9,0.5275730883514842,-0.0737206375208086
2020-01-02 14:00:00+00:00,30.5,78.7,0.98,0.0
2020-01-02 14:00:00+00:00,30.8,79.2,0.98,0.0
2020-01-02 15:00:00+00:00,30.8,79.2,0.98,0.0
2020-01-02 15:00:00+00:00,30.3,78.5,0.6212088257037538,0.07709714923163902
2020-01-02 15:00:00+00:00,30.7,78.9,0.5368109946086683,0.032100460639238104
2020-01-02 15:00:00+00:00,31.0,78.2,0.5283373349963493,0.007434387643274087
2020-01-02 15:00:00+00:00,29.9,78.9,0.549607892725147,0.022034804373662786
2020-01-02 15:00:00+00:00,31.2,78.6,0.98,0.0
2020-01-02 15:00:00+00:00,30.1,78.3,0.98,0.0
2020-01-02 15:00:00+00:00,30.5,78.7,0.98,0.0
2020-01-02 16:00:00+00:00,31.0,78.2,0.5773565912328713,0.049019256236522035
2020-01-02 16:00:00+00:00,29.9,78.9,0.6370787888436773,0.08747089611853032
2020-01-02 16:00:00+00:00,30.1,78.3,0.98,0.0
2020-01-02 16:00:00+00:00,30.5,78.7,0.98,0.0
2020-01-02 16:00:00+00:00,30.7,78.9,0.619097747727889,0.08228675311922062
2020-01-02 16:00:00+00:00,30.3,78.5,0.6272283731100727,0.006019547406318937
2020-01-02 16:00:00+00:00,31.2,78.6,0.98,0.0
2020-01-02 16:00:00+00:00,30.8,79.2,0.98,0.0
2020-01-02 17:00:00+00:00,30.7,78.9,0.5577345676724073,-0.06136318005548169
2020-01-02 17:00:00+00:00,30.1,78.3,0.98,0.0
2020-01-02 17:00:00+00:00,31.2,78.6,0.98,0.0
2020-01-02 17:00:00+00:00,31.0,78.2,0.6050002425582323,0.02764365132536095
2020-01-02 17:00:00+00:00,29.9,78.9,0.5779264594492315,-0.05915232939444581
2020-01-02 17:00:00+00:00,30.8,79.2,0.98,0.0
2020-01-02 17:00:00+00:00,30.5,78.7,0.98,0.0
2020-01-02 17:00:00+00:00,30.3,78.5,0.544794167921903,-0.08243420518816968
2020-01-02 18:00:00+00:00,30.8,79.2,0.98,0.0
2020-01-02 18:00:00+00:00,31.2,78.6,0.98,0.0
2020-01-02 18:00:00+00:00,30.7,78.9,0.6262606999781616,0.06852613230575433
2020-01-02 18:00:00+00:00,30.5,78.7,0.98,0.0
2020-01-02 18:00:00+00:00,30.1,78.3,0.98,0.0
2020-01-02 18:00:00+00:00,29.9,78.9,0.5746099599426865,-0.003316499506545001
2020-01-02 18:00:00+00:00,30.3,78.5,0.6454929602725121,0.10069879235060908
2020-01-02 18:00:00+00:00,31.0,78.2,0.505679182612988,-0.0993210599452442
2020-01-02 19:00:00+00:00,30.3,78.5,0.613086842810991,-0.03240611746152111
2020-01-02 19:00:00+00:00,31.0,78.2,0.5654749890682353,0.05979580645524729
2020-01-02 19:00:00+00:00,29.9,78.9,0.6265064531807043,0.051896493238017816
2020-01-02 19:00:00+00:00,31.2,78.6,0.98,0.0
2020-01-02 19:00:00+00:00,30.8,79.2,0.98,0.0
2020-01-02 19:00:00+00:00,30.7,78.9,0.5759665768234151,-0.05029412315474646
2020-01-02 19:00:00+00:00,30.5,78.7,0.98,0.0
2020-01-02 19:00:00+00:00,30.1,78.3,0.98,0.0
2020-01-02 20:00:00+00:00,31.0,78.2,0.5261350805395003,-0.039339908528735035
2020-01-02 20:00:00+00:00,29.9,78.9,0.6174532059269752,-0.009053247253729135
2020-01-02 20:00:00+00:00,30.7,78.9,0.5941592352524742,0.01819265842905904
2020-01-02 20:00:00+00:00,30.1,78.3,0.98,0.0
2020-01-02 20:00:00+00:00,31.2,78.6,0.98,0.0
2020-01-02 20:00:00+00:00,30.8,79.2,0.98,0.0
2020-01-02 20:00:00+00:00,30.5,78.7,0.98,0.0
2020-01-02 20:00:00+00:00,30.3,78.5,0.679258122406165,0.06617127959517399
2020-01-02 21:00:00+00:00,30.1,78.3,0.98,0.0
2020-01-02 21:00:00+00:00,30.7,78.9,0.5342378295208883,-0.059921405731585886
2020-01-02 21:00:00+00:00,30.5,78.7,0.98,0.0
2020-01-02 21:00:00+00:00,30.3,78.5,0.6227982724738296,-0.05645984993233544
2020-01-02 21:00:00+00:00,30.8,79.2,0.98,0.0
2020-01-02 21:00:00+00:00,31.2,78.6,0.98,0.0
2020-01-02 21:00:00+00:00,31.0,78.2,0.5894016868678997,0.06326660632839942
2020-01-02 21:00:00+00:00,29.9,78.9,0.5924586201730339,-0.024994585753941312
2020-01-02 22:00:00+00:00,30.7,78.9,0.6724137278989359,0.13817589837804767
2020-01-02 22:00:00+00:00,31.0,78.2,0.6389806784982782,0.04957899163037849
2020-01-02 22:00:00+00:00,30.8,79.2,0.98,0.0
2020-01-02 22:00:00+00:00,30.1,78.3,0.98,0.0
2020-01-02 22:00:00+00:00,30.5,78.7,0.98,0.0
2020-01-02 22:00:00+00:00,29.9,78.9,0.6566393243461586,0.06418070417312471
2020-01-02 22:00:00+00:00,31.2,78.6,0.98,0.0
2020-01-02 22:00:00+00:00,30.3,78.5,0.682568556989909,0.059770284516079464
2020-01-02 23:00:00+00:00,30.7,78.9,0.6106679009035633,-0.06174582699537268
2020-01-02 23:00:00+00:00,31.0,78.2,0.6457079050016743,0.006727226503396078
2020-01-02 23:00:00+00:00,29.9,78.9,0.5980348382137617,-0.05860448613239688
2020-01-02 23:00:00+00:00,30.3,78.5,0.702991030953036,0.020422473963126908
2020-01-02 23:00:00+00:00,31.2,78.6,0.98,0.0
2020-01-02 23:00:00+00:00,30.1,78.3,0.98,0.0
2020-01-02 23:00:00+00:00,30.8,79.2,0.98,0.0
2020-01-02 23:00:00+00:00,30.5,78.7,0.98,0.0
2020-01-03 00:00:00+00:00,29.9,78.9,0.6134482447809146,0.015413406567152954
2020-01-03 00:00:00+00:00,31.0,78.2,0.7265316051642557,0.08082370016258145
2020-01-03 00:00:00+00:00,30.3,78.5,0.6605972640801323,-0.04239376687290364
2020-01-03 00:00:00+00:00,30.7,78.9,0.6566840289595044,0.04601612805594113
2020-01-03 00:00:00+00:00,30.5,78.7,0.98,0.0
2020-01-03 00:00:00+00:00,30.8,79.2,0.98,0.0
2020-01-03 00:00:00+00:00,31.2,78.6,0.98,0.0
2020-01-03 00:00:00+00:00,30.1,78.3,0.98,0.0
2020-01-03 01:00:00+00:00,29.9,78.9,0.6103227514635866,-0.003125493317328032
2020-01-03 01:00:00+00:00,30.7,78.9,0.660282524934334,0.003598495974829641
2020-01-03 01:00:00+00:00,30.8,79.2,0.98,0.0
2020-01-03 01:00:00+00:00,30.5,78.7,0.98,0.0
2020-01-03 01:00:00+00:00,30.1,78.3,0.98,0.0
2020-01-03 01:00:00+00:00,30.3,78.5,0.7477250965135898,0.08712783243345745
2020-01-03 01:00:00+00:00,31.2,78.6,0.98,0.0
2020-01-03 01:00:00+00:00,31.0,78.2,0.6860683020647274,-0.04046330309952839
2020-01-03 02:00:00+00:00,31.2,78.6,0.98,0.0
2020-01-03 02:00:00+00:00,30.3,78.5,0.6245432348045592,-0.12318186170903056
2020-01-03 02:00:00+00:00,30.8,79.2,0.98,0.0
2020-01-03 02:00:00+00:00,30.7,78.9,0.7309647098603875,0.07068218492605349
2020-01-03 02:00:00+00:00,30.1,78.3,0.98,0.0
2020-01-03 02:00:00+00:00,30.5,78.7,0.98,0.0
2020-01-03 02:00:00+00:00,29.9,78.9,0.679969617062968,0.06964686559938138
2020-01-03 02:00:00+00:00,31.0,78.2,0.7102701836775791,0.02420188161285175
2020-01-03 03:00:00+00:00,30.7,78.9,0.6995514880651077,-0.03141322179527983
2020-01-03 03:00:00+00:00,31.2,78.6,0.98,0.0
2020-01-03 03:00:00+00:00,30.3,78.5,0.7489572287656657,0.12441399396110653
2020-01-03 03:00:00+00:00,30.1,78.3,0.98,0.0
2020-01-03 03:00:00+00:00,30.5,78.7,0.98,0.0
2020-01-03 03:00:00+00:00,31.0,78.2,0.8615481686365635,0.15127798495898437
2020-01-03 03:00:00+00:00,29.9,78.9,0.6610464568429454,-0.018923160220022606
2020-01-03 03:00:00+00:00,30.8,79.2,0.98,0.0
2020-01-03 04:00:00+00:00,29.9,78.9,0.745748104577606,0.0847016477346606
2020-01-03 04:00:00+00:00,31.0,78.2,0.9173756614564352,0.05582749281987176
2020-01-03 04:00:00+00:00,30.8,79.2,0.98,0.0
2020-01-03 04:00:00+00:00,30.3,78.5,0.7154058194269266,-0.033551409338739124
2020-01-03 04:00:00+00:00,30.5,78.7,0.98,0.0
2020-01-03 04:00:00+00:00,31.2,78.6,0.98,0.0
2020-01-03 04:00:00+00:00,30.7,78.9,0.7902985379682517,0.09074704990314397
2020-01-03 04:00:00+00:00,30.1,78.3,0.98,0.0
2020-01-03 05:00:00+00:00,30.5,78.7,0.98,0.0
2020-01-03 05:00:00+00:00,30.8,79.2,0.98,0.0
2020-01-03 05:00:00+00:00,31.2,78.6,0.98,0.0
2020-01-03 05:00:00+00:00,29.9,78.9,0.6610987682854809,-0.08464933629212512
2020-01-03 05:00:00+00:00,30.7,78.9,0.8148489662512503,0.024550428282998582
2020-01-03 05:00:00+00:00,30.3,78.5,0.6902199790003805,-0.025185840426546147
2020-01-03 05:00:00+00:00,30.1,78.3,0.98,0.0
2020-01-03 05:00:00+00:00,31.0,78.2,0.98,0.06262433854356475
2020-01-03 06:00:00+00:00,30.1,78.3,0.98,0.0
2020-01-03 06:00:00+00:00,30.8,79.2,0.98,0.0
2020-01-03 06:00:00+00:00,30.5,78.7,0.98,0.0
2020-01-03 06:00:00+00:00,31.0,78.2,0.98,0.0
2020-01-03 06:00:00+00:00,29.9,78.9,0.6769509066161772,0.01585213833069632
2020-01-03 06:00:00+00:00,30.3,78.5,0.739171408330494,0.04895142933011354
2020-01-03 06:00:00+00:00,30.7,78.9,0.8921421815910464,0.07729321533979616
2020-01-03 06:00:00+00:00,31.2,78.6,0.98,0.0
2020-01-03 07:00:00+00:00,30.8,79.2,0.98,0.0
2020-01-03 07:00:00+00:00,30.5,78.7,0.98,0.0
2020-01-03 07:00:00+00:00,30.7,78.9,0.98,0.08785781840895357
2020-01-03 07:00:00+00:00,29.9,78.9,0.7587014247887723,0.08175051817259515
2020-01-03 07:00:00+00:00,31.2,78.6,0.98,0.0
2020-01-03 07:00:00+00:00,30.3,78.5,0.7095004036436974,-0.02967100468679662
2020-01-03 07:00:00+00:00,30.1,78.3,0.98,0.0
2020-01-03 07:00:00+00:00,31.0,78.2,0.98,0.0
2020-01-03 08:00:00+00:00,30.7,78.9,0.98,0.0
2020-01-03 08:00:00+00:00,30.5,78.7,0.98,0.0
2020-01-03 08:00:00+00:00,29.9,78.9,0.7278239059541445,-0.03087751883462786
2020-01-03 08:00:00+00:00,30.1,78.3,0.98,0.0
2020-01-03 08:00:00+00:00,30.8,79.2,0.98,0.0
2020-01-03 08:00:00+00:00,31.0,78.2,0.98,0.0
2020-01-03 08:00:00+00:00,31.2,78.6,0.98,0.0
2020-01-03 08:00:00+00:00,30.3,78.5,0.773389105234026,0.06388870159032867
2020-01-03 09:00:00+00:00,31.0,78.2,0.98,0.0
2020-01-03 09:00:00+00:00,30.8,79.2,0.98,0.0
2020-01-03 09:00:00+00:00,30.7,78.9,0.98,0.0
2020-01-03 09:00:00+00:00,29.9,78.9,0.7657772893788463,0.03795338342470178
2020-01-03 09:00:00+00:00,30.5,78.7,0.98,0.0
2020-01-03 09:00:00+00:00,30.3,78.5,0.7380601326329047,-0.03532897260112133
2020-01-03 09:00:00+00:00,31.2,78.6,0.98,0.0
2020-01-03 09:00:00+00:00,30.1,78.3,0.98,0.0
2020-01-03 10:00:00+00:00,30.5,78.7,0.98,0.0
2020-01-03 10:00:00+00:00,30.8,79.2,0.98,0.0
2020-01-03 10:00:00+00:00,31.0,78.2,0.98,0.0
2020-01-03 10:00:00+00:00,30.7,78.9,0.98,0.0
2020-01-03 10:00:00+00:00,30.3,78.5,0.756659196856124,0.01859906422321933
2020-01-03 10:00:00+00:00,29.9,78.9,0.7467337626805182,-0.019043526698328095
2020-01-03 10:00:00+00:00,31.2,78.6,0.98,0.0
2020-01-03 10:00:00+00:00,30.1,78.3,0.98,0.0
2020-01-03 11:00:00+00:00,30.1,78.3,0.98,0.0
2020-01-03 11:00:00+00:00,29.9,78.9,0.7243994503128562,-0.022334312367661924
2020-01-03 11:00:00+00:00,30.7,78.9,0.98,0.0
2020-01-03 11:00:00+00:00,30.3,78.5,0.7536715939232145,-0.002987602932909561
2020-01-03 11:00:00+00:00,31.0,78.2,0.98,0.0
2020-01-03 11:00:00+00:00,30.8,79.2,0.98,0.0
2020-01-03 11:00:00+00:00,30.5,78.7,0.98,0.0
2020-01-03 11:00:00+00:00,31.2,78.6,0.98,0.0
2020-01-03 12:00:00+00:00,30.7,78.9,0.98,0.0
2020-01-03 12:00:00+00:00,30.8,79.2,0.98,0.0
2020-01-03 12:00:00+00:00,31.0,78.2,0.98,0.0
2020-01-03 12:00:00+00:00,29.9,78.9,0.7846803552245684,0.06028090491171212
2020-01-03 12:00:00+00:00,30.5,78.7,0.98,0.0
2020-01-03 12:00:00+00:00,30.3,78.5,0.7745906644122746,0.020919070489060165
2020-01-03 12:00:00+00:00,30.1,78.3,0.98,0.0
2020-01-03 12:00:00+00:00,31.2,78.6,0.98,0.0
2020-01-03 13:00:00+00:00,30.3,78.5,0.7588573098054878,-0.01573335460678682
2020-01-03 13:00:00+00:00,31.2,78.6,0.98,0.0
2020-01-03 13:00:00+00:00,30.8,79.2,0.98,0.0
2020-01-03 13:00:00+00:00,30.5,78.7,0.98,0.0
2020-01-03 13:00:00+00:00,29.9,78.9,0.7986478626620479,0.013967507437479543
2020-01-03 13:00:00+00:00,30.7,78.9,0.98,0.0
2020-01-03 13:00:00+00:00,31.0,78.2,0.98,0.0
2020-01-03 13:00:00+00:00,30.1,78.3,0.98,0.0
2020-01-03 14:00:00+00:00,30.7,78.9,0.98,0.0
2020-01-03 14:00:00+00:00,30.8,79.2,0.98,0.0
2020-01-03 14:00:00+00:00,30.5,78.7,0.98,0.0
2020-01-03 14:00:00+00:00,31.0,78.2,0.98,0.0
2020-01-03 14:00:00+00:00,30.3,78.5,0.8363584845621702,0.07750117475668239
2020-01-03 14:00:00+00:00,31.2,78.6,0.98,0.0
2020-01-03 14:00:00+00:00,29.9,78.9,0.8019134817522942,0.0032656190902462523
2020-01-03 14:00:00+00:00,30.1,78.3,0.98,0.0
2020-01-03 15:00:00+00:00,30.3,78.5,0.826881510142368,-0.00947697441980222
2020-01-03 15:00:00+00:00,31.0,78.2,0.98,0.0
2020-01-03 15:00:00+00:00,30.5,78.7,0.98,0.0
2020-01-03 15:00:00+00:00,29.9,78.9,0.7520681117015177,-0.049845370050776494
2020-01-03 15:00:00+00:00,30.8,79.2,0.98,0.0
2020-01-03 15:00:00+00:00,31.2,78.6,0.98,0.0
2020-01-03 15:00:00+00:00,30.7,78.9,0.98,0.0
2020-01-03 15:00:00+00:00,30.1,78.3,0.98,0.0
2020-01-03 16:00:00+00:00,29.9,78.9,0.7644617014202639,0.012393589718746267
2020-01-03 16:00:00+00:00,31.2,78.6,0.98,0.0
2020-01-03 16:00:00+00:00,30.3,78.5,0.8489288239081427,0.022047313765774734
2020-01-03 16:00:00+00:00,30.1,78.3,0.98,0.0
2020-01-03 16:00:00+00:00,30.5,78.7,0.98,0.0
2020-01-03 16:00:00+00:00,30.8,79.2,0.98,0.0
2020-01-03 16:00:00+00:00,31.0,78.2,0.98,0.0
2020-01-03 16:00:00+00:00,30.7,78.9,0.98,0.0
2020-01-03 17:00:00+00:00,30.7,78.9,0.98,0.0
2020-01-03 17:00:00+00:00,31.2,78.6,0.98,0.0
2020-01-03 17:00:00+00:00,30.8,79.2,0.98,0.0
2020-01-03 17:00:00+00:00,31.0,78.2,0.98,0.0
2020-01-03 17:00:00+00:00,29.9,78.9,0.7999901368135193,0.03552843539325534
2020-01-03 17:00:00+00:00,30.5,78.7,0.98,0.0
2020-01-03 17:00:00+00:00,30.3,78.5,0.7951895350914222,-0.05373928881672052
2020-01-03 17:00:00+00:00,30.1,78.3,0.98,0.0
2020-01-03 18:00:00+00:00,30.1,78.3,0.98,0.0
2020-01-03 18:00:00+00:00,30.7,78.9,0.98,0.0
2020-01-03 18:00:00+00:00,31.2,78.6,0.98,0.0
2020-01-03 18:00:00+00:00,30.5,78.7,0.98,0.0
2020-01-03 18:00:00+00:00,30.3,78.5,0.8592386580159302,0.06404912292450804
2020-01-03 18:00:00+00:00,30.8,79.2,0.98,0.0
2020-01-03 18:00:00+00:00,29.9,78.9,0.8326074298524173,0.03261729303889804
2020-01-03 18:00:00+00:00,31.0,78.2,0.98,0.0
2020-01-03 19:00:00+00:00,31.0,78.2,0.98,0.0
2020-01-03 19:00:00+00:00,30.5,78.7,0.98,0.0
2020-01-03 19:00:00+00:00,29.9,78.9,0.8019976497490123,-0.030609780103404982
2020-01-03 19:00:00+00:00,31.2,78.6,0.98,0.0
2020-01-03 19:00:00+00:00,30.1,78.3,0.98,0.0
2020-01-03 19:00:00+00:00,30.7,78.9,0.98,0.0
2020-01-03 19:00:00+00:00,30.8,79.2,0.98,0.0
2020-01-03 19:00:00+00:00,30.3,78.5,0.8698371211306439,0.010598463114713685
2020-01-03 20:00:00+00:00,30.7,78.9,0.98,0.0
2020-01-03 20:00:00+00:00,31.0,78.2,0.98,0.0
2020-01-03 20:00:00+00:00,30.5,78.7,0.98,0.0
2020-01-03 20:00:00+00:00,31.2,78.6,0.98,0.0
2020-01-03 20:00:00+00:00,29.9,78.9,0.8233238567884563,0.02132620703944399
2020-01-03 20:00:00+00:00,30.8,79.2,0.98,0.0
2020-01-03 20:00:00+00:00,30.1,78.3,0.98,0.0
2020-01-03 20:00:00+00:00,30.3,78.5,0.8858963032203704,0.016059182089726454
2020-01-03 21:00:00+00:00,30.7,78.9,0.98,0.0
2020-01-03 21:00:00+00:00,29.9,78.9,0.8882590268504331,0.0649351700619768
2020-01-03 21:00:00+00:00,30.5,78.7,0.98,0.0
2020-01-03 21:00:00+00:00,31.2,78.6,0.98,0.0
2020-01-03 21:00:00+00:00,30.3,78.5,0.8515486518708725,-0.03434765134949791
2020-01-03 21:00:00+00:00,31.0,78.2,0.98,0.0
2020-01-03 21:00:00+00:00,30.1,78.3,0.98,0.0
2020-01-03 21:00:00+00:00,30.8,79.2,0.98,0.0
2020-01-03 22:00:00+00:00,31.0,78.2,0.98,0.0
2020-01-03 22:00:00+00:00,31.2,78.6,0.98,0.0
2020-01-03 22:00:00+00:00,30.5,78.7,0.98,0.0
2020-01-03 22:00:00+00:00,30.1,78.3,0.98,0.0
2020-01-03 22:00:00+00:00,29.9,78.9,0.9241186237745417,0.03585959692410856
2020-01-03 22:00:00+00:00,30.8,79.2,0.98,0.0
2020-01-03 22:00:00+00:00,30.7,78.9,0.98,0.0
2020-01-03 22:00:00+00:00,30.3,78.5,0.8150986654056211,-0.03644998646525133
2020-01-03 23:00:00+00:00,31.0,78.2,0.98,0.0
2020-01-03 23:00:00+00:00,31.2,78.6,0.98,0.0
2020-01-03 23:00:00+00:00,30.3,78.5,0.8546271868502407,0.0395285214446196
2020-01-03 23:00:00+00:00,30.1,78.3,0.98,0.0
2020-01-03 23:00:00+00:00,30.8,79.2,0.98,0.0
2020-01-03 23:00:00+00:00,29.9,78.9,0.98,0.0558813762254583
2020-01-03 23:00:00+00:00,30.5,78.7,0.98,0.0
2020-01-03 23:00:00+00:00,30.7,78.9,0.98,0.0
2020-01-04 00:00:00+00:00,30.3,78.5,0.8228946992498275,-0.03173248760041325
2020-01-04 00:00:00+00:00,29.9,78.9,0.98,0.0
2020-01-04 00:00:00+00:00,30.5,78.7,0.98,0.0
2020-01-04 00:00:00+00:00,30.8,79.2,0.98,0.0
2020-01-04 00:00:00+00:00,30.7,78.9,0.98,0.0
2020-01-04 00:00:00+00:00,31.0,78.2,0.98,0.0
2020-01-04 00:00:00+00:00,31.2,78.6,0.98,0.0
2020-01-04 00:00:00+00:00,30.1,78.3,0.98,0.0
2020-01-04 01:00:00+00:00,30.1,78.3,0.98,0.0
2020-01-04 01:00:00+00:00,30.8,79.2,0.98,0.0
2020-01-04 01:00:00+00:00,31.0,78.2,0.98,0.0
2020-01-04 01:00:00+00:00,29.9,78.9,0.98,0.0
2020-01-04 01:00:00+00:00,31.2,78.6,0.98,0.0
2020-01-04 01:00:00+00:00,30.7,78.9,0.98,0.0
2020-01-04 01:00:00+00:00,30.5,78.7,0.98,0.0
2020-01-04 01:00:00+00:00,30.3,78.5,0.8465331648747656,0.0236384656249381
2020-01-04 02:00:00+00:00,30.7,78.9,0.98,0.0
2020-01-04 02:00:00+00:00,31.0,78.2,0.98,0.0
2020-01-04 02:00:00+00:00,30.8,79.2,0.98,0.0
2020-01-04 02:00:00+00:00,30.5,78.7,0.98,0.0
2020-01-04 02:00:00+00:00,30.3,78.5,0.9277274497029846,0.081194284828219
2020-01-04 02:00:00+00:00,30.1,78.3,0.98,0.0
2020-01-04 02:00:00+00:00,31.2,78.6,0.98,0.0
2020-01-04 02:00:00+00:00,29.9,78.9,0.98,0.0
2020-01-04 03:00:00+00:00,30.8,79.2,0.98,0.0
2020-01-04 03:00:00+00:00,30.7,78.9,0.98,0.0
2020-01-04 03:00:00+00:00,31.0,78.2,0.98,0.0
2020-01-04 03:00:00+00:00,30.3,78.5,0.8415660224490621,-0.0861614272539225
2020-01-04 03:00:00+00:00,29.9,78.9,0.98,0.0
2020-01-04 03:00:00+00:00,31.2,78.6,0.98,0.0
2020-01-04 03:00:00+00:00,30.1,78.3,0.98,0.0
2020-01-04 03:00:00+00:00,30.5,78.7,0.98,0.0
2020-01-04 04:00:00+00:00,30.1,78.3,0.98,0.0
2020-01-04 04:00:00+00:00,29.9,78.9,0.98,0.0
2020-01-04 04:00:00+00:00,30.8,79.2,0.98,0.0
2020-01-04 04:00:00+00:00,31.0,78.2,0.98,0.0
2020-01-04 04:00:00+00:00,31.2,78.6,0.98,0.0
2020-01-04 04:00:00+00:00,30.7,78.9,0.98,0.0
2020-01-04 04:00:00+00:00,30.5,78.7,0.98,0.0
2020-01-04 04:00:00+00:00,30.3,78.5,0.9259564095606115,0.08439038711154945
2020-01-04 05:00:00+00:00,29.9,78.9,0.98,0.0
2020-01-04 05:00:00+00:00,30.8,79.2,0.98,0.0
2020-01-04 05:00:00+00:00,31.2,78.6,0.98,0.0
2020-01-04 05:00:00+00:00,30.5,78.7,0.98,0.0
2020-01-04 05:00:00+00:00,30.7,78.9,0.98,0.0
2020-01-04 05:00:00+00:00,31.0,78.2,0.98,0.0
2020-01-04 05:00:00+00:00,30.1,78.3,0.98,0.0
2020-01-04 05:00:00+00:00,30.3,78.5,0.869528986206737,-0.05642742335387452
2020-01-04 06:00:00+00:00,30.3,78.5,0.8250714256833349,-0.044457560523402107
2020-01-04 06:00:00+00:00,30.8,79.2,0.98,0.0
2020-01-04 06:00:00+00:00,31.2,78.6,0.98,0.0
2020-01-04 06:00:00+00:00,31.0,78.2,0.98,0.0
2020-01-04 06:00:00+00:00,29.9,78.9,0.98,0.0
2020-01-04 06:00:00+00:00,30.7,78.9,0.98,0.0
2020-01-04 06:00:00+00:00,30.1,78.3,0.98,0.0
2020-01-04 06:00:00+00:00,30.5,78.7,0.98,0.0
2020-01-04 07:00:00+00:00,31.2,78.6,0.98,0.0
2020-01-04 07:00:00+00:00,31.0,78.2,0.98,0.0
2020-01-04 07:00:00+00:00,29.9,78.9,0.98,0.0
2020-01-04 07:00:00+00:00,30.3,78.5,0.8654290142228884,0.04035758853955351
2020-01-04 07:00:00+00:00,30.8,79.2,0.98,0.0
2020-01-04 07:00:00+00:00,30.5,78.7,0.98,0.0
2020-01-04 07:00:00+00:00,30.1,78.3,0.98,0.0
2020-01-04 07:00:00+00:00,30.7,78.9,0.98,0.0
2020-01-04 08:00:00+00:00,29.9,78.9,0.98,0.0
2020-01-04 08:00:00+00:00,30.8,79.2,0.98,0.0
2020-01-04 08:00:00+00:00,30.1,78.3,0.98,0.0
2020-01-04 08:00:00+00:00,30.7,78.9,0.98,0.0
2020-01-04 08:00:00+00:00,30.3,78.5,0.8856002951201483,0.020171280897259836
2020-01-04 08:00:00+00:00,30.5,78.7,0.98,0.0
2020-01-04 08:00:00+00:00,31.2,78.6,0.98,0.0
2020-01-04 08:00:00+00:00,31.0,78.2,0.98,0.0
2020-01-04 09:00:00+00:00,31.2,78.6,0.98,0.0
2020-01-04 09:00:00+00:00,30.8,79.2,0.98,0.0
2020-01-04 09:00:00+00:00,30.5,78.7,0.98,0.0
2020-01-04 09:00:00+00:00,31.0,78.2,0.98,0.0
2020-01-04 09:00:00+00:00,30.7,78.9,0.98,0.0
2020-01-04 09:00:00+00:00,30.1,78.3,0.98,0.0
2020-01-04 09:00:00+00:00,29.9,78.9,0.98,0.0
2020-01-04 09:00:00+00:00,30.3,78.5,0.913816442896569,0.028216147776420786
2020-01-04 10:00:00+00:00,30.1,78.3,0.98,0.0
2020-01-04 10:00:00+00:00,29.9,78.9,0.98,0.0
2020-01-04 10:00:00+00:00,31.2,78.6,0.98,0.0
2020-01-04 10:00:00+00:00,30.3,78.5,0.9121484873900891,-0.0016679555064799123
2020-01-04 10:00:00+00:00,30.8,79.2,0.98,0.0
2020-01-04 10:00:00+00:00,30.5,78.7,0.98,0.0
2020-01-04 10:00:00+00:00,31.0,78.2,0.98,0.0
2020-01-04 10:00:00+00:00,30.7,78.9,0.98,0.0
2020-01-04 11:00:00+00:00,29.9,78.9,0.98,0.0
2020-01-04 11:00:00+00:00,30.8,79.2,0.98,0.0
2020-01-04 11:00:00+00:00,30.5,78.7,0.98,0.0
2020-01-04 11:00:00+00:00,30.3,78.5,0.9069637341208737,-0.005184753269215414
2020-01-04 11:00:00+00:00,30.7,78.9,0.98,0.0
2020-01-04 11:00:00+00:00,30.1,78.3,0.98,0.0
2020-01-04 11:00:00+00:00,31.0,78.2,0.98,0.0
2020-01-04 11:00:00+00:00,31.2,78.6,0.98,0.0
2020-01-04 12:00:00+00:00,31.2,78.6,0.98,0.0
2020-01-04 12:00:00+00:00,30.1,78.3,0.98,0.0
2020-01-04 12:00:00+00:00,31.0,78.2,0.98,0.0
2020-01-04 12:00:00+00:00,30.8,79.2,0.98,0.0
2020-01-04 12:00:00+00:00,30.7,78.9,0.98,0.0
2020-01-04 12:00:00+00:00,30.5,78.7,0.98,0.0
2020-01-04 12:00:00+00:00,30.3,78.5,0.8795183153331916,-0.02744541878768214
2020-01-04 12:00:00+00:00,29.9,78.9,0.98,0.0
2020-01-04 13:00:00+00:00,30.3,78.5,0.8728720431784928,-0.006646272154698818
2020-01-04 13:00:00+00:00,30.7,78.9,0.98,0.0
2020-01-04 13:00:00+00:00,31.2,78.6,0.98,0.0
2020-01-04 13:00:00+00:00,29.9,78.9,0.98,0.0
2020-01-04 13:00:00+00:00,30.5,78.7,0.98,0.0
2020-01-04 13:00:00+00:00,30.8,79.2,0.98,0.0
2020-01-04 13:00:00+00:00,30.1,78.3,0.98,0.0
2020-01-04 13:00:00+00:00,31.0,78.2,0.98,0.0
2020-01-04 14:00:00+00:00,29.9,78.9,0.98,0.0
2020-01-04 14:00:00+00:00,30.8,79.2,0.98,0.0
2020-01-04 14:00:00+00:00,30.5,78.7,0.98,0.0
2020-01-04 14:00:00+00:00,30.3,78.5,0.8391362242632634,-0.033735818915229365
2020-01-04 14:00:00+00:00,31.2,78.6,0.98,0.0
2020-01-04 14:00:00+00:00,31.0,78.2,0.98,0.0
2020-01-04 14:00:00+00:00,30.1,78.3,0.98,0.0
2020-01-04 14:00:00+00:00,30.7,78.9,0.98,0.0
2020-01-04 15:00:00+00:00,30.1,78.3,0.98,0.0
2020-01-04 15:00:00+00:00,30.7,78.9,0.98,0.0
2020-01-04 15:00:00+00:00,31.0,78.2,0.98,0.0
2020-01-04 15:00:00+00:00,30.8,79.2,0.98,0.0
2020-01-04 15:00:00+00:00,30.5,78.7,0.98,0.0
2020-01-04 15:00:00+00:00,29.9,78.9,0.98,0.0
2020-01-04 15:00:00+00:00,30.3,78.5,0.8617245326336311,0.022588308370367738
2020-01-04 15:00:00+00:00,31.2,78.6,0.98,0.0
2020-01-04 16:00:00+00:00,30.5,78.7,0.98,0.0
2020-01-04 16:00:00+00:00,30.7,78.9,0.98,0.0
2020-01-04 16:00:00+00:00,29.9,78.9,0.98,0.0
2020-01-04 16:00:00+00:00,30.8,79.2,0.98,0.0
2020-01-04 16:00:00+00:00,30.1,78.3,0.98,0.0
2020-01-04 16:00:00+00:00,31.0,78.2,0.98,0.0
2020-01-04 16:00:00+00:00,31.2,78.6,0.98,0.0
2020-01-04 16:00:00+00:00,30.3,78.5,0.9198537923774307,0.058129259743799566
2020-01-04 17:00:00+00:00,30.5,78.7,0.98,0.0
2020-01-04 17:00:00+00:00,30.8,79.2,0.98,0.0
2020-01-04 17:00:00+00:00,31.2,78.6,0.98,0.0
2020-01-04 17:00:00+00:00,30.7,78.9,0.98,0.0
2020-01-04 17:00:00+00:00,31.0,78.2,0.98,0.0
2020-01-04 17:00:00+00:00,29.9,78.9,0.98,0.0
2020-01-04 17:00:00+00:00,30.3,78.5,0.8743011787688832,-0.045552613608547454
2020-01-04 17:00:00+00:00,30.1,78.3,0.98,0.0
2020-01-04 18:00:00+00:00,31.0,78.2,0.98,0.0
2020-01-04 18:00:00+00:00,29.9,78.9,0.98,0.0
2020-01-04 18:00:00+00:00,30.3,78.5,0.9758115467053816,0.10151036793649837
2020-01-04 18:00:00+00:00,30.1,78.3,0.98,0.0
2020-01-04 18:00:00+00:00,31.2,78.6,0.98,0.0
2020-01-04 18:00:00+00:00,30.5,78.7,0.98,0.0
2020-01-04 18:00:00+00:00,30.8,79.2,0.98,0.0
2020-01-04 18:00:00+00:00,30.7,78.9,0.98,0.0
2020-01-04 19:00:00+00:00,30.5,78.7,0.98,0.0
2020-01-04 19:00:00+00:00,29.9,78.9,0.98,0.0
2020-01-04 19:00:00+00:00,30.3,78.5,0.98,0.004188453294618366
2020-01-04 19:00:00+00:00,30.7,78.9,0.98,0.0
2020-01-04 19:00:00+00:00,31.0,78.2,0.98,0.0
2020-01-04 19:00:00+00:00,30.8,79.2,0.98,0.0
2020-01-04 19:00:00+00:00,30.1,78.3,0.98,0.0
2020-01-04 19:00:00+00:00,31.2,78.6,0.98,0.0
2020-01-04 20:00:00+00:00,30.3,78.5,0.98,0.0
2020-01-04 20:00:00+00:00,30.1,78.3,0.98,0.0
2020-01-04 20:00:00+00:00,30.5,78.7,0.98,0.0
2020-01-04 20:00:00+00:00,30.8,79.2,0.98,0.0
2020-01-04 20:00:00+00:00,30.7,78.9,0.98,0.0
2020-01-04 20:00:00+00:00,29.9,78.9,0.98,0.0
2020-01-04 20:00:00+00:00,31.0,78.2,0.98,0.0
2020-01-04 20:00:00+00:00,31.2,78.6,0.98,0.0
2020-01-04 21:00:00+00:00,30.7,78.9,0.98,0.0
2020-01-04 21:00:00+00:00,31.0,78.2,0.98,0.0
2020-01-04 21:00:00+00:00,29.9,78.9,0.98,0.0
2020-01-04 21:00:00+00:00,30.1,78.3,0.98,0.0
2020-01-04 21:00:00+00:00,30.5,78.7,0.98,0.0
2020-01-04 21:00:00+00:00,30.8,79.2,0.98,0.0
2020-01-04 21:00:00+00:00,30.3,78.5,0.98,0.0
2020-01-04 21:00:00+00:00,31.2,78.6,0.98,0.0
2020-01-04 22:00:00+00:00,31.2,78.6,0.98,0.0
2020-01-04 22:00:00+00:00,30.5,78.7,0.98,0.0
2020-01-04 22:00:00+00:00,30.7,78.9,0.98,0.0
2020-01-04 22:00:00+00:00,29.9,78.9,0.98,0.0
2020-01-04 22:00:00+00:00,30.1,78.3,0.98,0.0
2020-01-04 22:00:00+00:00,30.8,79.2,0.98,0.0
2020-01-04 22:00:00+00:00,31.0,78.2,0.98,0.0
2020-01-04 22:00:00+00:00,30.3,78.5,0.98,0.0
2020-01-04 23:00:00+00:00,29.9,78.9,0.98,0.0
2020-01-04 23:00:00+00:00,31.2,78.6,0.98,0.0
2020-01-04 23:00:00+00:00,30.1,78.3,0.98,0.0
2020-01-04 23:00:00+00:00,30.8,79.2,0.98,0.0
2020-01-04 23:00:00+00:00,31.0,78.2,0.98,0.0
2020-01-04 23:00:00+00:00,30.7,78.9,0.98,0.0
2020-01-04 23:00:00+00:00,30.5,78.7,0.98,0.0
2020-01-04 23:00:00+00:00,30.3,78.5,0.98,0.0
2020-01-05 00:00:00+00:00,29.9,78.9,0.98,0.0
2020-01-05 00:00:00+00:00,30.1,78.3,0.98,0.0
2020-01-05 00:00:00+00:00,30.5,78.7,0.98,0.0
2020-01-05 00:00:00+00:00,30.8,79.2,0.98,0.0
2020-01-05 00:00:00+00:00,31.2,78.6,0.98,0.0
2020-01-05 00:00:00+00:00,30.3,78.5,0.98,0.0
2020-01-05 00:00:00+00:00,31.0,78.2,0.98,0.0
2020-01-05 00:00:00+00:00,30.7,78.9,0.98,0.0
2020-01-05 01:00:00+00:00,30.5,78.7,0.98,0.0
2020-01-05 01:00:00+00:00,29.9,78.9,0.98,0.0
2020-01-05 01:00:00+00:00,31.0,78.2,0.98,0.0
2020-01-05 01:00:00+00:00,30.7,78.9,0.98,0.0
2020-01-05 01:00:00+00:00,30.1,78.3,0.98,0.0
2020-01-05 01:00:00+00:00,31.2,78.6,0.98,0.0
2020-01-05 01:00:00+00:00,30.3,78.5,0.98,0.0
2020-01-05 01:00:00+00:00,30.8,79.2,0.98,0.0
2020-01-05 02:00:00+00:00,31.0,78.2,0.98,0.0
2020-01-05 02:00:00+00:00,29.9,78.9,0.98,0.0
2020-01-05 02:00:00+00:00,30.1,78.3,0.98,0.0
2020-01-05 02:00:00+00:00,30.8,79.2,0.98,0.0
2020-01-05 02:00:00+00:00,30.3,78.5,0.98,0.0
2020-01-05 02:00:00+00:00,30.7,78.9,0.98,0.0
2020-01-05 02:00:00+00:00,30.5,78.7,0.98,0.0
2020-01-05 02:00:00+00:00,31.2,78.6,0.98,0.0
2020-01-05 03:00:00+00:00,30.8,79.2,0.98,0.0
2020-01-05 03:00:00+00:00,30.7,78.9,0.98,0.0
2020-01-05 03:00:00+00:00,30.1,78.3,0.98,0.0
2020-01-05 03:00:00+00:00,30.5,78.7,0.98,0.0
2020-01-05 03:00:00+00:00,29.9,78.9,0.98,0.0
2020-01-05 03:00:00+00:00,30.3,78.5,0.98,0.0
2020-01-05 03:00:00+00:00,31.0,78.2,0.98,0.0
2020-01-05 03:00:00+00:00,31.2,78.6,0.98,0.0
2020-01-05 04:00:00+00:00,29.9,78.9,0.98,0.0
2020-01-05 04:00:00+00:00,31.2,78.6,0.98,0.0
2020-01-05 04:00:00+00:00,30.3,78.5,0.98,0.0
2020-01-05 04:00:00+00:00,30.7,78.9,0.98,0.0
2020-01-05 04:00:00+00:00,31.0,78.2,0.98,0.0
2020-01-05 04:00:00+00:00,30.8,79.2,0.98,0.0
2020-01-05 04:00:00+00:00,30.1,78.3,0.98,0.0
2020-01-05 04:00:00+00:00,30.5,78.7,0.98,0.0
2020-01-05 05:00:00+00:00,30.7,78.9,0.98,0.0
2020-01-05 05:00:00+00:00,30.3,78.5,0.98,0.0
2020-01-05 05:00:00+00:00,30.5,78.7,0.98,0.0
2020-01-05 05:00:00+00:00,30.8,79.2,0.98,0.0
2020-01-05 05:00:00+00:00,31.2,78.6,0.98,0.0
2020-01-05 05:00:00+00:00,29.9,78.9,0.98,0.0
2020-01-05 05:00:00+00:00,31.0,78.2,0.98,0.0
2020-01-05 05:00:00+00:00,30.1,78.3,0.98,0.0
2020-01-05 06:00:00+00:00,29.9,78.9,0.98,0.0
2020-01-05 06:00:00+00:00,30.7,78.9,0.98,0.0
2020-01-05 06:00:00+00:00,30.1,78.3,0.98,0.0
2020-01-05 06:00:00+00:00,30.8,79.2,0.98,0.0
2020-01-05 06:00:00+00:00,30.3,78.5,0.98,0.0
2020-01-05 06:00:00+00:00,31.2,78.6,0.98,0.0
2020-01-05 06:00:00+00:00,30.5,78.7,0.98,0.0
2020-01-05 06:00:00+00:00,31.0,78.2,0.98,0.0
2020-01-05 07:00:00+00:00,31.0,78.2,0.98,0.0
2020-01-05 07:00:00+00:00,30.8,79.2,0.98,0.0
2020-01-05 07:00:00+00:00,30.3,78.5,0.98,0.0
2020-01-05 07:00:00+00:00,30.5,78.7,0.98,0.0
2020-01-05 07:00:00+00:00,30.1,78.3,0.98,0.0
2020-01-05 07:00:00+00:00,30.7,78.9,0.98,0.0
2020-01-05 07:00:00+00:00,31.2,78.6,0.98,0.0
2020-01-05 07:00:00+00:00,29.9,78.9,0.98,0.0
2020-01-05 08:00:00+00:00,31.0,78.2,0.98,0.0
2020-01-05 08:00:00+00:00,30.5,78.7,0.98,0.0
2020-01-05 08:00:00+00:00,29.9,78.9,0.98,0.0
2020-01-05 08:00:00+00:00,30.7,78.9,0.98,0.0
2020-01-05 08:00:00+00:00,30.1,78.3,0.98,0.0
2020-01-05 08:00:00+00:00,30.8,79.2,0.98,0.0
2020-01-05 08:00:00+00:00,30.3,78.5,0.98,0.0
2020-01-05 08:00:00+00:00,31.2,78.6,0.98,0.0
2020-01-05 09:00:00+00:00,30.8,79.2,0.98,0.0
2020-01-05 09:00:00+00:00,30.3,78.5,0.98,0.0
2020-01-05 09:00:00+00:00,30.5,78.7,0.98,0.0
2020-01-05 09:00:00+00:00,29.9,78.9,0.98,0.0
2020-01-05 09:00:00+00:00,30.7,78.9,0.98,0.0
2020-01-05 09:00:00+00:00,31.0,78.2,0.98,0.0
2020-01-05 09:00:00+00:00,30.1,78.3,0.98,0.0
2020-01-05 09:00:00+00:00,31.2,78.6,0.98,0.0
2020-01-05 10:00:00+00:00,31.2,78.6,0.98,0.0
2020-01-05 10:00:00+00:00,30.3,78.5,0.98,0.0
2020-01-05 10:00:00+00:00,31.0,78.2,0.98,0.0
2020-01-05 10:00:00+00:00,30.5,78.7,0.98,0.0
2020-01-05 10:00:00+00:00,30.7,78.9,0.98,0.0
2020-01-05 10:00:00+00:00,30.8,79.2,0.98,0.0
2020-01-05 10:00:00+00:00,29.9,78.9,0.98,0.0
2020-01-05 10:00:00+00:00,30.1,78.3,0.98,0.0
2020-01-05 11:00:00+00:00,30.5,78.7,0.98,0.0
2020-01-05 11:00:00+00:00,30.3,78.5,0.98,0.0
2020-01-05 11:00:00+00:00,31.0,78.2,0.98,0.0
2020-01-05 11:00:00+00:00,30.1,78.3,0.98,0.0
2020-01-05 11:00:00+00:00,29.9,78.9,0.98,0.0
2020-01-05 11:00:00+00:00,30.7,78.9,0.98,0.0
2020-01-05 11:00:00+00:00,30.8,79.2,0.98,0.0
2020-01-05 11:00:00+00:00,31.2,78.6,0.98,0.0
2020-01-05 12:00:00+00:00,31.2,78.6,0.98,0.0
2020-01-05 12:00:00+00:00,30.5,78.7,0.98,0.0
2020-01-05 12:00:00+00:00,31.0,78.2,0.98,0.0
2020-01-05 12:00:00+00:00,30.1,78.3,0.98,0.0
2020-01-05 12:00:00+00:00,29.9,78.9,0.98,0.0
2020-01-05 12:00:00+00:00,30.8,79.2,0.98,0.0
2020-01-05 12:00:00+00:00,30.3,78.5,0.98,0.0
2020-01-05 12:00:00+00:00,30.7,78.9,0.98,0.0
2020-01-05 13:00:00+00:00,31.2,78.6,0.98,0.0
2020-01-05 13:00:00+00:00,30.1,78.3,0.98,0.0
2020-01-05 13:00:00+00:00,30.5,78.7,0.98,0.0
2020-01-05 13:00:00+00:00,30.8,79.2,0.98,0.0
2020-01-05 13:00:00+00:00,30.3,78.5,0.98,0.0
2020-01-05 13:00:00+00:00,30.7,78.9,0.98,0.0
2020-01-05 13:00:00+00:00,31.0,78.2,0.98,0.0
2020-01-05 13:00:00+00:00,29.9,78.9,0.98,0.0
2020-01-05 14:00:00+00:00,30.1,78.3,0.98,0.0
2020-01-05 14:00:00+00:00,30.7,78.9,0.98,0.0
2020-01-05 14:00:00+00:00,30.5,78.7,0.98,0.0
2020-01-05 14:00:00+00:00,30.8,79.2,0.98,0.0
2020-01-05 14:00:00+00:00,31.0,78.2,0.98,0.0
2020-01-05 14:00:00+00:00,30.3,78.5,0.98,0.0
2020-01-05 14:00:00+00:00,29.9,78.9,0.98,0.0
2020-01-05 14:00:00+00:00,31.2,78.6,0.98,0.0
2020-01-05 15:00:00+00:00,30.8,79.2,0.98,0.0
2020-01-05 15:00:00+00:00,30.5,78.7,0.98,0.0
2020-01-05 15:00:00+00:00,29.9,78.9,0.98,0.0
2020-01-05 15:00:00+00:00,31.2,78.6,0.98,0.0
2020-01-05 15:00:00+00:00,30.3,78.5,0.98,0.0
2020-01-05 15:00:00+00:00,30.1,78.3,0.98,0.0
2020-01-05 15:00:00+00:00,31.0,78.2,0.98,0.0
2020-01-05 15:00:00+00:00,30.7,78.9,0.98,0.0
2020-01-05 16:00:00+00:00,31.0,78.2,0.98,0.0
2020-01-05 16:00:00+00:00,30.8,79.2,0.98,0.0
2020-01-05 16:00:00+00:00,30.5,78.7,0.98,0.0
2020-01-05 16:00:00+00:00,30.1,78.3,0.98,0.0
2020-01-05 16:00:00+00:00,29.9,78.9,0.98,0.0
2020-01-05 16:00:00+00:00,30.7,78.9,0.98,0.0
2020-01-05 16:00:00+00:00,31.2,78.6,0.98,0.0
2020-01-05 16:00:00+00:00,30.3,78.5,0.98,0.0
2020-01-05 17:00:00+00:00,30.1,78.3,0.98,0.0
2020-01-05 17:00:00+00:00,29.9,78.9,0.98,0.0
2020-01-05 17:00:00+00:00,30.7,78.9,0.98,0.0
2020-01-05 17:00:00+00:00,30.8,79.2,0.98,0.0
2020-01-05 17:00:00+00:00,31.2,78.6,0.98,0.0
2020-01-05 17:00:00+00:00,31.0,78.2,0.98,0.0
2020-01-05 17:00:00+00:00,30.5,78.7,0.98,0.0
2020-01-05 17:00:00+00:00,30.3,78.5,0.98,0.0
2020-01-05 18:00:00+00:00,31.2,78.6,0.98,0.0
2020-01-05 18:00:00+00:00,30.1,78.3,0.98,0.0
2020-01-05 18:00:00+00:00,30.3,78.5,0.98,0.0
2020-01-05 18:00:00+00:00,30.5,78.7,0.98,0.0
2020-01-05 18:00:00+00:00,30.8,79.2,0.98,0.0
2020-01-05 18:00:00+00:00,31.0,78.2,0.98,0.0
2020-01-05 18:00:00+00:00,29.9,78.9,0.98,0.0
2020-01-05 18:00:00+00:00,30.7,78.9,0.98,0.0
2020-01-05 19:00:00+00:00,30.8,79.2,0.98,0.0
2020-01-05 19:00:00+00:00,30.3,78.5,0.98,0.0
2020-01-05 19:00:00+00:00,31.0,78.2,0.98,0.0
2020-01-05 19:00:00+00:00,31.2,78.6,0.98,0.0
2020-01-05 19:00:00+00:00,30.1,78.3,0.98,0.0
2020-01-05 19:00:00+00:00,29.9,78.9,0.98,0.0
2020-01-05 19:00:00+00:00,30.5,78.7,0.98,0.0
2020-01-05 19:00:00+00:00,30.7,78.9,0.98,0.0
2020-01-05 20:00:00+00:00,30.1,78.3,0.98,0.0
2020-01-05 20:00:00+00:00,29.9,78.9,0.98,0.0
2020-01-05 20:00:00+00:00,31.2,78.6,0.98,0.0
2020-01-05 20:00:00+00:00,31.0,78.2,0.98,0.0
2020-01-05 20:00:00+00:00,30.5,78.7,0.98,0.0
2020-01-05 20:00:00+00:00,30.7,78.9,0.98,0.0
2020-01-05 20:00:00+00:00,30.8,79.2,0.98,0.0
2020-01-05 20:00:00+00:00,30.3,78.5,0.98,0.0
2020-01-05 21:00:00+00:00,30.3,78.5,0.98,0.0
2020-01-05 21:00:00+00:00,30.1,78.3,0.98,0.0
2020-01-05 21:00:00+00:00,31.2,78.6,0.98,0.0
2020-01-05 21:00:00+00:00,31.0,78.2,0.98,0.0
2020-01-05 21:00:00+00:00,29.9,78.9,0.98,0.0
2020-01-05 21:00:00+00:00,30.8,79.2,0.98,0.0
2020-01-05 21:00:00+00:00,30.5,78.7,0.98,0.0
2020-01-05 21:00:00+00:00,30.7,78.9,0.98,0.0
2020-01-05 22:00:00+00:00,31.0,78.2,0.98,0.0
2020-01-05 22:00:00+00:00,30.8,79.2,0.98,0.0
2020-01-05 22:00:00+00:00,29.9,78.9,0.98,0.0
2020-01-05 22:00:00+00:00,31.2,78.6,0.98,0.0
2020-01-05 22:00:00+00:00,30.7,78.9,0.98,0.0
2020-01-05 22:00:00+00:00,30.3,78.5,0.98,0.0
2020-01-05 22:00:00+00:00,30.5,78.7,0.98,0.0
2020-01-05 22:00:00+00:00,30.1,78.3,0.98,0.0
2020-01-05 23:00:00+00:00,30.3,78.5,0.98,0.0
2020-01-05 23:00:00+00:00,31.2,78.6,0.98,0.0
2020-01-05 23:00:00+00:00,30.1,78.3,0.98,0.0
2020-01-05 23:00:00+00:00,31.0,78.2,0.98,0.0
2020-01-05 23:00:00+00:00,30.8,79.2,0.98,0.0
2020-01-05 23:00:00+00:00,29.9,78.9,0.98,0.0
2020-01-05 23:00:00+00:00,30.7,78.9,0.98,0.0
2020-01-05 23:00:00+00:00,30.5,78.7,0.98,0.0
2020-01-06 00:00:00+00:00,30.1,78.3,0.98,0.0
2020-01-06 00:00:00+00:00,31.0,78.2,0.98,0.0
2020-01-06 00:00:00+00:00,29.9,78.9,0.98,0.0
2020-01-06 00:00:00+00:00,30.7,78.9,0.98,0.0
2020-01-06 00:00:00+00:00,30.3,78.5,0.98,0.0
2020-01-06 00:00:00+00:00,30.5,78.7,0.98,0.0
2020-01-06 00:00:00+00:00,31.2,78.6,0.98,0.0
2020-01-06 00:00:00+00:00,30.8,79.2,0.98,0.0
2020-01-06 01:00:00+00:00,30.1,78.3,0.98,0.0
2020-01-06 01:00:00+00:00,30.7,78.9,0.98,0.0
2020-01-06 01:00:00+00:00,30.3,78.5,0.98,0.0
2020-01-06 01:00:00+00:00,31.2,78.6,0.98,0.0
2020-01-06 01:00:00+00:00,30.5,78.7,0.98,0.0
2020-01-06 01:00:00+00:00,29.9,78.9,0.98,0.0
2020-01-06 01:00:00+00:00,31.0,78.2,0.98,0.0
2020-01-06 01:00:00+00:00,30.8,79.2,0.98,0.0
2020-01-06 02:00:00+00:00,31.0,78.2,0.98,0.0
2020-01-06 02:00:00+00:00,30.1,78.3,0.98,0.0
2020-01-06 02:00:00+00:00,30.5,78.7,0.98,0.0
2020-01-06 02:00:00+00:00,31.2,78.6,0.98,0.0
2020-01-06 02:00:00+00:00,30.8,79.2,0.98,0.0
2020-01-06 02:00:00+00:00,29.9,78.9,0.98,0.0
2020-01-06 02:00:00+00:00,30.7,78.9,0.98,0.0
2020-01-06 02:00:00+00:00,30.3,78.5,0.98,0.0
2020-01-06 03:00:00+00:00,31.0,78.2,0.98,0.0
2020-01-06 03:00:00+00:00,30.3,78.5,0.98,0.0
2020-01-06 03:00:00+00:00,30.7,78.9,0.98,0.0
2020-01-06 03:00:00+00:00,30.5,78.7,0.98,0.0
2020-01-06 03:00:00+00:00,30.1,78.3,0.98,0.0
2020-01-06 03:00:00+00:00,31.2,78.6,0.98,0.0
2020-01-06 03:00:00+00:00,29.9,78.9,0.98,0.0
2020-01-06 03:00:00+00:00,30.8,79.2,0.98,0.0
2020-01-06 04:00:00+00:00,31.2,78.6,0.98,0.0
2020-01-06 04:00:00+00:00,30.1,78.3,0.98,0.0
2020-01-06 04:00:00+00:00,30.8,79.2,0.98,0.0
2020-01-06 04:00:00+00:00,30.7,78.9,0.98,0.0
2020-01-06 04:00:00+00:00,30.5,78.7,0.98,0.0
2020-01-06 04:00:00+00:00,31.0,78.2,0.98,0.0
2020-01-06 04:00:00+00:00,29.9,78.9,0.98,0.0
2020-01-06 04:00:00+00:00,30.3,78.5,0.98,0.0
2020-01-06 05:00:00+00:00,30.1,78.3,0.98,0.0
2020-01-06 05:00:00+00:00,31.0,78.2,0.98,0.0
2020-01-06 05:00:00+00:00,30.3,78.5,0.98,0.0
2020-01-06 05:00:00+00:00,30.7,78.9,0.98,0.0
2020-01-06 05:00:00+00:00,31.2,78.6,0.98,0.0
2020-01-06 05:00:00+00:00,30.5,78.7,0.98,0.0
2020-01-06 05:00:00+00:00,30.8,79.2,0.98,0.0
2020-01-06 05:00:00+00:00,29.9,78.9,0.98,0.0
2020-01-06 06:00:00+00:00,29.9,78.9,0.98,0.0
2020-01-06 06:00:00+00:00,30.3,78.5,0.98,0.0
2020-01-06 06:00:00+00:00,30.5,78.7,0.98,0.0
2020-01-06 06:00:00+00:00,31.0,78.2,0.98,0.0
2020-01-06 06:00:00+00:00,30.1,78.3,0.98,0.0
2020-01-06 06:00:00+00:00,31.2,78.6,0.98,0.0
2020-01-06 06:00:00+00:00,30.8,79.2,0.98,0.0
2020-01-06 06:00:00+00:00,30.7,78.9,0.98,0.0
2020-01-06 07:00:00+00:00,30.1,78.3,0.98,0.0
2020-01-06 07:00:00+00:00,30.7,78.9,0.98,0.0
2020-01-06 07:00:00+00:00,31.0,78.2,0.98,0.0
2020-01-06 07:00:00+00:00,31.2,78.6,0.98,0.0
2020-01-06 07:00:00+00:00,30.3,78.5,0.98,0.0
2020-01-06 07:00:00+00:00,29.9,78.9,0.98,0.0
2020-01-06 07:00:00+00:00,30.8,79.2,0.98,0.0
2020-01-06 07:00:00+00:00,30.5,78.7,0.98,0.0
2020-01-06 08:00:00+00:00,30.7,78.9,0.98,0.0
2020-01-06 08:00:00+00:00,30.5,78.7,0.98,0.0
2020-01-06 08:00:00+00:00,29.9,78.9,0.98,0.0
2020-01-06 08:00:00+00:00,30.8,79.2,0.98,0.0
2020-01-06 08:00:00+00:00,31.0,78.2,0.98,0.0
2020-01-06 08:00:00+00:00,31.2,78.6,0.98,0.0
2020-01-06 08:00:00+00:00,30.3,78.5,0.98,0.0
2020-01-06 08:00:00+00:00,30.1,78.3,0.98,0.0
2020-01-06 09:00:00+00:00,30.7,78.9,0.98,0.0
2020-01-06 09:00:00+00:00,29.9,78.9,0.98,0.0
2020-01-06 09:00:00+00:00,30.8,79.2,0.98,0.0
2020-01-06 09:00:00+00:00,31.0,78.2,0.98,0.0
2020-01-06 09:00:00+00:00,30.3,78.5,0.98,0.0
2020-01-06 09:00:00+00:00,30.1,78.3,0.98,0.0
2020-01-06 09:00:00+00:00,31.2,78.6,0.98,0.0
2020-01-06 09:00:00+00:00,30.5,78.7,0.98,0.0
2020-01-06 10:00:00+00:00,30.3,78.5,0.98,0.0
2020-01-06 10:00:00+00:00,30.7,78.9,0.98,0.0
2020-01-06 10:00:00+00:00,31.2,78.6,0.98,0.0
2020-01-06 10:00:00+00:00,30.8,79.2,0.98,0.0
2020-01-06 10:00:00+00:00,29.9,78.9,0.98,0.0
2020-01-06 10:00:00+00:00,30.5,78.7,0.98,0.0
2020-01-06 10:00:00+00:00,30.1,78.3,0.98,0.0
2020-01-06 10:00:00+00:00,31.0,78.2,0.98,0.0
2020-01-06 11:00:00+00:00,30.7,78.9,0.98,0.0
2020-01-06 11:00:00+00:00,30.1,78.3,0.98,0.0
2020-01-06 11:00:00+00:00,30.8,79.2,0.98,0.0
2020-01-06 11:00:00+00:00,31.0,78.2,0.98,0.0
2020-01-06 11:00:00+00:00,31.2,78.6,0.98,0.0
2020-01-06 11:00:00+00:00,30.3,78.5,0.98,0.0
2020-01-06 11:00:00+00:00,30.5,78.7,0.98,0.0
2020-01-06 11:00:00+00:00,29.9,78.9,0.98,0.0
2020-01-06 12:00:00+00:00,29.9,78.9,0.98,0.0
2020-01-06 12:00:00+00:00,31.2,78.6,0.98,0.0
2020-01-06 12:00:00+00:00,30.3,78.5,0.98,0.0
2020-01-06 12:00:00+00:00,30.8,79.2,0.98,0.0
2020-01-06 12:00:00+00:00,30.1,78.3,0.98,0.0
2020-01-06 12:00:00+00:00,30.5,78.7,0.98,0.0
2020-01-06 12:00:00+00:00,30.7,78.9,0.98,0.0
2020-01-06 12:00:00+00:00,31.0,78.2,0.98,0.0
2020-01-06 13:00:00+00:00,31.0,78.2,0.98,0.0
2020-01-06 13:00:00+00:00,30.1,78.3,0.98,0.0
2020-01-06 13:00:00+00:00,30.5,78.7,0.98,0.0
2020-01-06 13:00:00+00:00,30.7,78.9,0.98,0.0
2020-01-06 13:00:00+00:00,30.3,78.5,0.98,0.0
2020-01-06 13:00:00+00:00,29.9,78.9,0.98,0.0
2020-01-06 13:00:00+00:00,30.8,79.2,0.98,0.0
2020-01-06 13:00:00+00:00,31.2,78.6,0.98,0.0
2020-01-06 14:00:00+00:00,30.3,78.5,0.98,0.0
2020-01-06 14:00:00+00:00,30.1,78.3,0.98,0.0
2020-01-06 14:00:00+00:00,30.8,79.2,0.98,0.0
2020-01-06 14:00:00+00:00,30.7,78.9,0.98,0.0
2020-01-06 14:00:00+00:00,30.5,78.7,0.98,0.0
2020-01-06 14:00:00+00:00,29.9,78.9,0.98,0.0
2020-01-06 14:00:00+00:00,31.2,78.6,0.98,0.0
2020-01-06 14:00:00+00:00,31.0,78.2,0.98,0.0
2020-01-06 15:00:00+00:00,31.2,78.6,0.98,0.0
2020-01-06 15:00:00+00:00,29.9,78.9,0.98,0.0
2020-01-06 15:00:00+00:00,30.1,78.3,0.98,0.0
2020-01-06 15:00:00+00:00,31.0,78.2,0.98,0.0
2020-01-06 15:00:00+00:00,30.5,78.7,0.98,0.0
2020-01-06 15:00:00+00:00,30.3,78.5,0.98,0.0
2020-01-06 15:00:00+00:00,30.8,79.2,0.98,0.0
2020-01-06 15:00:00+00:00,30.7,78.9,0.98,0.0
2020-01-06 16:00:00+00:00,30.8,79.2,0.98,0.0
2020-01-06 16:00:00+00:00,31.0,78.2,0.98,0.0
2020-01-06 16:00:00+00:00,30.3,78.5,0.98,0.0
2020-01-06 16:00:00+00:00,30.5,78.7,0.98,0.0
2020-01-06 16:00:00+00:00,30.1,78.3,0.98,0.0
2020-01-06 16:00:00+00:00,31.2,78.6,0.98,0.0
2020-01-06 16:00:00+00:00,29.9,78.9,0.98,0.0
2020-01-06 16:00:00+00:00,30.7,78.9,0.98,0.0
2020-01-06 17:00:00+00:00,30.7,78.9,0.98,0.0
2020-01-06 17:00:00+00:00,30.5,78.7,0.98,0.0
2020-01-06 17:00:00+00:00,30.3,78.5,0.98,0.0
2020-01-06 17:00:00+00:00,31.0,78.2,0.98,0.0
2020-01-06 17:00:00+00:00,30.8,79.2,0.98,0.0
2020-01-06 17:00:00+00:00,31.2,78.6,0.98,0.0
2020-01-06 17:00:00+00:00,29.9,78.9,0.98,0.0
2020-01-06 17:00:00+00:00,30.1,78.3,0.98,0.0
2020-01-06 18:00:00+00:00,30.8,79.2,0.98,0.0
2020-01-06 18:00:00+00:00,31.2,78.6,0.98,0.0
2020-01-06 18:00:00+00:00,30.7,78.9,0.98,0.0
2020-01-06 18:00:00+00:00,31.0,78.2,0.98,0.0
2020-01-06 18:00:00+00:00,30.5,78.7,0.98,0.0
2020-01-06 18:00:00+00:00,29.9,78.9,0.98,0.0
2020-01-06 18:00:00+00:00,30.1,78.3,0.98,0.0
2020-01-06 18:00:00+00:00,30.3,78.5,0.98,0.0
2020-01-06 19:00:00+00:00,30.7,78.9,0.98,0.0
2020-01-06 19:00:00+00:00,29.9,78.9,0.98,0.0
2020-01-06 19:00:00+00:00,30.5,78.7,0.98,0.0
2020-01-06 19:00:00+00:00,30.1,78.3,0.98,0.0
2020-01-06 19:00:00+00:00,30.3,78.5,0.98,0.0
2020-01-06 19:00:00+00:00,31.2,78.6,0.98,0.0
2020-01-06 19:00:00+00:00,30.8,79.2,0.98,0.0
2020-01-06 19:00:00+00:00,31.0,78.2,0.98,0.0
2020-01-06 20:00:00+00:00,31.2,78.6,0.98,0.0
2020-01-06 20:00:00+00:00,30.3,78.5,0.98,0.0
2020-01-06 20:00:00+00:00,30.7,78.9,0.98,0.0
2020-01-06 20:00:00+00:00,30.1,78.3,0.98,0.0
2020-01-06 20:00:00+00:00,30.5,78.7,0.98,0.0
2020-01-06 20:00:00+00:00,30.8,79.2,0.98,0.0
2020-01-06 20:00:00+00:00,29.9,78.9,0.98,0.0
2020-01-06 20:00:00+00:00,31.0,78.2,0.98,0.0
2020-01-06 21:00:00+00:00,30.3,78.5,0.98,0.0
2020-01-06 21:00:00+00:00,30.1,78.3,0.98,0.0
2020-01-06 21:00:00+00:00,30.5,78.7,0.98,0.0
2020-01-06 21:00:00+00:00,31.2,78.6,0.98,0.0
2020-01-06 21:00:00+00:00,30.7,78.9,0.98,0.0
2020-01-06 21:00:00+00:00,30.8,79.2,0.98,0.0
2020-01-06 21:00:00+00:00,31.0,78.2,0.98,0.0
2020-01-06 21:00:00+00:00,29.9,78.9,0.98,0.0
2020-01-06 22:00:00+00:00,30.8,79.2,0.98,0.0
2020-01-06 22:00:00+00:00,31.2,78.6,0.98,0.0
2020-01-06 22:00:00+00:00,30.1,78.3,0.98,0.0
2020-01-06 22:00:00+00:00,31.0,78.2,0.98,0.0
2020-01-06 22:00:00+00:00,30.3,78.5,0.98,0.0
2020-01-06 22:00:00+00:00,30.5,78.7,0.98,0.0
2020-01-06 22:00:00+00:00,30.7,78.9,0.98,0.0
2020-01-06 22:00:00+00:00,29.9,78.9,0.98,0.0
2020-01-06 23:00:00+00:00,30.5,78.7,0.98,0.0
2020-01-06 23:00:00+00:00,30.3,78.5,0.98,0.0
2020-01-06 23:00:00+00:00,30.1,78.3,0.98,0.0
2020-01-06 23:00:00+00:00,31.0,78.2,0.98,0.0
2020-01-06 23:00:00+00:00,30.8,79.2,0.98,0.0
2020-01-06 23:00:00+00:00,31.2,78.6,0.98,0.0
2020-01-06 23:00:00+00:00,29.9,78.9,0.98,0.0
2020-01-06 23:00:00+00:00,30.7,78.9,0.98,0.0
2020-01-07 00:00:00+00:00,31.2,78.6,0.98,0.0
2020-01-07 00:00:00+00:00,30.3,78.5,0.98,0.0
2020-01-07 00:00:00+00:00,30.8,79.2,0.98,0.0
2020-01-07 00:00:00+00:00,31.0,78.2,0.98,0.0
2020-01-07 00:00:00+00:00,30.5,78.7,0.98,0.0
2020-01-07 00:00:00+00:00,30.1,78.3,0.98,0.0
2020-01-07 00:00:00+00:00,30.7,78.9,0.98,0.0
2020-01-07 00:00:00+00:00,29.9,78.9,0.98,0.0
2020-01-07 01:00:00+00:00,30.8,79.2,0.98,0.0
2020-01-07 01:00:00+00:00,31.2,78.6,0.98,0.0
2020-01-07 01:00:00+00:00,30.3,78.5,0.98,0.0
2020-01-07 01:00:00+00:00,31.0,78.2,0.98,0.0
2020-01-07 01:00:00+00:00,29.9,78.9,0.98,0.0
2020-01-07 01:00:00+00:00,30.7,78.9,0.98,0.0
2020-01-07 01:00:00+00:00,30.1,78.3,0.98,0.0
2020-01-07 01:00:00+00:00,30.5,78.7,0.98,0.0
2020-01-07 02:00:00+00:00,30.8,79.2,0.98,0.0
2020-01-07 02:00:00+00:00,30.1,78.3,0.98,0.0
2020-01-07 02:00:00+00:00,31.0,78.2,0.98,0.0
2020-01-07 02:00:00+00:00,29.9,78.9,0.98,0.0
2020-01-07 02:00:00+00:00,30.7,78.9,0.98,0.0
2020-01-07 02:00:00+00:00,31.2,78.6,0.98,0.0
2020-01-07 02:00:00+00:00,30.3,78.5,0.98,0.0
2020-01-07 02:00:00+00:00,30.5,78.7,0.98,0.0
2020-01-07 03:00:00+00:00,30.7,78.9,0.98,0.0
2020-01-07 03:00:00+00:00,30.1,78.3,0.98,0.0
2020-01-07 03:00:00+00:00,31.0,78.2,0.98,0.0
2020-01-07 03:00:00+00:00,31.2,78.6,0.98,0.0
2020-01-07 03:00:00+00:00,29.9,78.9,0.98,0.0
2020-01-07 03:00:00+00:00,30.3,78.5,0.98,0.0
2020-01-07 03:00:00+00:00,30.5,78.7,0.98,0.0
2020-01-07 03:00:00+00:00,30.8,79.2,0.98,0.0
2020-01-07 04:00:00+00:00,30.8,79.2,0.98,0.0
2020-01-07 04:00:00+00:00,30.3,78.5,0.98,0.0
2020-01-07 04:00:00+00:00,31.2,78.6,0.98,0.0
2020-01-07 04:00:00+00:00,30.5,78.7,0.9762658056977769,-0.003734194302223104
2020-01-07 04:00:00+00:00,30.7,78.9,0.98,0.0
2020-01-07 04:00:00+00:00,29.9,78.9,0.98,0.0
2020-01-07 04:00:00+00:00,30.1,78.3,0.98,0.0
2020-01-07 04:00:00+00:00,31.0,78.2,0.98,0.0
2020-01-07 05:00:00+00:00,30.3,78.5,0.98,0.0
2020-01-07 05:00:00+00:00,30.5,78.7,0.8757578718748946,-0.10050793382288226
2020-01-07 05:00:00+00:00,31.0,78.2,0.98,0.0
2020-01-07 05:00:00+00:00,29.9,78.9,0.98,0.0
2020-01-07 05:00:00+00:00,30.7,78.9,0.98,0.0
2020-01-07 05:00:00+00:00,30.8,79.2,0.98,0.0
2020-01-07 05:00:00+00:00,31.2,78.6,0.98,0.0
2020-01-07 05:00:00+00:00,30.1,78.3,0.98,0.0
2020-01-07 06:00:00+00:00,31.0,78.2,0.98,0.0
2020-01-07 06:00:00+00:00,30.7,78.9,0.98,0.0
2020-01-07 06:00:00+00:00,30.1,78.3,0.98,0.0
2020-01-07 06:00:00+00:00,30.5,78.7,0.9327494261403305,0.056991554265435895
2020-01-07 06:00:00+00:00,29.9,78.9,0.98,0.0
2020-01-07 06:00:00+00:00,30.3,78.5,0.98,0.0
2020-01-07 06:00:00+00:00,31.2,78.6,0.98,0.0
2020-01-07 06:00:00+00:00,30.8,79.2,0.98,0.0
2020-01-07 07:00:00+00:00,30.3,78.5,0.98,0.0
2020-01-07 07:00:00+00:00,30.1,78.3,0.98,0.0
2020-01-07 07:00:00+00:00,31.2,78.6,0.98,0.0
2020-01-07 07:00:00+00:00,31.0,78.2,0.98,0.0
2020-01-07 07:00:00+00:00,29.9,78.9,0.98,0.0
2020-01-07 07:00:00+00:00,30.8,79.2,0.98,0.0
2020-01-07 07:00:00+00:00,30.5,78.7,0.8755106255848049,-0.05723880055552566
2020-01-07 07:00:00+00:00,30.7,78.9,0.98,0.0
2020-01-07 08:00:00+00:00,31.0,78.2,0.98,0.0
2020-01-07 08:00:00+00:00,29.9,78.9,0.98,0.0
2020-01-07 08:00:00+00:00,30.7,78.9,0.98,0.0
2020-01-07 08:00:00+00:00,31.2,78.6,0.98,0.0
2020-01-07 08:00:00+00:00,30.8,79.2,0.98,0.0
2020-01-07 08:00:00+00:00,30.1,78.3,0.98,0.0
2020-01-07 08:00:00+00:00,30.3,78.5,0.98,0.0
2020-01-07 08:00:00+00:00,30.5,78.7,0.847618932112902,-0.0278916934719029
2020-01-07 09:00:00+00:00,30.7,78.9,0.98,0.0
2020-01-07 09:00:00+00:00,29.9,78.9,0.98,0.0
2020-01-07 09:00:00+00:00,30.8,79.2,0.98,0.0
2020-01-07 09:00:00+00:00,30.3,78.5,0.98,0.0
2020-01-07 09:00:00+00:00,31.0,78.2,0.98,0.0
2020-01-07 09:00:00+00:00,30.5,78.7,0.7988101005527931,-0.048808831560108845
2020-01-07 09:00:00+00:00,30.1,78.3,0.9516127055365173,-0.02838729446348265
2020-01-07 09:00:00+00:00,31.2,78.6,0.98,0.0
2020-01-07 10:00:00+00:00,30.3,78.5,0.98,0.0
2020-01-07 10:00:00+00:00,29.9,78.9,0.98,0.0
2020-01-07 10:00:00+00:00,31.2,78.6,0.98,0.0
2020-01-07 10:00:00+00:00,30.8,79.2,0.98,0.0
2020-01-07 10:00:00+00:00,30.1,78.3,0.9345094885148811,-0.017103217021636197
2020-01-07 10:00:00+00:00,30.7,78.9,0.98,0.0
2020-01-07 10:00:00+00:00,31.0,78.2,0.98,0.0
2020-01-07 10:00:00+00:00,30.5,78.7,0.7696312340452042,-0.02917886650758894
2020-01-07 11:00:00+00:00,30.5,78.7,0.7838216614861202,0.014190427440916031
2020-01-07 11:00:00+00:00,30.3,78.5,0.98,0.0
2020-01-07 11:00:00+00:00,30.7,78.9,0.98,0.0
2020-01-07 11:00:00+00:00,30.1,78.3,0.8681272811988867,-0.06638220731599442
2020-01-07 11:00:00+00:00,30.8,79.2,0.98,0.0
2020-01-07 11:00:00+00:00,31.2,78.6,0.98,0.0
2020-01-07 11:00:00+00:00,29.9,78.9,0.98,0.0
2020-01-07 11:00:00+00:00,31.0,78.2,0.98,0.0
2020-01-07 12:00:00+00:00,31.2,78.6,0.98,0.0
2020-01-07 12:00:00+00:00,30.7,78.9,0.98,0.0
2020-01-07 12:00:00+00:00,30.8,79.2,0.98,0.0
2020-01-07 12:00:00+00:00,30.1,78.3,0.821088854786974,-0.04703842641191269
2020-01-07 12:00:00+00:00,29.9,78.9,0.98,0.0
2020-01-07 12:00:00+00:00,30.5,78.7,0.77676539964195,-0.007056261844170186
2020-01-07 12:00:00+00:00,30.3,78.5,0.98,0.0
2020-01-07 12:00:00+00:00,31.0,78.2,0.98,0.0
2020-01-07 13:00:00+00:00,29.9,78.9,0.98,0.0
2020-01-07 13:00:00+00:00,30.5,78.7,0.7201986847741698,-0.0565667148677802
2020-01-07 13:00:00+00:00,30.3,78.5,0.98,0.0
2020-01-07 13:00:00+00:00,30.1,78.3,0.7553337679965898,-0.06575508679038422
2020-01-07 13:00:00+00:00,30.8,79.2,0.98,0.0
2020-01-07 13:00:00+00:00,30.7,78.9,0.98,0.0
2020-01-07 13:00:00+00:00,31.0,78.2,0.98,0.0
2020-01-07 13:00:00+00:00,31.2,78.6,0.98,0.0
2020-01-07 14:00:00+00:00,29.9,78.9,0.98,0.0
2020-01-07 14:00:00+00:00,30.3,78.5,0.98,0.0
2020-01-07 14:00:00+00:00,30.5,78.7,0.7626193605558581,0.04242067578168829
2020-01-07 14:00:00+00:00,31.2,78.6,0.98,0.0
2020-01-07 14:00:00+00:00,30.1,78.3,0.822327027197072,0.06699325920048216
2020-01-07 14:00:00+00:00,30.7,78.9,0.98,0.0
2020-01-07 14:00:00+00:00,31.0,78.2,0.98,0.0
2020-01-07 14:00:00+00:00,30.8,79.2,0.98,0.0
2020-01-07 15:00:00+00:00,30.7,78.9,0.98,0.0
2020-01-07 15:00:00+00:00,29.9,78.9,0.98,0.0
2020-01-07 15:00:00+00:00,31.0,78.2,0.98,0.0
2020-01-07 15:00:00+00:00,30.3,78.5,0.98,0.0
2020-01-07 15:00:00+00:00,31.2,78.6,0.98,0.0
2020-01-07 15:00:00+00:00,30.8,79.2,0.98,0.0
2020-01-07 15:00:00+00:00,30.1,78.3,0.7833573742820614,-0.03896965291501053
2020-01-07 15:00:00+00:00,30.5,78.7,0.9172901229579747,0.15467076240211663
2020-01-07 16:00:00+00:00,29.9,78.9,0.98,0.0
2020-01-07 16:00:00+00:00,30.3,78.5,0.98,0.0
2020-01-07 16:00:00+00:00,30.5,78.7,0.9086023849056912,-0.008687738052283511
2020-01-07 16:00:00+00:00,30.8,79.2,0.98,0.0
2020-01-07 16:00:00+00:00,30.1,78.3,0.750556041363673,-0.03280133291838838
2020-01-07 16:00:00+00:00,30.7,78.9,0.98,0.0
2020-01-07 16:00:00+00:00,31.0,78.2,0.98,0.0
2020-01-07 16:00:00+00:00,31.2,78.6,0.98,0.0
2020-01-07 17:00:00+00:00,30.1,78.3,0.780511969990629,0.029955928626955952
2020-01-07 17:00:00+00:00,31.2,78.6,0.98,0.0
2020-01-07 17:00:00+00:00,30.8,79.2,0.98,0.0
2020-01-07 17:00:00+00:00,30.7,78.9,0.98,0.0
2020-01-07 17:00:00+00:00,29.9,78.9,0.98,0.0
2020-01-07 17:00:00+00:00,30.5,78.7,0.9285673647118435,0.019964979806152305
2020-01-07 17:00:00+00:00,31.0,78.2,0.98,0.0
2020-01-07 17:00:00+00:00,30.3,78.5,0.98,0.0
2020-01-07 18:00:00+00:00,30.7,78.9,0.98,0.0
2020-01-07 18:00:00+00:00,31.0,78.2,0.98,0.0
2020-01-07 18:00:00+00:00,29.9,78.9,0.98,0.0
2020-01-07 18:00:00+00:00,30.8,79.2,0.98,0.0
2020-01-07 18:00:00+00:00,30.1,78.3,0.7412050427649007,-0.03930692722572826
2020-01-07 18:00:00+00:00,30.3,78.5,0.98,0.0
2020-01-07 18:00:00+00:00,30.5,78.7,0.9744033327228786,0.045835968011035066
2020-01-07 18:00:00+00:00,31.2,78.6,0.98,0.0
2020-01-07 19:00:00+00:00,30.3,78.5,0.98,0.0
2020-01-07 19:00:00+00:00,30.1,78.3,0.6982419683350964,-0.04296307442980429
2020-01-07 19:00:00+00:00,30.5,78.7,0.98,0.005596667277121381
2020-01-07 19:00:00+00:00,31.0,78.2,0.98,0.0
2020-01-07 19:00:00+00:00,30.8,79.2,0.98,0.0
2020-01-07 19:00:00+00:00,31.2,78.6,0.98,0.0
2020-01-07 19:00:00+00:00,29.9,78.9,0.98,0.0
2020-01-07 19:00:00+00:00,30.7,78.9,0.98,0.0
2020-01-07 20:00:00+00:00,30.5,78.7,0.98,0.0
2020-01-07 20:00:00+00:00,29.9,78.9,0.98,0.0
2020-01-07 20:00:00+00:00,30.8,79.2,0.98,0.0
2020-01-07 20:00:00+00:00,30.3,78.5,0.98,0.0
2020-01-07 20:00:00+00:00,31.2,78.6,0.98,0.0
2020-01-07 20:00:00+00:00,30.1,78.3,0.7876199023604804,0.08937793402538396
2020-01-07 20:00:00+00:00,31.0,78.2,0.98,0.0
2020-01-07 20:00:00+00:00,30.7,78.9,0.98,0.0
2020-01-07 21:00:00+00:00,30.7,78.9,0.98,0.0
2020-01-07 21:00:00+00:00,31.0,78.2,0.98,0.0
2020-01-07 21:00:00+00:00,30.5,78.7,0.98,0.0
2020-01-07 21:00:00+00:00,30.8,79.2,0.98,0.0
2020-01-07 21:00:00+00:00,30.1,78.3,0.7497081841202144,-0.03791171824026596
2020-01-07 21:00:00+00:00,29.9,78.9,0.98,0.0
2020-01-07 21:00:00+00:00,31.2,78.6,0.98,0.0
2020-01-07 21:00:00+00:00,30.3,78.5,0.98,0.0
2020-01-07 22:00:00+00:00,30.8,79.2,0.98,0.0
2020-01-07 22:00:00+00:00,30.1,78.3,0.7473030122020192,-0.002405171918195226
2020-01-07 22:00:00+00:00,30.7,78.9,0.98,0.0
2020-01-07 22:00:00+00:00,31.2,78.6,0.98,0.0
2020-01-07 22:00:00+00:00,30.5,78.7,0.98,0.0
2020-01-07 22:00:00+00:00,29.9,78.9,0.98,0.0
2020-01-07 22:00:00+00:00,31.0,78.2,0.98,0.0
2020-01-07 22:00:00+00:00,30.3,78.5,0.98,0.0
2020-01-07 23:00:00+00:00,30.8,79.2,0.98,0.0
2020-01-07 23:00:00+00:00,30.5,78.7,0.98,0.0
2020-01-07 23:00:00+00:00,29.9,78.9,0.98,0.0
2020-01-07 23:00:00+00:00,31.2,78.6,0.98,0.0
2020-01-07 23:00:00+00:00,31.0,78.2,0.98,0.0
2020-01-07 23:00:00+00:00,30.3,78.5,0.98,0.0
2020-01-07 23:00:00+00:00,30.1,78.3,0.7547062838659996,0.00740327166398036
2020-01-07 23:00:00+00:00,30.7,78.9,0.98,0.0
2020-01-08 00:00:00+00:00,31.0,78.2,0.98,0.0
2020-01-08 00:00:00+00:00,31.2,78.6,0.98,0.0
2020-01-08 00:00:00+00:00,30.3,78.5,0.98,0.0
2020-01-08 00:00:00+00:00,29.9,78.9,0.98,0.0
2020-01-08 00:00:00+00:00,30.8,79.2,0.98,0.0
2020-01-08 00:00:00+00:00,30.1,78.3,0.725648039231613,-0.029058244634386554
2020-01-08 00:00:00+00:00,30.7,78.9,0.98,0.0
2020-01-08 00:00:00+00:00,30.5,78.7,0.98,0.0
2020-01-08 01:00:00+00:00,29.9,78.9,0.98,0.0
2020-01-08 01:00:00+00:00,30.5,78.7,0.98,0.0
2020-01-08 01:00:00+00:00,30.1,78.3,0.6757285633145826,-0.04991947591703039
2020-01-08 01:00:00+00:00,31.2,78.6,0.98,0.0
2020-01-08 01:00:00+00:00,30.7,78.9,0.98,0.0
2020-01-08 01:00:00+00:00,30.8,79.2,0.98,0.0
2020-01-08 01:00:00+00:00,30.3,78.5,0.98,0.0
2020-01-08 01:00:00+00:00,31.0,78.2,0.98,0.0
2020-01-08 02:00:00+00:00,30.5,78.7,0.98,0.0
2020-01-08 02:00:00+00:00,30.7,78.9,0.98,0.0
2020-01-08 02:00:00+00:00,30.8,79.2,0.98,0.0
2020-01-08 02:00:00+00:00,31.2,78.6,0.98,0.0
2020-01-08 02:00:00+00:00,29.9,78.9,0.98,0.0
2020-01-08 02:00:00+00:00,31.0,78.2,0.98,0.0
2020-01-08 02:00:00+00:00,30.1,78.3,0.7089223475045039,0.03319378418992125
2020-01-08 02:00:00+00:00,30.3,78.5,0.98,0.0
2020-01-08 03:00:00+00:00,30.5,78.7,0.98,0.0
2020-01-08 03:00:00+00:00,29.9,78.9,0.98,0.0
2020-01-08 03:00:00+00:00,30.1,78.3,0.7341587501429259,0.025236402638421973
2020-01-08 03:00:00+00:00,30.8,79.2,0.98,0.0
2020-01-08 03:00:00+00:00,30.7,78.9,0.98,0.0
2020-01-08 03:00:00+00:00,31.0,78.2,0.98,0.0
2020-01-08 03:00:00+00:00,30.3,78.5,0.98,0.0
2020-01-08 03:00:00+00:00,31.2,78.6,0.98,0.0
2020-01-08 04:00:00+00:00,30.5,78.7,0.98,0.0
2020-01-08 04:00:00+00:00,29.9,78.9,0.98,0.0
2020-01-08 04:00:00+00:00,30.1,78.3,0.6959877147566774,-0.03817103538624844
2020-01-08 04:00:00+00:00,30.3,78.5,0.98,0.0
2020-01-08 04:00:00+00:00,31.0,78.2,0.98,0.0
2020-01-08 04:00:00+00:00,31.2,78.6,0.98,0.0
2020-01-08 04:00:00+00:00,30.8,79.2,0.98,0.0
2020-01-08 04:00:00+00:00,30.7,78.9,0.98,0.0
2020-01-08 05:00:00+00:00,30.1,78.3,0.650668813990939,-0.04531890076573841
2020-01-08 05:00:00+00:00,30.8,79.2,0.98,0.0
2020-01-08 05:00:00+00:00,30.5,78.7,0.98,0.0
2020-01-08 05:00:00+00:00,31.0,78.2,0.98,0.0
2020-01-08 05:00:00+00:00,30.3,78.5,0.98,0.0
2020-01-08 05:00:00+00:00,31.2,78.6,0.98,0.0
2020-01-08 05:00:00+00:00,29.9,78.9,0.98,0.0
2020-01-08 05:00:00+00:00,30.7,78.9,0.98,0.0
2020-01-08 06:00:00+00:00,31.2,78.6,0.98,0.0
2020-01-08 06:00:00+00:00,30.3,78.5,0.98,0.0
2020-01-08 06:00:00+00:00,30.7,78.9,0.98,0.0
2020-01-08 06:00:00+00:00,30.5,78.7,0.98,0.0
2020-01-08 06:00:00+00:00,29.9,78.9,0.98,0.0
2020-01-08 06:00:00+00:00,31.0,78.2,0.98,0.0
2020-01-08 06:00:00+00:00,30.8,79.2,0.98,0.0
2020-01-08 06:00:00+00:00,30.1,78.3,0.73715809216372,0.08648927817278096
2020-01-08 07:00:00+00:00,30.7,78.9,0.98,0.0
2020-01-08 07:00:00+00:00,29.9,78.9,0.98,0.0
2020-01-08 07:00:00+00:00,30.8,79.2,0.98,0.0
2020-01-08 07:00:00+00:00,30.3,78.5,0.98,0.0
2020-01-08 07:00:00+00:00,30.5,78.7,0.98,0.0
2020-01-08 07:00:00+00:00,31.2,78.6,0.98,0.0
2020-01-08 07:00:00+00:00,31.0,78.2,0.98,0.0
2020-01-08 07:00:00+00:00,30.1,78.3,0.6846247313251677,-0.05253336083855231
2020-01-08 08:00:00+00:00,30.1,78.3,0.7211548911921337,0.03653015986696606
2020-01-08 08:00:00+00:00,30.5,78.7,0.98,0.0
2020-01-08 08:00:00+00:00,30.7,78.9,0.98,0.0
2020-01-08 08:00:00+00:00,29.9,78.9,0.98,0.0
2020-01-08 08:00:00+00:00,30.3,78.5,0.98,0.0
2020-01-08 08:00:00+00:00,31.2,78.6,0.98,0.0
2020-01-08 08:00:00+00:00,31.0,78.2,0.98,0.0
2020-01-08 08:00:00+00:00,30.8,79.2,0.98,0.0
2020-01-08 09:00:00+00:00,30.1,78.3,0.7811730190646968,0.06001812787256311
2020-01-08 09:00:00+00:00,30.3,78.5,0.98,0.0
2020-01-08 09:00:00+00:00,30.7,78.9,0.98,0.0
2020-01-08 09:00:00+00:00,31.2,78.6,0.98,0.0
2020-01-08 09:00:00+00:00,30.8,79.2,0.98,0.0
2020-01-08 09:00:00+00:00,31.0,78.2,0.98,0.0
2020-01-08 09:00:00+00:00,29.9,78.9,0.98,0.0
2020-01-08 09:00:00+00:00,30.5,78.7,0.98,0.0
2020-01-08 10:00:00+00:00,30.7,78.9,0.98,0.0
2020-01-08 10:00:00+00:00,31.2,78.6,0.98,0.0
2020-01-08 10:00:00+00:00,31.0,78.2,0.98,0.0
2020-01-08 10:00:00+00:00,30.8,79.2,0.98,0.0
2020-01-08 10:00:00+00:00,30.3,78.5,0.98,0.0
2020-01-08 10:00:00+00:00,29.9,78.9,0.98,0.0
2020-01-08 10:00:00+00:00,30.5,78.7,0.98,0.0
2020-01-08 10:00:00+00:00,30.1,78.3,0.7487025462691201,-0.03247047279557669
2020-01-08 11:00:00+00:00,31.0,78.2,0.98,0.0
2020-01-08 11:00:00+00:00,31.2,78.6,0.98,0.0
2020-01-08 11:00:00+00:00,30.3,78.5,0.98,0.0
2020-01-08 11:00:00+00:00,29.9,78.9,0.98,0.0
2020-01-08 11:00:00+00:00,30.7,78.9,0.98,0.0
2020-01-08 11:00:00+00:00,30.1,78.3,0.741014096068093,-0.007688450201027153
2020-01-08 11:00:00+00:00,30.5,78.7,0.98,0.0
2020-01-08 11:00:00+00:00,30.8,79.2,0.98,0.0
2020-01-08 12:00:00+00:00,29.9,78.9,0.98,0.0
2020-01-08 12:00:00+00:00,30.7,78.9,0.98,0.0
2020-01-08 12:00:00+00:00,30.5,78.7,0.98,0.0
2020-01-08 12:00:00+00:00,31.0,78.2,0.98,0.0
2020-01-08 12:00:00+00:00,30.1,78.3,0.7949853901174512,0.05397129404935819
2020-01-08 12:00:00+00:00,30.3,78.5,0.98,0.0
2020-01-08 12:00:00+00:00,30.8,79.2,0.98,0.0
2020-01-08 12:00:00+00:00,31.2,78.6,0.98,0.0
2020-01-08 13:00:00+00:00,30.7,78.9,0.98,0.0
2020-01-08 13:00:00+00:00,30.5,78.7,0.98,0.0
2020-01-08 13:00:00+00:00,30.8,79.2,0.98,0.0
2020-01-08 13:00:00+00:00,31.2,78.6,0.98,0.0
2020-01-08 13:00:00+00:00,29.9,78.9,0.98,0.0
2020-01-08 13:00:00+00:00,31.0,78.2,0.98,0.0
2020-01-08 13:00:00+00:00,30.1,78.3,0.7516638617319531,-0.043321528385498076
2020-01-08 13:00:00+00:00,30.3,78.5,0.98,0.0
2020-01-08 14:00:00+00:00,29.9,78.9,0.98,0.0
2020-01-08 14:00:00+00:00,30.1,78.3,0.7581691019530692,0.006505240221116093
2020-01-08 14:00:00+00:00,30.7,78.9,0.98,0.0
2020-01-08 14:00:00+00:00,30.8,79.2,0.98,0.0
2020-01-08 14:00:00+00:00,31.2,78.6,0.98,0.0
2020-01-08 14:00:00+00:00,31.0,78.2,0.98,0.0
2020-01-08 14:00:00+00:00,30.5,78.7,0.98,0.0
2020-01-08 14:00:00+00:00,30.3,78.5,0.98,0.0
2020-01-08 15:00:00+00:00,29.9,78.9,0.98,0.0
2020-01-08 15:00:00+00:00,31.0,78.2,0.98,0.0
2020-01-08 15:00:00+00:00,30.3,78.5,0.98,0.0
2020-01-08 15:00:00+00:00,30.1,78.3,0.7245180215833142,-0.03365108036975495
2020-01-08 15:00:00+00:00,30.8,79.2,0.98,0.0
2020-01-08 15:00:00+00:00,30.7,78.9,0.98,0.0
2020-01-08 15:00:00+00:00,31.2,78.6,0.98,0.0
2020-01-08 15:00:00+00:00,30.5,78.7,0.98,0.0
2020-01-08 16:00:00+00:00,30.7,78.9,0.98,0.0
2020-01-08 16:00:00+00:00,30.1,78.3,0.7250563909052232,0.0005383693219089825
2020-01-08 16:00:00+00:00,30.8,79.2,0.98,0.0
2020-01-08 16:00:00+00:00,31.0,78.2,0.98,0.0
2020-01-08 16:00:00+00:00,30.3,78.5,0.98,0.0
2020-01-08 16:00:00+00:00,31.2,78.6,0.98,0.0
2020-01-08 16:00:00+00:00,29.9,78.9,0.98,0.0
2020-01-08 16:00:00+00:00,30.5,78.7,0.98,0.0
2020-01-08 17:00:00+00:00,30.5,78.7,0.98,0.0
2020-01-08 17:00:00+00:00,30.1,78.3,0.7666361516099476,0.041579760704724356
2020-01-08 17:00:00+00:00,31.0,78.2,0.98,0.0
2020-01-08 17:00:00+00:00,30.8,79.2,0.98,0.0
2020-01-08 17:00:00+00:00,30.7,78.9,0.98,0.0
2020-01-08 17:00:00+00:00,30.3,78.5,0.98,0.0
2020-01-08 17:00:00+00:00,31.2,78.6,0.98,0.0
2020-01-08 17:00:00+00:00,29.9,78.9,0.98,0.0
2020-01-08 18:00:00+00:00,30.5,78.7,0.98,0.0
2020-01-08 18:00:00+00:00,30.8,79.2,0.98,0.0
2020-01-08 18:00:00+00:00,29.9,78.9,0.98,0.0
2020-01-08 18:00:00+00:00,31.0,78.2,0.98,0.0
2020-01-08 18:00:00+00:00,31.2,78.6,0.98,0.0
2020-01-08 18:00:00+00:00,30.3,78.5,0.98,0.0
2020-01-08 18:00:00+00:00,30.1,78.3,0.8087413715726104,0.04210521996266281
2020-01-08 18:00:00+00:00,30.7,78.9,0.98,0.0
2020-01-08 19:00:00+00:00,31.0,78.2,0.98,0.0
2020-01-08 19:00:00+00:00,30.5,78.7,0.98,0.0
2020-01-08 19:00:00+00:00,31.2,78.6,0.98,0.0
2020-01-08 19:00:00+00:00,30.3,78.5,0.98,0.0
2020-01-08 19:00:00+00:00,30.1,78.3,0.737155447241406,-0.07158592433120436
2020-01-08 19:00:00+00:00,29.9,78.9,0.98,0.0
2020-01-08 19:00:00+00:00,30.8,79.2,0.98,0.0
2020-01-08 19:00:00+00:00,30.7,78.9,0.98,0.0
2020-01-08 20:00:00+00:00,30.8,79.2,0.98,0.0
2020-01-08 20:00:00+00:00,30.3,78.5,0.98,0.0
2020-01-08 20:00:00+00:00,30.5,78.7,0.98,0.0
2020-01-08 20:00:00+00:00,31.0,78.2,0.98,0.0
2020-01-08 20:00:00+00:00,30.7,78.9,0.98,0.0
2020-01-08 20:00:00+00:00,31.2,78.6,0.98,0.0
2020-01-08 20:00:00+00:00,30.1,78.3,0.7927742018485667,0.0556187546071607
2020-01-08 20:00:00+00:00,29.9,78.9,0.98,0.0
2020-01-08 21:00:00+00:00,30.5,78.7,0.98,0.0
2020-01-08 21:00:00+00:00,30.8,79.2,0.98,0.0
2020-01-08 21:00:00+00:00,30.3,78.5,0.98,0.0
2020-01-08 21:00:00+00:00,31.0,78.2,0.98,0.0
2020-01-08 21:00:00+00:00,30.7,78.9,0.98,0.0
2020-01-08 21:00:00+00:00,30.1,78.3,0.7280504113006852,-0.06472379054788158
2020-01-08 21:00:00+00:00,29.9,78.9,0.98,0.0
2020-01-08 21:00:00+00:00,31.2,78.6,0.98,0.0
2020-01-08 22:00:00+00:00,30.1,78.3,0.7362642244805565,0.008213813179871354
2020-01-08 22:00:00+00:00,31.0,78.2,0.98,0.0
2020-01-08 22:00:00+00:00,30.5,78.7,0.98,0.0
2020-01-08 22:00:00+00:00,30.7,78.9,0.98,0.0
2020-01-08 22:00:00+00:00,29.9,78.9,0.98,0.0
2020-01-08 22:00:00+00:00,31.2,78.6,0.98,0.0
2020-01-08 22:00:00+00:00,30.8,79.2,0.98,0.0
2020-01-08 22:00:00+00:00,30.3,78.5,0.98,0.0
2020-01-08 23:00:00+00:00,31.0,78.2,0.98,0.0
2020-01-08 23:00:00+00:00,30.7,78.9,0.98,0.0
2020-01-08 23:00:00+00:00,30.8,79.2,0.98,0.0
2020-01-08 23:00:00+00:00,30.1,78.3,0.6866517042978939,-0.0496125201826626
2020-01-08 23:00:00+00:00,30.5,78.7,0.98,0.0
2020-01-08 23:00:00+00:00,30.3,78.5,0.98,0.0
2020-01-08 23:00:00+00:00,29.9,78.9,0.98,0.0
2020-01-08 23:00:00+00:00,31.2,78.6,0.98,0.0
2020-01-09 00:00:00+00:00,30.5,78.7,0.98,0.0
2020-01-09 00:00:00+00:00,31.0,78.2,0.98,0.0
2020-01-09 00:00:00+00:00,30.1,78.3,0.730249895847434,0.043598191549540144
2020-01-09 00:00:00+00:00,30.7,78.9,0.98,0.0
2020-01-09 00:00:00+00:00,29.9,78.9,0.98,0.0
2020-01-09 00:00:00+00:00,30.3,78.5,0.98,0.0
2020-01-09 00:00:00+00:00,31.2,78.6,0.98,0.0
2020-01-09 00:00:00+00:00,30.8,79.2,0.98,0.0
2020-01-09 01:00:00+00:00,31.0,78.2,0.98,0.0
2020-01-09 01:00:00+00:00,29.9,78.9,0.98,0.0
2020-01-09 01:00:00+00:00,30.7,78.9,0.98,0.0
2020-01-09 01:00:00+00:00,30.8,79.2,0.98,0.0
2020-01-09 01:00:00+00:00,30.3,78.5,0.98,0.0
2020-01-09 01:00:00+00:00,31.2,78.6,0.98,0.0
2020-01-09 01:00:00+00:00,30.1,78.3,0.7286031259554306,-0.001646769892003408
2020-01-09 01:00:00+00:00,30.5,78.7,0.98,0.0
2020-01-09 02:00:00+00:00,31.2,78.6,0.98,0.0
2020-01-09 02:00:00+00:00,30.7,78.9,0.98,0.0
2020-01-09 02:00:00+00:00,30.1,78.3,0.7408378027063869,0.012234676750956242
2020-01-09 02:00:00+00:00,31.0,78.2,0.98,0.0
2020-01-09 02:00:00+00:00,30.8,79.2,0.98,0.0
2020-01-09 02:00:00+00:00,30.3,78.5,0.98,0.0
2020-01-09 02:00:00+00:00,29.9,78.9,0.98,0.0
2020-01-09 02:00:00+00:00,30.5,78.7,0.98,0.0
2020-01-09 03:00:00+00:00,31.0,78.2,0.98,0.0
2020-01-09 03:00:00+00:00,30.3,78.5,0.98,0.0
2020-01-09 03:00:00+00:00,30.5,78.7,0.98,0.0
2020-01-09 03:00:00+00:00,30.7,78.9,0.98,0.0
2020-01-09 03:00:00+00:00,29.9,78.9,0.98,0.0
2020-01-09 03:00:00+00:00,30.8,79.2,0.98,0.0
2020-01-09 03:00:00+00:00,30.1,78.3,0.775292148591053,0.034454345884666115
2020-01-09 03:00:00+00:00,31.2,78.6,0.98,0.0
2020-01-09 04:00:00+00:00,30.3,78.5,0.98,0.0
2020-01-09 04:00:00+00:00,30.1,78.3,0.7582701645028388,-0.017021984088214204
2020-01-09 04:00:00+00:00,30.5,78.7,0.98,0.0
2020-01-09 04:00:00+00:00,31.2,78.6,0.98,0.0
2020-01-09 04:00:00+00:00,29.9,78.9,0.98,0.0
2020-01-09 04:00:00+00:00,31.0,78.2,0.98,0.0
2020-01-09 04:00:00+00:00,30.7,78.9,0.98,0.0
2020-01-09 04:00:00+00:00,30.8,79.2,0.98,0.0
2020-01-09 05:00:00+00:00,31.0,78.2,0.98,0.0
2020-01-09 05:00:00+00:00,30.3,78.5,0.98,0.0
2020-01-09 05:00:00+00:00,29.9,78.9,0.98,0.0
2020-01-09 05:00:00+00:00,30.5,78.7,0.98,0.0
2020-01-09 05:00:00+00:00,30.1,78.3,0.7455094655984351,-0.012760698904403678
2020-01-09 05:00:00+00:00,30.7,78.9,0.98,0.0
2020-01-09 05:00:00+00:00,31.2,78.6,0.98,0.0
2020-01-09 05:00:00+00:00,30.8,79.2,0.98,0.0
2020-01-09 06:00:00+00:00,31.2,78.6,0.98,0.0
2020-01-09 06:00:00+00:00,30.8,79.2,0.98,0.0
2020-01-09 06:00:00+00:00,30.3,78.5,0.98,0.0
2020-01-09 06:00:00+00:00,30.5,78.7,0.98,0.0
2020-01-09 06:00:00+00:00,29.9,78.9,0.98,0.0
2020-01-09 06:00:00+00:00,31.0,78.2,0.98,0.0
2020-01-09 06:00:00+00:00,30.1,78.3,0.7955680537622308,0.050058588163795714
2020-01-09 06:00:00+00:00,30.7,78.9,0.98,0.0
2020-01-09 07:00:00+00:00,30.8,79.2,0.98,0.0
2020-01-09 07:00:00+00:00,29.9,78.9,0.98,0.0
2020-01-09 07:00:00+00:00,30.5,78.7,0.98,0.0
2020-01-09 07:00:00+00:00,31.0,78.2,0.98,0.0
2020-01-09 07:00:00+00:00,30.1,78.3,0.8736406875404618,0.07807263377823093
2020-01-09 07:00:00+00:00,30.7,78.9,0.98,0.0
2020-01-09 07:00:00+00:00,31.2,78.6,0.98,0.0
2020-01-09 07:00:00+00:00,30.3,78.5,0.98,0.0
2020-01-09 08:00:00+00:00,30.7,78.9,0.98,0.0
2020-01-09 08:00:00+00:00,31.0,78.2,0.98,0.0
2020-01-09 08:00:00+00:00,30.3,78.5,0.98,0.0
2020-01-09 08:00:00+00:00,30.8,79.2,0.98,0.0
2020-01-09 08:00:00+00:00,31.2,78.6,0.98,0.0
2020-01-09 08:00:00+00:00,29.9,78.9,0.98,0.0
2020-01-09 08:00:00+00:00,30.5,78.7,0.98,0.0
2020-01-09 08:00:00+00:00,30.1,78.3,0.8146795463099461,-0.05896114123051566
2020-01-09 09:00:00+00:00,30.8,79.2,0.98,0.0
2020-01-09 09:00:00+00:00,30.7,78.9,0.98,0.0
2020-01-09 09:00:00+00:00,30.3,78.5,0.98,0.0
2020-01-09 09:00:00+00:00,31.2,78.6,0.98,0.0
2020-01-09 09:00:00+00:00,30.5,78.7,0.98,0.0
2020-01-09 09:00:00+00:00,29.9,78.9,0.98,0.0
2020-01-09 09:00:00+00:00,30.1,78.3,0.8836058961235733,0.06892634981362722
2020-01-09 09:00:00+00:00,31.0,78.2,0.98,0.0
2020-01-09 10:00:00+00:00,29.9,78.9,0.98,0.0
2020-01-09 10:00:00+00:00,30.8,79.2,0.98,0.0
2020-01-09 10:00:00+00:00,30.1,78.3,0.8669954395602233,-0.01661045656335003
2020-01-09 10:00:00+00:00,30.7,78.9,0.98,0.0
2020-01-09 10:00:00+00:00,31.0,78.2,0.98,0.0
2020-01-09 10:00:00+00:00,30.3,78.5,0.98,0.0
2020-01-09 10:00:00+00:00,30.5,78.7,0.98,0.0
2020-01-09 10:00:00+00:00,31.2,78.6,0.98,0.0
2020-01-09 11:00:00+00:00,29.9,78.9,0.98,0.0
2020-01-09 11:00:00+00:00,31.2,78.6,0.98,0.0
2020-01-09 11:00:00+00:00,30.5,78.7,0.98,0.0
2020-01-09 11:00:00+00:00,30.1,78.3,0.8947081071316328,0.027712667571409555
2020-01-09 11:00:00+00:00,30.8,79.2,0.98,0.0
2020-01-09 11:00:00+00:00,30.7,78.9,0.98,0.0
2020-01-09 11:00:00+00:00,31.0,78.2,0.98,0.0
2020-01-09 11:00:00+00:00,30.3,78.5,0.98,0.0
2020-01-09 12:00:00+00:00,30.7,78.9,0.98,0.0
2020-01-09 12:00:00+00:00,31.0,78.2,0.98,0.0
2020-01-09 12:00:00+00:00,30.3,78.5,0.98,0.0
2020-01-09 12:00:00+00:00,30.5,78.7,0.98,0.0
2020-01-09 12:00:00+00:00,30.8,79.2,0.98,0.0
2020-01-09 12:00:00+00:00,30.1,78.3,0.9053497442851668,0.010641637153533945
2020-01-09 12:00:00+00:00,31.2,78.6,0.98,0.0
2020-01-09 12:00:00+00:00,29.9,78.9,0.98,0.0
2020-01-09 13:00:00+00:00,30.1,78.3,0.98,0.07465025571483319
2020-01-09 13:00:00+00:00,30.7,78.9,0.98,0.0
2020-01-09 13:00:00+00:00,31.2,78.6,0.98,0.0
2020-01-09 13:00:00+00:00,29.9,78.9,0.98,0.0
2020-01-09 13:00:00+00:00,30.3,78.5,0.98,0.0
2020-01-09 13:00:00+00:00,31.0,78.2,0.98,0.0
2020-01-09 13:00:00+00:00,30.5,78.7,0.98,0.0
2020-01-09 13:00:00+00:00,30.8,79.2,0.98,0.0
2020-01-09 14:00:00+00:00,30.7,78.9,0.98,0.0
2020-01-09 14:00:00+00:00,30.8,79.2,0.98,0.0
2020-01-09 14:00:00+00:00,31.0,78.2,0.9237603193123126,-0.056239680687687366
2020-01-09 14:00:00+00:00,30.1,78.3,0.98,0.0
2020-01-09 14:00:00+00:00,30.3,78.5,0.98,0.0
2020-01-09 14:00:00+00:00,30.5,78.7,0.98,0.0
2020-01-09 14:00:00+00:00,29.9,78.9,0.98,0.0
2020-01-09 14:00:00+00:00,31.2,78.6,0.98,0.0
2020-01-09 15:00:00+00:00,30.8,79.2,0.98,0.0
2020-01-09 15:00:00+00:00,31.0,78.2,0.9176880902061871,-0.006072229106125482
2020-01-09 15:00:00+00:00,30.1,78.3,0.98,0.0
2020-01-09 15:00:00+00:00,31.2,78.6,0.98,0.0
2020-01-09 15:00:00+00:00,30.3,78.5,0.98,0.0
2020-01-09 15:00:00+00:00,30.5,78.7,0.98,0.0
2020-01-09 15:00:00+00:00,29.9,78.9,0.98,0.0
2020-01-09 15:00:00+00:00,30.7,78.9,0.98,0.0
2020-01-09 16:00:00+00:00,31.2,78.6,0.98,0.0
2020-01-09 16:00:00+00:00,31.0,78.2,0.8742233311599263,-0.04346475904626079
2020-01-09 16:00:00+00:00,29.9,78.9,0.98,0.0
2020-01-09 16:00:00+00:00,30.7,78.9,0.98,0.0
2020-01-09 16:00:00+00:00,30.3,78.5,0.98,0.0
2020-01-09 16:00:00+00:00,30.8,79.2,0.98,0.0
2020-01-09 16:00:00+00:00,30.1,78.3,0.98,0.0
2020-01-09 16:00:00+00:00,30.5,78.7,0.98,0.0
2020-01-09 17:00:00+00:00,30.8,79.2,0.98,0.0
2020-01-09 17:00:00+00:00,31.2,78.6,0.98,0.0
2020-01-09 17:00:00+00:00,30.3,78.5,0.98,0.0
2020-01-09 17:00:00+00:00,29.9,78.9,0.98,0.0
2020-01-09 17:00:00+00:00,31.0,78.2,0.98,0.10577666884007364
2020-01-09 17:00:00+00:00,30.7,78.9,0.98,0.0
2020-01-09 17:00:00+00:00,30.5,78.7,0.98,0.0
2020-01-09 17:00:00+00:00,30.1,78.3,0.98,0.0
2020-01-09 18:00:00+00:00,30.5,78.7,0.98,0.0
2020-01-09 18:00:00+00:00,31.2,78.6,0.98,0.0
2020-01-09 18:00:00+00:00,30.8,79.2,0.98,0.0
2020-01-09 18:00:00+00:00,30.1,78.3,0.98,0.0
2020-01-09 18:00:00+00:00,30.3,78.5,0.98,0.0
2020-01-09 18:00:00+00:00,29.9,78.9,0.98,0.0
2020-01-09 18:00:00+00:00,30.7,78.9,0.98,0.0
2020-01-09 18:00:00+00:00,31.0,78.2,0.8735706311541209,-0.10642936884587906
2020-01-09 19:00:00+00:00,30.1,78.3,0.98,0.0
2020-01-09 19:00:00+00:00,30.3,78.5,0.98,0.0
2020-01-09 19:00:00+00:00,31.0,78.2,0.905386536432666,0.031815905278545054
2020-01-09 19:00:00+00:00,30.8,79.2,0.98,0.0
2020-01-09 19:00:00+00:00,30.5,78.7,0.98,0.0
2020-01-09 19:00:00+00:00,31.2,78.6,0.98,0.0
2020-01-09 19:00:00+00:00,30.7,78.9,0.98,0.0
2020-01-09 19:00:00+00:00,29.9,78.9,0.98,0.0
2020-01-09 20:00:00+00:00,29.9,78.9,0.98,0.0
2020-01-09 20:00:00+00:00,30.5,78.7,0.98,0.0
2020-01-09 20:00:00+00:00,31.0,78.2,0.9214511322287284,0.016064595796062453
2020-01-09 20:00:00+00:00,31.2,78.6,0.98,0.0
2020-01-09 20:00:00+00:00,30.7,78.9,0.98,0.0
2020-01-09 20:00:00+00:00,30.3,78.5,0.98,0.0
2020-01-09 20:00:00+00:00,30.1,78.3,0.98,0.0
2020-01-09 20:00:00+00:00,30.8,79.2,0.98,0.0
2020-01-09 21:00:00+00:00,31.0,78.2,0.8547041359248254,-0.06674699630390302
2020-01-09 21:00:00+00:00,30.8,79.2,0.98,0.0
2020-01-09 21:00:00+00:00,29.9,78.9,0.98,0.0
2020-01-09 21:00:00+00:00,30.1,78.3,0.98,0.0
2020-01-09 21:00:00+00:00,30.3,78.5,0.98,0.0
2020-01-09 21:00:00+00:00,31.2,78.6,0.98,0.0
2020-01-09 21:00:00+00:00,30.7,78.9,0.98,0.0
2020-01-09 21:00:00+00:00,30.5,78.7,0.98,0.0
2020-01-09 22:00:00+00:00,29.9,78.9,0.98,0.0
2020-01-09 22:00:00+00:00,30.1,78.3,0.98,0.0
2020-01-09 22:00:00+00:00,31.0,78.2,0.8309906387880419,-0.0237134971367835
2020-01-09 22:00:00+00:00,30.5,78.7,0.98,0.0
2020-01-09 22:00:00+00:00,30.7,78.9,0.98,0.0
2020-01-09 22:00:00+00:00,31.2,78.6,0.98,0.0
2020-01-09 22:00:00+00:00,30.3,78.5,0.98,0.0
2020-01-09 22:00:00+00:00,30.8,79.2,0.98,0.0
2020-01-09 23:00:00+00:00,30.5,78.7,0.98,0.0
2020-01-09 23:00:00+00:00,31.2,78.6,0.98,0.0
2020-01-09 23:00:00+00:00,30.8,79.2,0.98,0.0
2020-01-09 23:00:00+00:00,30.1,78.3,0.98,0.0
2020-01-09 23:00:00+00:00,31.0,78.2,0.8516970043996717,0.02070636561162975
2020-01-09 23:00:00+00:00,30.3,78.5,0.98,0.0
2020-01-09 23:00:00+00:00,29.9,78.9,0.98,0.0
2020-01-09 23:00:00+00:00,30.7,78.9,0.98,0.0
2020-01-10 00:00:00+00:00,30.8,79.2,0.9159923614728357,-0.06400763852716429
2020-01-10 00:00:00+00:00,30.5,78.7,0.98,0.0
2020-01-10 00:00:00+00:00,30.1,78.3,0.98,0.0
2020-01-10 00:00:00+00:00,30.3,78.5,0.98,0.0
2020-01-10 00:00:00+00:00,29.9,78.9,0.98,0.0
2020-01-10 00:00:00+00:00,31.2,78.6,0.98,0.0
2020-01-10 00:00:00+00:00,30.7,78.9,0.98,0.0
2020-01-10 00:00:00+00:00,31.0,78.2,0.9077232322200958,0.0560262278204241
2020-01-10 01:00:00+00:00,31.2,78.6,0.98,0.0
2020-01-10 01:00:00+00:00,30.1,78.3,0.98,0.0
2020-01-10 01:00:00+00:00,31.0,78.2,0.8887221433717314,-0.019001088848364378
2020-01-10 01:00:00+00:00,30.3,78.5,0.98,0.0
2020-01-10 01:00:00+00:00,30.7,78.9,0.98,0.0
2020-01-10 01:00:00+00:00,29.9,78.9,0.98,0.0
2020-01-10 01:00:00+00:00,30.8,79.2,0.9332213791098016,0.017229017636965938
2020-01-10 01:00:00+00:00,30.5,78.7,0.98,0.0
2020-01-10 02:00:00+00:00,31.2,78.6,0.98,0.0
2020-01-10 02:00:00+00:00,29.9,78.9,0.98,0.0
2020-01-10 02:00:00+00:00,30.8,79.2,0.9449985365387391,0.01177715742893748
2020-01-10 02:00:00+00:00,30.5,78.7,0.98,0.0
2020-01-10 02:00:00+00:00,31.0,78.2,0.9106314945610596,0.02190935118932824
2020-01-10 02:00:00+00:00,30.1,78.3,0.98,0.0
2020-01-10 02:00:00+00:00,30.7,78.9,0.98,0.0
2020-01-10 02:00:00+00:00,30.3,78.5,0.98,0.0
2020-01-10 03:00:00+00:00,31.2,78.6,0.98,0.0
2020-01-10 03:00:00+00:00,30.3,78.5,0.98,0.0
2020-01-10 03:00:00+00:00,30.5,78.7,0.98,0.0
2020-01-10 03:00:00+00:00,31.0,78.2,0.8972500981577667,-0.013381396403292944
2020-01-10 03:00:00+00:00,30.8,79.2,0.912621463901596,-0.03237707263714307
2020-01-10 03:00:00+00:00,30.7,78.9,0.98,0.0
2020-01-10 03:00:00+00:00,29.9,78.9,0.98,0.0
2020-01-10 03:00:00+00:00,30.1,78.3,0.98,0.0
2020-01-10 04:00:00+00:00,30.5,78.7,0.98,0.0
2020-01-10 04:00:00+00:00,30.8,79.2,0.9718717697826706,0.059250305881074605
2020-01-10 04:00:00+00:00,30.7,78.9,0.98,0.0
2020-01-10 04:00:00+00:00,30.3,78.5,0.98,0.0
2020-01-10 04:00:00+00:00,31.2,78.6,0.98,0.0
2020-01-10 04:00:00+00:00,30.1,78.3,0.98,0.0
2020-01-10 04:00:00+00:00,31.0,78.2,0.8599145089290258,-0.03733558922874092
2020-01-10 04:00:00+00:00,29.9,78.9,0.98,0.0
2020-01-10 05:00:00+00:00,30.1,78.3,0.98,0.0
2020-01-10 05:00:00+00:00,29.9,78.9,0.98,0.0
2020-01-10 05:00:00+00:00,30.5,78.7,0.98,0.0
2020-01-10 05:00:00+00:00,30.8,79.2,0.9576644001802653,-0.014207369602405318
2020-01-10 05:00:00+00:00,30.3,78.5,0.98,0.0
2020-01-10 05:00:00+00:00,30.7,78.9,0.98,0.0
2020-01-10 05:00:00+00:00,31.0,78.2,0.9029776111890236,0.043063102259997876
2020-01-10 05:00:00+00:00,31.2,78.6,0.98,0.0
2020-01-10 06:00:00+00:00,31.2,78.6,0.98,0.0
2020-01-10 06:00:00+00:00,30.8,79.2,0.98,0.022335599819734653
2020-01-10 06:00:00+00:00,31.0,78.2,0.9376134623394965,0.03463585115047285
2020-01-10 06:00:00+00:00,30.1,78.3,0.98,0.0
2020-01-10 06:00:00+00:00,29.9,78.9,0.98,0.0
2020-01-10 06:00:00+00:00,30.5,78.7,0.98,0.0
2020-01-10 06:00:00+00:00,30.7,78.9,0.98,0.0
2020-01-10 06:00:00+00:00,30.3,78.5,0.98,0.0
2020-01-10 07:00:00+00:00,30.3,78.5,0.98,0.0
2020-01-10 07:00:00+00:00,30.5,78.7,0.98,0.0
2020-01-10 07:00:00+00:00,29.9,78.9,0.98,0.0
2020-01-10 07:00:00+00:00,30.1,78.3,0.98,0.0
2020-01-10 07:00:00+00:00,31.0,78.2,0.9655720371628931,0.027958574823396587
2020-01-10 07:00:00+00:00,30.7,78.9,0.98,0.0
2020-01-10 07:00:00+00:00,30.8,79.2,0.98,0.0
2020-01-10 07:00:00+00:00,31.2,78.6,0.98,0.0
2020-01-10 08:00:00+00:00,30.3,78.5,0.98,0.0
2020-01-10 08:00:00+00:00,29.9,78.9,0.98,0.0
2020-01-10 08:00:00+00:00,30.1,78.3,0.98,0.0
2020-01-10 08:00:00+00:00,31.2,78.6,0.98,0.0
2020-01-10 08:00:00+00:00,30.5,78.7,0.98,0.0
2020-01-10 08:00:00+00:00,30.7,78.9,0.98,0.0
2020-01-10 08:00:00+00:00,30.8,79.2,0.98,0.0
2020-01-10 08:00:00+00:00,31.0,78.2,0.98,0.0144279628371069
2020-01-10 09:00:00+00:00,30.5,78.7,0.98,0.0
2020-01-10 09:00:00+00:00,30.7,78.9,0.98,0.0
2020-01-10 09:00:00+00:00,29.9,78.9,0.98,0.0
2020-01-10 09:00:00+00:00,31.0,78.2,0.9558453065969637,-0.02415469340303633
2020-01-10 09:00:00+00:00,30.3,78.5,0.98,0.0
2020-01-10 09:00:00+00:00,30.8,79.2,0.971932684331523,-0.00806731566847696
2020-01-10 09:00:00+00:00,31.2,78.6,0.98,0.0
2020-01-10 09:00:00+00:00,30.1,78.3,0.98,0.0
2020-01-10 10:00:00+00:00,30.1,78.3,0.98,0.0
2020-01-10 10:00:00+00:00,30.8,79.2,0.98,0.00806731566847696
2020-01-10 10:00:00+00:00,30.5,78.7,0.98,0.0
2020-01-10 10:00:00+00:00,31.0,78.2,0.98,0.02415469340303633
2020-01-10 10:00:00+00:00,30.3,78.5,0.98,0.0
2020-01-10 10:00:00+00:00,31.2,78.6,0.98,0.0
2020-01-10 10:00:00+00:00,30.7,78.9,0.98,0.0
2020-01-10 10:00:00+00:00,29.9,78.9,0.98,0.0
2020-01-10 11:00:00+00:00,30.1,78.3,0.98,0.0
2020-01-10 11:00:00+00:00,30.8,79.2,0.98,0.0
2020-01-10 11:00:00+00:00,31.2,78.6,0.98,0.0
2020-01-10 11:00:00+00:00,30.5,78.7,0.98,0.0
2020-01-10 11:00:00+00:00,30.3,78.5,0.98,0.0
2020-01-10 11:00:00+00:00,29.9,78.9,0.98,0.0
2020-01-10 11:00:00+00:00,31.0,78.2,0.98,0.0
2020-01-10 11:00:00+00:00,30.7,78.9,0.98,0.0
2020-01-10 12:00:00+00:00,30.8,79.2,0.98,0.0
2020-01-10 12:00:00+00:00,31.2,78.6,0.9549617156730704,-0.02503828432692956
2020-01-10 12:00:00+00:00,30.1,78.3,0.98,0.0
2020-01-10 12:00:00+00:00,30.3,78.5,0.98,0.0
2020-01-10 12:00:00+00:00,30.7,78.9,0.98,0.0
2020-01-10 12:00:00+00:00,31.0,78.2,0.98,0.0
2020-01-10 12:00:00+00:00,29.9,78.9,0.98,0.0
2020-01-10 12:00:00+00:00,30.5,78.7,0.98,0.0
2020-01-10 13:00:00+00:00,30.8,79.2,0.98,0.0
2020-01-10 13:00:00+00:00,30.1,78.3,0.98,0.0
2020-01-10 13:00:00+00:00,30.7,78.9,0.98,0.0
2020-01-10 13:00:00+00:00,30.5,78.7,0.98,0.0
2020-01-10 13:00:00+00:00,31.0,78.2,0.98,0.0
2020-01-10 13:00:00+00:00,30.3,78.5,0.98,0.0
2020-01-10 13:00:00+00:00,29.9,78.9,0.98,0.0
2020-01-10 13:00:00+00:00,31.2,78.6,0.98,0.02503828432692956
2020-01-10 14:00:00+00:00,30.5,78.7,0.98,0.0
2020-01-10 14:00:00+00:00,30.1,78.3,0.98,0.0
2020-01-10 14:00:00+00:00,30.3,78.5,0.98,0.0
2020-01-10 14:00:00+00:00,30.7,78.9,0.98,0.0
2020-01-10 14:00:00+00:00,29.9,78.9,0.98,0.0
2020-01-10 14:00:00+00:00,30.8,79.2,0.98,0.0
2020-01-10 14:00:00+00:00,31.2,78.6,0.98,0.0
2020-01-10 14:00:00+00:00,31.0,78.2,0.98,0.0
2020-01-10 15:00:00+00:00,30.5,78.7,0.98,0.0
2020-01-10 15:00:00+00:00,31.2,78.6,0.98,0.0
2020-01-10 15:00:00+00:00,29.9,78.9,0.98,0.0
2020-01-10 15:00:00+00:00,31.0,78.2,0.98,0.0
2020-01-10 15:00:00+00:00,30.7,78.9,0.98,0.0
2020-01-10 15:00:00+00:00,30.3,78.5,0.98,0.0
2020-01-10 15:00:00+00:00,30.1,78.3,0.98,0.0
2020-01-10 15:00:00+00:00,30.8,79.2,0.98,0.0
2020-01-10 16:00:00+00:00,29.9,78.9,0.98,0.0
2020-01-10 16:00:00+00:00,30.3,78.5,0.98,0.0
2020-01-10 16:00:00+00:00,30.1,78.3,0.98,0.0
2020-01-10 16:00:00+00:00,31.2,78.6,0.98,0.0
2020-01-10 16:00:00+00:00,30.8,79.2,0.98,0.0
2020-01-10 16:00:00+00:00,30.5,78.7,0.98,0.0
2020-01-10 16:00:00+00:00,30.7,78.9,0.98,0.0
2020-01-10 16:00:00+00:00,31.0,78.2,0.98,0.0
2020-01-10 17:00:00+00:00,30.8,79.2,0.98,0.0
2020-01-10 17:00:00+00:00,31.0,78.2,0.98,0.0
2020-01-10 17:00:00+00:00,31.2,78.6,0.98,0.0
2020-01-10 17:00:00+00:00,30.1,78.3,0.98,0.0
2020-01-10 17:00:00+00:00,29.9,78.9,0.98,0.0
2020-01-10 17:00:00+00:00,30.7,78.9,0.98,0.0
2020-01-10 17:00:00+00:00,30.5,78.7,0.98,0.0
2020-01-10 17:00:00+00:00,30.3,78.5,0.98,0.0
2020-01-10 18:00:00+00:00,31.2,78.6,0.98,0.0
2020-01-10 18:00:00+00:00,30.5,78.7,0.98,0.0
2020-01-10 18:00:00+00:00,29.9,78.9,0.98,0.0
2020-01-10 18:00:00+00:00,31.0,78.2,0.98,0.0
2020-01-10 18:00:00+00:00,30.7,78.9,0.98,0.0
2020-01-10 18:00:00+00:00,30.1,78.3,0.98,0.0
2020-01-10 18:00:00+00:00,30.8,79.2,0.98,0.0
2020-01-10 18:00:00+00:00,30.3,78.5,0.98,0.0
2020-01-10 19:00:00+00:00,30.3,78.5,0.98,0.0
2020-01-10 19:00:00+00:00,29.9,78.9,0.98,0.0
2020-01-10 19:00:00+00:00,30.7,78.9,0.98,0.0
2020-01-10 19:00:00+00:00,30.5,78.7,0.98,0.0
2020-01-10 19:00:00+00:00,30.1,78.3,0.98,0.0
2020-01-10 19:00:00+00:00,31.2,78.6,0.98,0.0
2020-01-10 19:00:00+00:00,30.8,79.2,0.98,0.0
2020-01-10 19:00:00+00:00,31.0,78.2,0.98,0.0
2020-01-10 20:00:00+00:00,30.3,78.5,0.98,0.0
2020-01-10 20:00:00+00:00,30.1,78.3,0.98,0.0
2020-01-10 20:00:00+00:00,30.7,78.9,0.98,0.0
2020-01-10 20:00:00+00:00,29.9,78.9,0.98,0.0
2020-01-10 20:00:00+00:00,30.5,78.7,0.98,0.0
2020-01-10 20:00:00+00:00,30.8,79.2,0.98,0.0
2020-01-10 20:00:00+00:00,31.2,78.6,0.98,0.0
2020-01-10 20:00:00+00:00,31.0,78.2,0.98,0.0
2020-01-10 21:00:00+00:00,31.0,78.2,0.98,0.0
2020-01-10 21:00:00+00:00,30.3,78.5,0.98,0.0
2020-01-10 21:00:00+00:00,29.9,78.9,0.98,0.0
2020-01-10 21:00:00+00:00,30.7,78.9,0.98,0.0
2020-01-10 21:00:00+00:00,30.5,78.7,0.98,0.0
2020-01-10 21:00:00+00:00,30.1,78.3,0.98,0.0
2020-01-10 21:00:00+00:00,30.8,79.2,0.98,0.0
2020-01-10 21:00:00+00:00,31.2,78.6,0.98,0.0
2020-01-10 22:00:00+00:00,30.5,78.7,0.98,0.0
2020-01-10 22:00:00+00:00,30.3,78.5,0.98,0.0
2020-01-10 22:00:00+00:00,29.9,78.9,0.98,0.0
2020-01-10 22:00:00+00:00,30.1,78.3,0.98,0.0
2020-01-10 22:00:00+00:00,30.8,79.2,0.98,0.0
2020-01-10 22:00:00+00:00,30.7,78.9,0.98,0.0
2020-01-10 22:00:00+00:00,31.0,78.2,0.98,0.0
2020-01-10 22:00:00+00:00,31.2,78.6,0.98,0.0
2020-01-10 23:00:00+00:00,30.3,78.5,0.98,0.0
2020-01-10 23:00:00+00:00,30.5,78.7,0.98,0.0
2020-01-10 23:00:00+00:00,29.9,78.9,0.98,0.0
2020-01-10 23:00:00+00:00,30.1,78.3,0.98,0.0
2020-01-10 23:00:00+00:00,31.0,78.2,0.98,0.0
2020-01-10 23:00:00+00:00,30.7,78.9,0.98,0.0
2020-01-10 23:00:00+00:00,30.8,79.2,0.98,0.0
2020-01-10 23:00:00+00:00,31.2,78.6,0.98,0.0
2020-01-11 00:00:00+00:00,31.2,78.6,0.98,0.0
2020-01-11 00:00:00+00:00,31.0,78.2,0.98,0.0
2020-01-11 00:00:00+00:00,29.9,78.9,0.98,0.0
2020-01-11 00:00:00+00:00,30.7,78.9,0.98,0.0
2020-01-11 00:00:00+00:00,30.8,79.2,0.9467053495388156,-0.033294650461184405
2020-01-11 00:00:00+00:00,30.1,78.3,0.98,0.0
2020-01-11 00:00:00+00:00,30.3,78.5,0.98,0.0
2020-01-11 00:00:00+00:00,30.5,78.7,0.98,0.0
2020-01-11 01:00:00+00:00,30.3,78.5,0.98,0.0
2020-01-11 01:00:00+00:00,30.5,78.7,0.98,0.0
2020-01-11 01:00:00+00:00,29.9,78.9,0.98,0.0
2020-01-11 01:00:00+00:00,31.2,78.6,0.98,0.0
2020-01-11 01:00:00+00:00,30.1,78.3,0.98,0.0
2020-01-11 01:00:00+00:00,30.8,79.2,0.98,0.033294650461184405
2020-01-11 01:00:00+00:00,30.7,78.9,0.98,0.0
2020-01-11 01:00:00+00:00,31.0,78.2,0.98,0.0
2020-01-11 02:00:00+00:00,29.9,78.9,0.98,0.0
2020-01-11 02:00:00+00:00,30.7,78.9,0.98,0.0
2020-01-11 02:00:00+00:00,30.5,78.7,0.98,0.0
2020-01-11 02:00:00+00:00,31.0,78.2,0.98,0.0
2020-01-11 02:00:00+00:00,30.3,78.5,0.98,0.0
2020-01-11 02:00:00+00:00,30.8,79.2,0.9567115938115596,-0.023288406188440414
2020-01-11 02:00:00+00:00,30.1,78.3,0.98,0.0
2020-01-11 02:00:00+00:00,31.2,78.6,0.98,0.0
2020-01-11 03:00:00+00:00,30.3,78.5,0.98,0.0
2020-01-11 03:00:00+00:00,30.7,78.9,0.98,0.0
2020-01-11 03:00:00+00:00,30.5,78.7,0.98,0.0
2020-01-11 03:00:00+00:00,31.0,78.2,0.98,0.0
2020-01-11 03:00:00+00:00,29.9,78.9,0.98,0.0
2020-01-11 03:00:00+00:00,30.1,78.3,0.98,0.0
2020-01-11 03:00:00+00:00,31.2,78.6,0.98,0.0
2020-01-11 03:00:00+00:00,30.8,79.2,0.98,0.023288406188440414
2020-01-11 04:00:00+00:00,31.2,78.6,0.98,0.0
2020-01-11 04:00:00+00:00,30.7,78.9,0.98,0.0
2020-01-11 04:00:00+00:00,30.3,78.5,0.98,0.0
2020-01-11 04:00:00+00:00,30.8,79.2,0.98,0.0
2020-01-11 04:00:00+00:00,29.9,78.9,0.98,0.0
2020-01-11 04:00:00+00:00,30.1,78.3,0.98,0.0
2020-01-11 04:00:00+00:00,31.0,78.2,0.98,0.0
2020-01-11 04:00:00+00:00,30.5,78.7,0.98,0.0
2020-01-11 05:00:00+00:00,30.1,78.3,0.98,0.0
2020-01-11 05:00:00+00:00,31.0,78.2,0.98,0.0
2020-01-11 05:00:00+00:00,30.8,79.2,0.98,0.0
2020-01-11 05:00:00+00:00,30.7,78.9,0.98,0.0
2020-01-11 05:00:00+00:00,30.5,78.7,0.98,0.0
2020-01-11 05:00:00+00:00,31.2,78.6,0.98,0.0
2020-01-11 05:00:00+00:00,30.3,78.5,0.98,0.0
2020-01-11 05:00:00+00:00,29.9,78.9,0.98,0.0
2020-01-11 06:00:00+00:00,30.8,79.2,0.9230369455537887,-0.0569630544462113
2020-01-11 06:00:00+00:00,30.5,78.7,0.98,0.0
2020-01-11 06:00:00+00:00,30.7,78.9,0.98,0.0
2020-01-11 06:00:00+00:00,29.9,78.9,0.98,0.0
2020-01-11 06:00:00+00:00,30.1,78.3,0.98,0.0
2020-01-11 06:00:00+00:00,31.0,78.2,0.98,0.0
2020-01-11 06:00:00+00:00,31.2,78.6,0.98,0.0
2020-01-11 06:00:00+00:00,30.3,78.5,0.98,0.0
2020-01-11 07:00:00+00:00,30.1,78.3,0.98,0.0
2020-01-11 07:00:00+00:00,30.3,78.5,0.98,0.0
2020-01-11 07:00:00+00:00,31.2,78.6,0.98,0.0
2020-01-11 07:00:00+00:00,30.5,78.7,0.98,0.0
2020-01-11 07:00:00+00:00,29.9,78.9,0.98,0.0
2020-01-11 07:00:00+00:00,31.0,78.2,0.98,0.0
2020-01-11 07:00:00+00:00,30.7,78.9,0.98,0.0
2020-01-11 07:00:00+00:00,30.8,79.2,0.98,0.0569630544462113
2020-01-11 08:00:00+00:00,30.3,78.5,0.98,0.0
2020-01-11 08:00:00+00:00,30.7,78.9,0.98,0.0
2020-01-11 08:00:00+00:00,30.8,79.2,0.98,0.0
2020-01-11 08:00:00+00:00,29.9,78.9,0.98,0.0
2020-01-11 08:00:00+00:00,31.2,78.6,0.98,0.0
2020-01-11 08:00:00+00:00,30.5,78.7,0.98,0.0
2020-01-11 08:00:00+00:00,30.1,78.3,0.98,0.0
2020-01-11 08:00:00+00:00,31.0,78.2,0.98,0.0
2020-01-11 09:00:00+00:00,30.8,79.2,0.98,0.0
2020-01-11 09:00:00+00:00,30.7,78.9,0.98,0.0
2020-01-11 09:00:00+00:00,31.2,78.6,0.98,0.0
2020-01-11 09:00:00+00:00,31.0,78.2,0.98,0.0
2020-01-11 09:00:00+00:00,30.5,78.7,0.98,0.0
2020-01-11 09:00:00+00:00,30.3,78.5,0.98,0.0
2020-01-11 09:00:00+00:00,30.1,78.3,0.98,0.0
2020-01-11 09:00:00+00:00,29.9,78.9,0.98,0.0
2020-01-11 10:00:00+00:00,31.2,78.6,0.98,0.0
2020-01-11 10:00:00+00:00,30.5,78.7,0.98,0.0
2020-01-11 10:00:00+00:00,30.1,78.3,0.98,0.0
2020-01-11 10:00:00+00:00,30.3,78.5,0.98,0.0
2020-01-11 10:00:00+00:00,31.0,78.2,0.98,0.0
2020-01-11 10:00:00+00:00,30.7,78.9,0.98,0.0
2020-01-11 10:00:00+00:00,30.8,79.2,0.98,0.0
2020-01-11 10:00:00+00:00,29.9,78.9,0.98,0.0
2020-01-11 11:00:00+00:00,30.8,79.2,0.98,0.0
2020-01-11 11:00:00+00:00,30.7,78.9,0.98,0.0
2020-01-11 11:00:00+00:00,29.9,78.9,0.98,0.0
2020-01-11 11:00:00+00:00,30.1,78.3,0.98,0.0
2020-01-11 11:00:00+00:00,30.5,78.7,0.98,0.0
2020-01-11 11:00:00+00:00,31.2,78.6,0.98,0.0
2020-01-11 11:00:00+00:00,30.3,78.5,0.98,0.0
2020-01-11 11:00:00+00:00,31.0,78.2,0.98,0.0
2020-01-11 12:00:00+00:00,30.1,78.3,0.98,0.0
2020-01-11 12:00:00+00:00,30.8,79.2,0.98,0.0
2020-01-11 12:00:00+00:00,31.2,78.6,0.98,0.0
2020-01-11 12:00:00+00:00,29.9,78.9,0.98,0.0
2020-01-11 12:00:00+00:00,30.3,78.5,0.98,0.0
2020-01-11 12:00:00+00:00,30.7,78.9,0.98,0.0
2020-01-11 12:00:00+00:00,30.5,78.7,0.98,0.0
2020-01-11 12:00:00+00:00,31.0,78.2,0.98,0.0
2020-01-11 13:00:00+00:00,30.8,79.2,0.98,0.0
2020-01-11 13:00:00+00:00,31.2,78.6,0.98,0.0
2020-01-11 13:00:00+00:00,30.3,78.5,0.98,0.0
2020-01-11 13:00:00+00:00,31.0,78.2,0.98,0.0
2020-01-11 13:00:00+00:00,30.5,78.7,0.98,0.0
2020-01-11 13:00:00+00:00,30.1,78.3,0.98,0.0
2020-01-11 13:00:00+00:00,29.9,78.9,0.98,0.0
2020-01-11 13:00:00+00:00,30.7,78.9,0.98,0.0
2020-01-11 14:00:00+00:00,30.3,78.5,0.98,0.0
2020-01-11 14:00:00+00:00,31.0,78.2,0.98,0.0
2020-01-11 14:00:00+00:00,29.9,78.9,0.98,0.0
2020-01-11 14:00:00+00:00,30.1,78.3,0.98,0.0
2020-01-11 14:00:00+00:00,30.5,78.7,0.98,0.0
2020-01-11 14:00:00+00:00,30.8,79.2,0.98,0.0
2020-01-11 14:00:00+00:00,30.7,78.9,0.98,0.0
2020-01-11 14:00:00+00:00,31.2,78.6,0.98,0.0
2020-01-11 15:00:00+00:00,30.5,78.7,0.98,0.0
2020-01-11 15:00:00+00:00,29.9,78.9,0.98,0.0
2020-01-11 15:00:00+00:00,31.0,78.2,0.98,0.0
2020-01-11 15:00:00+00:00,30.3,78.5,0.98,0.0
2020-01-11 15:00:00+00:00,30.8,79.2,0.98,0.0
2020-01-11 15:00:00+00:00,30.7,78.9,0.98,0.0
2020-01-11 15:00:00+00:00,31.2,78.6,0.98,0.0
2020-01-11 15:00:00+00:00,30.1,78.3,0.98,0.0
2020-01-11 16:00:00+00:00,30.3,78.5,0.98,0.0
2020-01-11 16:00:00+00:00,30.1,78.3,0.98,0.0
2020-01-11 16:00:00+00:00,29.9,78.9,0.98,0.0
2020-01-11 16:00:00+00:00,30.7,78.9,0.98,0.0
2020-01-11 16:00:00+00:00,31.0,78.2,0.98,0.0
2020-01-11 16:00:00+00:00,31.2,78.6,0.98,0.0
2020-01-11 16:00:00+00:00,30.8,79.2,0.98,0.0
2020-01-11 16:00:00+00:00,30.5,78.7,0.98,0.0
2020-01-11 17:00:00+00:00,30.1,78.3,0.98,0.0
2020-01-11 17:00:00+00:00,29.9,78.9,0.98,0.0
2020-01-11 17:00:00+00:00,30.5,78.7,0.98,0.0
2020-01-11 17:00:00+00:00,31.2,78.6,0.98,0.0
2020-01-11 17:00:00+00:00,31.0,78.2,0.98,0.0
2020-01-11 17:00:00+00:00,30.8,79.2,0.98,0.0
2020-01-11 17:00:00+00:00,30.3,78.5,0.98,0.0
2020-01-11 17:00:00+00:00,30.7,78.9,0.98,0.0
2020-01-11 18:00:00+00:00,30.5,78.7,0.98,0.0
2020-01-11 18:00:00+00:00,30.8,79.2,0.98,0.0
2020-01-11 18:00:00+00:00,31.0,78.2,0.98,0.0
2020-01-11 18:00:00+00:00,30.3,78.5,0.98,0.0
2020-01-11 18:00:00+00:00,29.9,78.9,0.98,0.0
2020-01-11 18:00:00+00:00,31.2,78.6,0.98,0.0
2020-01-11 18:00:00+00:00,30.7,78.9,0.98,0.0
2020-01-11 18:00:00+00:00,30.1,78.3,0.98,0.0
2020-01-11 19:00:00+00:00,30.1,78.3,0.98,0.0
2020-01-11 19:00:00+00:00,30.5,78.7,0.98,0.0
2020-01-11 19:00:00+00:00,29.9,78.9,0.98,0.0
2020-01-11 19:00:00+00:00,31.2,78.6,0.98,0.0
2020-01-11 19:00:00+00:00,30.7,78.9,0.98,0.0
2020-01-11 19:00:00+00:00,30.3,78.5,0.98,0.0
2020-01-11 19:00:00+00:00,30.8,79.2,0.98,0.0
2020-01-11 19:00:00+00:00,31.0,78.2,0.98,0.0
2020-01-11 20:00:00+00:00,30.1,78.3,0.98,0.0
2020-01-11 20:00:00+00:00,31.2,78.6,0.98,0.0
2020-01-11 20:00:00+00:00,29.9,78.9,0.98,0.0
2020-01-11 20:00:00+00:00,30.3,78.5,0.98,0.0
2020-01-11 20:00:00+00:00,31.0,78.2,0.98,0.0
2020-01-11 20:00:00+00:00,30.8,79.2,0.98,0.0
2020-01-11 20:00:00+00:00,30.5,78.7,0.98,0.0
2020-01-11 20:00:00+00:00,30.7,78.9,0.98,0.0
2020-01-11 21:00:00+00:00,30.1,78.3,0.98,0.0
2020-01-11 21:00:00+00:00,30.8,79.2,0.98,0.0
2020-01-11 21:00:00+00:00,31.2,78.6,0.98,0.0
2020-01-11 21:00:00+00:00,30.5,78.7,0.98,0.0
2020-01-11 21:00:00+00:00,30.7,78.9,0.98,0.0
2020-01-11 21:00:00+00:00,29.9,78.9,0.98,0.0
2020-01-11 21:00:00+00:00,30.3,78.5,0.98,0.0
2020-01-11 21:00:00+00:00,31.0,78.2,0.98,0.0
2020-01-11 22:00:00+00:00,29.9,78.9,0.98,0.0
2020-01-11 22:00:00+00:00,30.1,78.3,0.98,0.0
2020-01-11 22:00:00+00:00,31.2,78.6,0.98,0.0
2020-01-11 22:00:00+00:00,30.8,79.2,0.98,0.0
2020-01-11 22:00:00+00:00,31.0,78.2,0.98,0.0
2020-01-11 22:00:00+00:00,30.7,78.9,0.98,0.0
2020-01-11 22:00:00+00:00,30.5,78.7,0.98,0.0
2020-01-11 22:00:00+00:00,30.3,78.5,0.98,0.0
2020-01-11 23:00:00+00:00,30.8,79.2,0.98,0.0
2020-01-11 23:00:00+00:00,31.2,78.6,0.98,0.0
2020-01-11 23:00:00+00:00,30.7,78.9,0.98,0.0
2020-01-11 23:00:00+00:00,29.9,78.9,0.98,0.0
2020-01-11 23:00:00+00:00,30.5,78.7,0.98,0.0
2020-01-11 23:00:00+00:00,30.3,78.5,0.98,0.0
2020-01-11 23:00:00+00:00,30.1,78.3,0.98,0.0
2020-01-11 23:00:00+00:00,31.0,78.2,0.98,0.0
2020-01-12 00:00:00+00:00,30.3,78.5,0.98,0.0
2020-01-12 00:00:00+00:00,31.0,78.2,0.98,0.0
2020-01-12 00:00:00+00:00,30.7,78.9,0.98,0.0
2020-01-12 00:00:00+00:00,31.2,78.6,0.98,0.0
2020-01-12 00:00:00+00:00,30.5,78.7,0.98,0.0
2020-01-12 00:00:00+00:00,30.1,78.3,0.98,0.0
2020-01-12 00:00:00+00:00,30.8,79.2,0.98,0.0
2020-01-12 00:00:00+00:00,29.9,78.9,0.98,0.0
2020-01-12 01:00:00+00:00,30.7,78.9,0.98,0.0
2020-01-12 01:00:00+00:00,31.0,78.2,0.98,0.0
2020-01-12 01:00:00+00:00,30.3,78.5,0.98,0.0
2020-01-12 01:00:00+00:00,30.8,79.2,0.98,0.0
2020-01-12 01:00:00+00:00,29.9,78.9,0.98,0.0
2020-01-12 01:00:00+00:00,31.2,78.6,0.98,0.0
2020-01-12 01:00:00+00:00,30.1,78.3,0.98,0.0
2020-01-12 01:00:00+00:00,30.5,78.7,0.98,0.0
2020-01-12 02:00:00+00:00,30.5,78.7,0.98,0.0
2020-01-12 02:00:00+00:00,30.8,79.2,0.98,0.0
2020-01-12 02:00:00+00:00,30.3,78.5,0.98,0.0
2020-01-12 02:00:00+00:00,30.7,78.9,0.98,0.0
2020-01-12 02:00:00+00:00,31.0,78.2,0.98,0.0
2020-01-12 02:00:00+00:00,30.1,78.3,0.98,0.0
2020-01-12 02:00:00+00:00,29.9,78.9,0.98,0.0
2020-01-12 02:00:00+00:00,31.2,78.6,0.98,0.0
2020-01-12 03:00:00+00:00,31.0,78.2,0.98,0.0
2020-01-12 03:00:00+00:00,29.9,78.9,0.98,0.0
2020-01-12 03:00:00+00:00,30.8,79.2,0.98,0.0
2020-01-12 03:00:00+00:00,30.3,78.5,0.98,0.0
2020-01-12 03:00:00+00:00,31.2,78.6,0.98,0.0
2020-01-12 03:00:00+00:00,30.1,78.3,0.98,0.0
2020-01-12 03:00:00+00:00,30.7,78.9,0.98,0.0
2020-01-12 03:00:00+00:00,30.5,78.7,0.98,0.0
2020-01-12 04:00:00+00:00,30.8,79.2,0.98,0.0
2020-01-12 04:00:00+00:00,29.9,78.9,0.98,0.0
2020-01-12 04:00:00+00:00,30.7,78.9,0.98,0.0
2020-01-12 04:00:00+00:00,31.2,78.6,0.98,0.0
2020-01-12 04:00:00+00:00,30.3,78.5,0.98,0.0
2020-01-12 04:00:00+00:00,31.0,78.2,0.98,0.0
2020-01-12 04:00:00+00:00,30.5,78.7,0.98,0.0
2020-01-12 04:00:00+00:00,30.1,78.3,0.98,0.0
2020-01-12 05:00:00+00:00,30.3,78.5,0.98,0.0
2020-01-12 05:00:00+00:00,30.8,79.2,0.98,0.0
2020-01-12 05:00:00+00:00,29.9,78.9,0.98,0.0
2020-01-12 05:00:00+00:00,31.0,78.2,0.98,0.0
2020-01-12 05:00:00+00:00,30.1,78.3,0.98,0.0
2020-01-12 05:00:00+00:00,30.5,78.7,0.98,0.0
2020-01-12 05:00:00+00:00,31.2,78.6,0.98,0.0
2020-01-12 05:00:00+00:00,30.7,78.9,0.98,0.0
2020-01-12 06:00:00+00:00,29.9,78.9,0.98,0.0
2020-01-12 06:00:00+00:00,30.8,79.2,0.98,0.0
2020-01-12 06:00:00+00:00,30.5,78.7,0.98,0.0
2020-01-12 06:00:00+00:00,30.7,78.9,0.98,0.0
2020-01-12 06:00:00+00:00,30.3,78.5,0.98,0.0
2020-01-12 06:00:00+00:00,31.0,78.2,0.98,0.0
2020-01-12 06:00:00+00:00,30.1,78.3,0.98,0.0
2020-01-12 06:00:00+00:00,31.2,78.6,0.98,0.0
2020-01-12 07:00:00+00:00,30.8,79.2,0.98,0.0
2020-01-12 07:00:00+00:00,29.9,78.9,0.98,0.0
2020-01-12 07:00:00+00:00,30.5,78.7,0.98,0.0
2020-01-12 07:00:00+00:00,30.7,78.9,0.98,0.0
2020-01-12 07:00:00+00:00,30.1,78.3,0.98,0.0
2020-01-12 07:00:00+00:00,30.3,78.5,0.98,0.0
2020-01-12 07:00:00+00:00,31.0,78.2,0.98,0.0
2020-01-12 07:00:00+00:00,31.2,78.6,0.98,0.0
2020-01-12 08:00:00+00:00,31.2,78.6,0.98,0.0
2020-01-12 08:00:00+00:00,31.0,78.2,0.98,0.0
2020-01-12 08:00:00+00:00,30.8,79.2,0.98,0.0
2020-01-12 08:00:00+00:00,29.9,78.9,0.98,0.0
2020-01-12 08:00:00+00:00,30.3,78.5,0.98,0.0
2020-01-12 08:00:00+00:00,30.1,78.3,0.98,0.0
2020-01-12 08:00:00+00:00,30.5,78.7,0.98,0.0
2020-01-12 08:00:00+00:00,30.7,78.9,0.98,0.0
2020-01-12 09:00:00+00:00,30.8,79.2,0.98,0.0
2020-01-12 09:00:00+00:00,29.9,78.9,0.98,0.0
2020-01-12 09:00:00+00:00,30.3,78.5,0.98,0.0
2020-01-12 09:00:00+00:00,30.5,78.7,0.98,0.0
2020-01-12 09:00:00+00:00,30.7,78.9,0.98,0.0
2020-01-12 09:00:00+00:00,30.1,78.3,0.98,0.0
2020-01-12 09:00:00+00:00,31.2,78.6,0.98,0.0
2020-01-12 09:00:00+00:00,31.0,78.2,0.98,0.0
2020-01-12 10:00:00+00:00,30.1,78.3,0.98,0.0
2020-01-12 10:00:00+00:00,30.8,79.2,0.98,0.0
2020-01-12 10:00:00+00:00,30.5,78.7,0.98,0.0
2020-01-12 10:00:00+00:00,30.7,78.9,0.98,0.0
2020-01-12 10:00:00+00:00,30.3,78.5,0.98,0.0
2020-01-12 10:00:00+00:00,29.9,78.9,0.98,0.0
2020-01-12 10:00:00+00:00,31.0,78.2,0.98,0.0
2020-01-12 10:00:00+00:00,31.2,78.6,0.98,0.0
2020-01-12 11:00:00+00:00,30.7,78.9,0.98,0.0
2020-01-12 11:00:00+00:00,30.3,78.5,0.98,0.0
2020-01-12 11:00:00+00:00,31.0,78.2,0.98,0.0
2020-01-12 11:00:00+00:00,30.8,79.2,0.98,0.0
2020-01-12 11:00:00+00:00,30.5,78.7,0.98,0.0
2020-01-12 11:00:00+00:00,30.1,78.3,0.98,0.0
2020-01-12 11:00:00+00:00,29.9,78.9,0.98,0.0
2020-01-12 11:00:00+00:00,31.2,78.6,0.98,0.0
2020-01-12 12:00:00+00:00,31.0,78.2,0.98,0.0
2020-01-12 12:00:00+00:00,30.8,79.2,0.98,0.0
2020-01-12 12:00:00+00:00,29.9,78.9,0.98,0.0
2020-01-12 12:00:00+00:00,31.2,78.6,0.98,0.0
2020-01-12 12:00:00+00:00,30.5,78.7,0.98,0.0
2020-01-12 12:00:00+00:00,30.1,78.3,0.98,0.0
2020-01-12 12:00:00+00:00,30.7,78.9,0.98,0.0
2020-01-12 12:00:00+00:00,30.3,78.5,0.98,0.0
2020-01-12 13:00:00+00:00,31.0,78.2,0.98,0.0
2020-01-12 13:00:00+00:00,31.2,78.6,0.98,0.0
2020-01-12 13:00:00+00:00,30.3,78.5,0.98,0.0
2020-01-12 13:00:00+00:00,30.5,78.7,0.98,0.0
2020-01-12 13:00:00+00:00,29.9,78.9,0.98,0.0
2020-01-12 13:00:00+00:00,30.8,79.2,0.98,0.0
2020-01-12 13:00:00+00:00,30.7,78.9,0.98,0.0
2020-01-12 13:00:00+00:00,30.1,78.3,0.98,0.0
2020-01-12 14:00:00+00:00,30.7,78.9,0.98,0.0
2020-01-12 14:00:00+00:00,30.5,78.7,0.98,0.0
2020-01-12 14:00:00+00:00,31.0,78.2,0.98,0.0
2020-01-12 14:00:00+00:00,30.8,79.2,0.98,0.0
2020-01-12 14:00:00+00:00,31.2,78.6,0.98,0.0
2020-01-12 14:00:00+00:00,30.3,78.5,0.98,0.0
2020-01-12 14:00:00+00:00,29.9,78.9,0.98,0.0
2020-01-12 14:00:00+00:00,30.1,78.3,0.98,0.0
2020-01-12 15:00:00+00:00,30.5,78.7,0.98,0.0
2020-01-12 15:00:00+00:00,31.2,78.6,0.98,0.0
2020-01-12 15:00:00+00:00,29.9,78.9,0.98,0.0
2020-01-12 15:00:00+00:00,30.7,78.9,0.98,0.0
2020-01-12 15:00:00+00:00,30.8,79.2,0.98,0.0
2020-01-12 15:00:00+00:00,30.3,78.5,0.98,0.0
2020-01-12 15:00:00+00:00,31.0,78.2,0.98,0.0
2020-01-12 15:00:00+00:00,30.1,78.3,0.98,0.0
2020-01-12 16:00:00+00:00,30.5,78.7,0.98,0.0
2020-01-12 16:00:00+00:00,31.2,78.6,0.98,0.0
2020-01-12 16:00:00+00:00,30.3,78.5,0.98,0.0
2020-01-12 16:00:00+00:00,30.8,79.2,0.98,0.0
2020-01-12 16:00:00+00:00,30.7,78.9,0.98,0.0
2020-01-12 16:00:00+00:00,29.9,78.9,0.98,0.0
2020-01-12 16:00:00+00:00,31.0,78.2,0.98,0.0
2020-01-12 16:00:00+00:00,30.1,78.3,0.98,0.0
2020-01-12 17:00:00+00:00,31.0,78.2,0.98,0.0
2020-01-12 17:00:00+00:00,30.3,78.5,0.98,0.0
2020-01-12 17:00:00+00:00,30.5,78.7,0.98,0.0
2020-01-12 17:00:00+00:00,29.9,78.9,0.98,0.0
2020-01-12 17:00:00+00:00,30.1,78.3,0.98,0.0
2020-01-12 17:00:00+00:00,31.2,78.6,0.98,0.0
2020-01-12 17:00:00+00:00,30.8,79.2,0.98,0.0
2020-01-12 17:00:00+00:00,30.7,78.9,0.98,0.0
2020-01-12 18:00:00+00:00,31.2,78.6,0.98,0.0
2020-01-12 18:00:00+00:00,31.0,78.2,0.98,0.0
2020-01-12 18:00:00+00:00,30.8,79.2,0.98,0.0
2020-01-12 18:00:00+00:00,29.9,78.9,0.98,0.0
2020-01-12 18:00:00+00:00,30.7,78.9,0.98,0.0
2020-01-12 18:00:00+00:00,30.3,78.5,0.98,0.0
2020-01-12 18:00:00+00:00,30.1,78.3,0.98,0.0
2020-01-12 18:00:00+00:00,30.5,78.7,0.98,0.0
2020-01-12 19:00:00+00:00,30.1,78.3,0.98,0.0
2020-01-12 19:00:00+00:00,31.0,78.2,0.98,0.0
2020-01-12 19:00:00+00:00,31.2,78.6,0.98,0.0
2020-01-12 19:00:00+00:00,30.3,78.5,0.98,0.0
2020-01-12 19:00:00+00:00,30.5,78.7,0.98,0.0
2020-01-12 19:00:00+00:00,30.8,79.2,0.98,0.0
2020-01-12 19:00:00+00:00,29.9,78.9,0.98,0.0
2020-01-12 19:00:00+00:00,30.7,78.9,0.98,0.0
2020-01-12 20:00:00+00:00,30.5,78.7,0.98,0.0
2020-01-12 20:00:00+00:00,30.8,79.2,0.98,0.0
2020-01-12 20:00:00+00:00,30.1,78.3,0.98,0.0
2020-01-12 20:00:00+00:00,31.0,78.2,0.98,0.0
2020-01-12 20:00:00+00:00,29.9,78.9,0.98,0.0
2020-01-12 20:00:00+00:00,31.2,78.6,0.98,0.0
2020-01-12 20:00:00+00:00,30.3,78.5,0.98,0.0
2020-01-12 20:00:00+00:00,30.7,78.9,0.98,0.0
2020-01-12 21:00:00+00:00,30.1,78.3,0.98,0.0
2020-01-12 21:00:00+00:00,31.0,78.2,0.98,0.0
2020-01-12 21:00:00+00:00,30.7,78.9,0.98,0.0
2020-01-12 21:00:00+00:00,29.9,78.9,0.98,0.0
2020-01-12 21:00:00+00:00,30.8,79.2,0.98,0.0
2020-01-12 21:00:00+00:00,30.5,78.7,0.98,0.0
2020-01-12 21:00:00+00:00,31.2,78.6,0.98,0.0
2020-01-12 21:00:00+00:00,30.3,78.5,0.98,0.0
2020-01-12 22:00:00+00:00,31.2,78.6,0.98,0.0
2020-01-12 22:00:00+00:00,30.8,79.2,0.98,0.0
2020-01-12 22:00:00+00:00,29.9,78.9,0.98,0.0
2020-01-12 22:00:00+00:00,30.1,78.3,0.98,0.0
2020-01-12 22:00:00+00:00,30.7,78.9,0.98,0.0
2020-01-12 22:00:00+00:00,30.5,78.7,0.98,0.0
2020-01-12 22:00:00+00:00,30.3,78.5,0.98,0.0
2020-01-12 22:00:00+00:00,31.0,78.2,0.98,0.0
2020-01-12 23:00:00+00:00,30.3,78.5,0.98,0.0
2020-01-12 23:00:00+00:00,29.9,78.9,0.98,0.0
2020-01-12 23:00:00+00:00,30.5,78.7,0.98,0.0
2020-01-12 23:00:00+00:00,30.8,79.2,0.98,0.0
2020-01-12 23:00:00+00:00,31.2,78.6,0.98,0.0
2020-01-12 23:00:00+00:00,31.0,78.2,0.98,0.0
2020-01-12 23:00:00+00:00,30.7,78.9,0.98,0.0
2020-01-12 23:00:00+00:00,30.1,78.3,0.98,0.0
2020-01-13 00:00:00+00:00,29.9,78.9,0.98,0.0
2020-01-13 00:00:00+00:00,30.5,78.7,0.98,0.0
2020-01-13 00:00:00+00:00,31.0,78.2,0.98,0.0
2020-01-13 00:00:00+00:00,30.8,79.2,0.98,0.0
2020-01-13 00:00:00+00:00,31.2,78.6,0.98,0.0
2020-01-13 00:00:00+00:00,30.1,78.3,0.98,0.0
2020-01-13 00:00:00+00:00,30.7,78.9,0.98,0.0
2020-01-13 00:00:00+00:00,30.3,78.5,0.98,0.0
2020-01-13 01:00:00+00:00,30.7,78.9,0.98,0.0
2020-01-13 01:00:00+00:00,30.8,79.2,0.98,0.0
2020-01-13 01:00:00+00:00,30.1,78.3,0.98,0.0
2020-01-13 01:00:00+00:00,30.5,78.7,0.98,0.0
2020-01-13 01:00:00+00:00,31.2,78.6,0.98,0.0
2020-01-13 01:00:00+00:00,30.3,78.5,0.98,0.0
2020-01-13 01:00:00+00:00,31.0,78.2,0.98,0.0
2020-01-13 01:00:00+00:00,29.9,78.9,0.98,0.0
2020-01-13 02:00:00+00:00,31.2,78.6,0.98,0.0
2020-01-13 02:00:00+00:00,30.7,78.9,0.98,0.0
2020-01-13 02:00:00+00:00,30.3,78.5,0.98,0.0
2020-01-13 02:00:00+00:00,30.1,78.3,0.98,0.0
2020-01-13 02:00:00+00:00,29.9,78.9,0.98,0.0
2020-01-13 02:00:00+00:00,30.5,78.7,0.98,0.0
2020-01-13 02:00:00+00:00,30.8,79.2,0.98,0.0
2020-01-13 02:00:00+00:00,31.0,78.2,0.98,0.0
2020-01-13 03:00:00+00:00,29.9,78.9,0.98,0.0
2020-01-13 03:00:00+00:00,31.0,78.2,0.98,0.0
2020-01-13 03:00:00+00:00,30.7,78.9,0.98,0.0
2020-01-13 03:00:00+00:00,30.3,78.5,0.98,0.0
2020-01-13 03:00:00+00:00,30.1,78.3,0.98,0.0
2020-01-13 03:00:00+00:00,31.2,78.6,0.98,0.0
2020-01-13 03:00:00+00:00,30.8,79.2,0.98,0.0
2020-01-13 03:00:00+00:00,30.5,78.7,0.98,0.0
2020-01-13 04:00:00+00:00,29.9,78.9,0.98,0.0
2020-01-13 04:00:00+00:00,31.0,78.2,0.98,0.0
2020-01-13 04:00:00+00:00,31.2,78.6,0.98,0.0
2020-01-13 04:00:00+00:00,30.8,79.2,0.98,0.0
2020-01-13 04:00:00+00:00,30.5,78.7,0.98,0.0
2020-01-13 04:00:00+00:00,30.7,78.9,0.98,0.0
2020-01-13 04:00:00+00:00,30.3,78.5,0.98,0.0
2020-01-13 04:00:00+00:00,30.1,78.3,0.98,0.0
2020-01-13 05:00:00+00:00,31.2,78.6,0.98,0.0
2020-01-13 05:00:00+00:00,30.1,78.3,0.98,0.0
2020-01-13 05:00:00+00:00,29.9,78.9,0.98,0.0
2020-01-13 05:00:00+00:00,30.8,79.2,0.98,0.0
2020-01-13 05:00:00+00:00,30.7,78.9,0.98,0.0
2020-01-13 05:00:00+00:00,30.3,78.5,0.98,0.0
2020-01-13 05:00:00+00:00,30.5,78.7,0.98,0.0
2020-01-13 05:00:00+00:00,31.0,78.2,0.98,0.0
2020-01-13 06:00:00+00:00,31.2,78.6,0.98,0.0
2020-01-13 06:00:00+00:00,30.3,78.5,0.98,0.0
2020-01-13 06:00:00+00:00,30.1,78.3,0.98,0.0
2020-01-13 06:00:00+00:00,30.8,79.2,0.98,0.0
2020-01-13 06:00:00+00:00,31.0,78.2,0.98,0.0
2020-01-13 06:00:00+00:00,30.7,78.9,0.98,0.0
2020-01-13 06:00:00+00:00,29.9,78.9,0.98,0.0
2020-01-13 06:00:00+00:00,30.5,78.7,0.98,0.0
2020-01-13 07:00:00+00:00,30.5,78.7,0.98,0.0
2020-01-13 07:00:00+00:00,29.9,78.9,0.98,0.0
2020-01-13 07:00:00+00:00,30.1,78.3,0.98,0.0
2020-01-13 07:00:00+00:00,30.8,79.2,0.98,0.0
2020-01-13 07:00:00+00:00,30.3,78.5,0.98,0.0
2020-01-13 07:00:00+00:00,31.0,78.2,0.98,0.0
2020-01-13 07:00:00+00:00,30.7,78.9,0.98,0.0
2020-01-13 07:00:00+00:00,31.2,78.6,0.98,0.0
2020-01-13 08:00:00+00:00,30.3,78.5,0.98,0.0
2020-01-13 08:00:00+00:00,31.2,78.6,0.98,0.0
2020-01-13 08:00:00+00:00,30.8,79.2,0.98,0.0
2020-01-13 08:00:00+00:00,29.9,78.9,0.98,0.0
2020-01-13 08:00:00+00:00,31.0,78.2,0.98,0.0
2020-01-13 08:00:00+00:00,30.7,78.9,0.98,0.0
2020-01-13 08:00:00+00:00,30.5,78.7,0.98,0.0
2020-01-13 08:00:00+00:00,30.1,78.3,0.98,0.0
2020-01-13 09:00:00+00:00,30.3,78.5,0.98,0.0
2020-01-13 09:00:00+00:00,30.8,79.2,0.98,0.0
2020-01-13 09:00:00+00:00,30.7,78.9,0.98,0.0
2020-01-13 09:00:00+00:00,31.0,78.2,0.98,0.0
2020-01-13 09:00:00+00:00,30.5,78.7,0.98,0.0
2020-01-13 09:00:00+00:00,29.9,78.9,0.98,0.0
2020-01-13 09:00:00+00:00,31.2,78.6,0.98,0.0
2020-01-13 09:00:00+00:00,30.1,78.3,0.98,0.0
2020-01-13 10:00:00+00:00,30.8,79.2,0.98,0.0
2020-01-13 10:00:00+00:00,31.2,78.6,0.98,0.0
2020-01-13 10:00:00+00:00,30.3,78.5,0.98,0.0
2020-01-13 10:00:00+00:00,29.9,78.9,0.98,0.0
2020-01-13 10:00:00+00:00,30.7,78.9,0.98,0.0
2020-01-13 10:00:00+00:00,30.5,78.7,0.98,0.0
2020-01-13 10:00:00+00:00,30.1,78.3,0.98,0.0
2020-01-13 10:00:00+00:00,31.0,78.2,0.98,0.0
2020-01-13 11:00:00+00:00,30.8,79.2,0.98,0.0
2020-01-13 11:00:00+00:00,30.5,78.7,0.98,0.0
2020-01-13 11:00:00+00:00,31.2,78.6,0.98,0.0
2020-01-13 11:00:00+00:00,30.3,78.5,0.98,0.0
2020-01-13 11:00:00+00:00,31.0,78.2,0.98,0.0
2020-01-13 11:00:00+00:00,30.7,78.9,0.98,0.0
2020-01-13 11:00:00+00:00,30.1,78.3,0.98,0.0
2020-01-13 11:00:00+00:00,29.9,78.9,0.98,0.0
2020-01-13 12:00:00+00:00,30.7,78.9,0.98,0.0
2020-01-13 12:00:00+00:00,31.2,78.6,0.98,0.0
2020-01-13 12:00:00+00:00,30.8,79.2,0.98,0.0
2020-01-13 12:00:00+00:00,29.9,78.9,0.98,0.0
2020-01-13 12:00:00+00:00,31.0,78.2,0.98,0.0
2020-01-13 12:00:00+00:00,30.5,78.7,0.98,0.0
2020-01-13 12:00:00+00:00,30.3,78.5,0.98,0.0
2020-01-13 12:00:00+00:00,30.1,78.3,0.98,0.0
2020-01-13 13:00:00+00:00,31.0,78.2,0.98,0.0
2020-01-13 13:00:00+00:00,30.8,79.2,0.98,0.0
2020-01-13 13:00:00+00:00,29.9,78.9,0.98,0.0
2020-01-13 13:00:00+00:00,31.2,78.6,0.98,0.0
2020-01-13 13:00:00+00:00,30.1,78.3,0.98,0.0
2020-01-13 13:00:00+00:00,30.5,78.7,0.98,0.0
2020-01-13 13:00:00+00:00,30.7,78.9,0.98,0.0
2020-01-13 13:00:00+00:00,30.3,78.5,0.98,0.0
2020-01-13 14:00:00+00:00,30.8,79.2,0.98,0.0
2020-01-13 14:00:00+00:00,30.1,78.3,0.98,0.0
2020-01-13 14:00:00+00:00,30.5,78.7,0.98,0.0
2020-01-13 14:00:00+00:00,30.7,78.9,0.98,0.0
2020-01-13 14:00:00+00:00,31.0,78.2,0.98,0.0
2020-01-13 14:00:00+00:00,30.3,78.5,0.98,0.0
2020-01-13 14:00:00+00:00,29.9,78.9,0.98,0.0
2020-01-13 14:00:00+00:00,31.2,78.6,0.98,0.0
2020-01-13 15:00:00+00:00,30.1,78.3,0.98,0.0
2020-01-13 15:00:00+00:00,30.8,79.2,0.98,0.0
2020-01-13 15:00:00+00:00,29.9,78.9,0.98,0.0
2020-01-13 15:00:00+00:00,31.2,78.6,0.98,0.0
2020-01-13 15:00:00+00:00,30.5,78.7,0.98,0.0
2020-01-13 15:00:00+00:00,30.3,78.5,0.98,0.0
2020-01-13 15:00:00+00:00,30.7,78.9,0.98,0.0
2020-01-13 15:00:00+00:00,31.0,78.2,0.98,0.0
2020-01-13 16:00:00+00:00,30.3,78.5,0.98,0.0
2020-01-13 16:00:00+00:00,30.1,78.3,0.98,0.0
2020-01-13 16:00:00+00:00,30.8,79.2,0.98,0.0
2020-01-13 16:00:00+00:00,31.2,78.6,0.98,0.0
2020-01-13 16:00:00+00:00,30.7,78.9,0.98,0.0
2020-01-13 16:00:00+00:00,29.9,78.9,0.98,0.0
2020-01-13 16:00:00+00:00,30.5,78.7,0.98,0.0
2020-01-13 16:00:00+00:00,31.0,78.2,0.98,0.0
2020-01-13 17:00:00+00:00,30.1,78.3,0.98,0.0
2020-01-13 17:00:00+00:00,31.2,78.6,0.98,0.0
2020-01-13 17:00:00+00:00,30.7,78.9,0.98,0.0
2020-01-13 17:00:00+00:00,30.5,78.7,0.98,0.0
2020-01-13 17:00:00+00:00,30.3,78.5,0.98,0.0
2020-01-13 17:00:00+00:00,31.0,78.2,0.98,0.0
2020-01-13 17:00:00+00:00,29.9,78.9,0.98,0.0
2020-01-13 17:00:00+00:00,30.8,79.2,0.98,0.0
2020-01-13 18:00:00+00:00,31.2,78.6,0.98,0.0
2020-01-13 18:00:00+00:00,30.3,78.5,0.98,0.0
2020-01-13 18:00:00+00:00,30.1,78.3,0.98,0.0
2020-01-13 18:00:00+00:00,30.8,79.2,0.98,0.0
2020-01-13 18:00:00+00:00,31.0,78.2,0.98,0.0
2020-01-13 18:00:00+00:00,29.9,78.9,0.98,0.0
2020-01-13 18:00:00+00:00,30.5,78.7,0.98,0.0
2020-01-13 18:00:00+00:00,30.7,78.9,0.98,0.0
2020-01-13 19:00:00+00:00,30.8,79.2,0.98,0.0
2020-01-13 19:00:00+00:00,30.1,78.3,0.98,0.0
2020-01-13 19:00:00+00:00,29.9,78.9,0.98,0.0
2020-01-13 19:00:00+00:00,31.2,78.6,0.98,0.0
2020-01-13 19:00:00+00:00,30.7,78.9,0.98,0.0
2020-01-13 19:00:00+00:00,30.5,78.7,0.98,0.0
2020-01-13 19:00:00+00:00,31.0,78.2,0.98,0.0
2020-01-13 19:00:00+00:00,30.3,78.5,0.98,0.0
2020-01-13 20:00:00+00:00,29.9,78.9,0.98,0.0
2020-01-13 20:00:00+00:00,31.0,78.2,0.98,0.0
2020-01-13 20:00:00+00:00,30.8,79.2,0.98,0.0
2020-01-13 20:00:00+00:00,30.1,78.3,0.98,0.0
2020-01-13 20:00:00+00:00,30.5,78.7,0.98,0.0
2020-01-13 20:00:00+00:00,30.7,78.9,0.98,0.0
2020-01-13 20:00:00+00:00,31.2,78.6,0.98,0.0
2020-01-13 20:00:00+00:00,30.3,78.5,0.98,0.0
2020-01-13 21:00:00+00:00,30.1,78.3,0.98,0.0
2020-01-13 21:00:00+00:00,31.2,78.6,0.98,0.0
2020-01-13 21:00:00+00:00,29.9,78.9,0.98,0.0
2020-01-13 21:00:00+00:00,30.7,78.9,0.98,0.0
2020-01-13 21:00:00+00:00,30.3,78.5,0.98,0.0
2020-01-13 21:00:00+00:00,30.8,79.2,0.98,0.0
2020-01-13 21:00:00+00:00,31.0,78.2,0.98,0.0
2020-01-13 21:00:00+00:00,30.5,78.7,0.98,0.0
2020-01-13 22:00:00+00:00,30.1,78.3,0.98,0.0
2020-01-13 22:00:00+00:00,31.2,78.6,0.98,0.0
2020-01-13 22:00:00+00:00,30.3,78.5,0.98,0.0
2020-01-13 22:00:00+00:00,30.8,79.2,0.98,0.0
2020-01-13 22:00:00+00:00,30.5,78.7,0.98,0.0
2020-01-13 22:00:00+00:00,29.9,78.9,0.98,0.0
2020-01-13 22:00:00+00:00,31.0,78.2,0.98,0.0
2020-01-13 22:00:00+00:00,30.7,78.9,0.98,0.0
2020-01-13 23:00:00+00:00,31.0,78.2,0.98,0.0
2020-01-13 23:00:00+00:00,30.8,79.2,0.98,0.0
2020-01-13 23:00:00+00:00,30.5,78.7,0.98,0.0
2020-01-13 23:00:00+00:00,29.9,78.9,0.98,0.0
2020-01-13 23:00:00+00:00,30.3,78.5,0.98,0.0
2020-01-13 23:00:00+00:00,31.2,78.6,0.98,0.0
2020-01-13 23:00:00+00:00,30.7,78.9,0.98,0.0
2020-01-13 23:00:00+00:00,30.1,78.3,0.98,0.0
2020-01-14 00:00:00+00:00,30.3,78.5,0.98,0.0
2020-01-14 00:00:00+00:00,31.0,78.2,0.98,0.0
2020-01-14 00:00:00+00:00,30.8,79.2,0.98,0.0
2020-01-14 00:00:00+00:00,29.9,78.9,0.98,0.0
2020-01-14 00:00:00+00:00,31.2,78.6,0.98,0.0
2020-01-14 00:00:00+00:00,30.5,78.7,0.98,0.0
2020-01-14 00:00:00+00:00,30.7,78.9,0.98,0.0
2020-01-14 00:00:00+00:00,30.1,78.3,0.98,0.0
2020-01-14 01:00:00+00:00,30.8,79.2,0.98,0.0
2020-01-14 01:00:00+00:00,30.7,78.9,0.98,0.0
2020-01-14 01:00:00+00:00,31.0,78.2,0.98,0.0
2020-01-14 01:00:00+00:00,29.9,78.9,0.98,0.0
2020-01-14 01:00:00+00:00,30.1,78.3,0.98,0.0
2020-01-14 01:00:00+00:00,31.2,78.6,0.98,0.0
2020-01-14 01:00:00+00:00,30.5,78.7,0.98,0.0
2020-01-14 01:00:00+00:00,30.3,78.5,0.98,0.0
2020-01-14 02:00:00+00:00,31.0,78.2,0.9507656897998072,-0.029234310200192737
2020-01-14 02:00:00+00:00,30.5,78.7,0.98,0.0
2020-01-14 02:00:00+00:00,30.3,78.5,0.98,0.0
2020-01-14 02:00:00+00:00,30.8,79.2,0.98,0.0
2020-01-14 02:00:00+00:00,30.1,78.3,0.98,0.0
2020-01-14 02:00:00+00:00,30.7,78.9,0.98,0.0
2020-01-14 02:00:00+00:00,31.2,78.6,0.98,0.0
2020-01-14 02:00:00+00:00,29.9,78.9,0.98,0.0
2020-01-14 03:00:00+00:00,30.8,79.2,0.98,0.0
2020-01-14 03:00:00+00:00,30.1,78.3,0.98,0.0
2020-01-14 03:00:00+00:00,31.0,78.2,0.9794697903791506,0.02870410057934336
2020-01-14 03:00:00+00:00,30.5,78.7,0.98,0.0
2020-01-14 03:00:00+00:00,30.3,78.5,0.98,0.0
2020-01-14 03:00:00+00:00,29.9,78.9,0.98,0.0
2020-01-14 03:00:00+00:00,31.2,78.6,0.98,0.0
2020-01-14 03:00:00+00:00,30.7,78.9,0.98,0.0
2020-01-14 04:00:00+00:00,30.3,78.5,0.98,0.0
2020-01-14 04:00:00+00:00,29.9,78.9,0.98,0.0
2020-01-14 04:00:00+00:00,31.0,78.2,0.9117486104401583,-0.06772117993899229
2020-01-14 04:00:00+00:00,31.2,78.6,0.98,0.0
2020-01-14 04:00:00+00:00,30.5,78.7,0.98,0.0
2020-01-14 04:00:00+00:00,30.7,78.9,0.98,0.0
2020-01-14 04:00:00+00:00,30.8,79.2,0.98,0.0
2020-01-14 04:00:00+00:00,30.1,78.3,0.98,0.0
2020-01-14 05:00:00+00:00,31.2,78.6,0.98,0.0
2020-01-14 05:00:00+00:00,30.5,78.7,0.98,0.0
2020-01-14 05:00:00+00:00,30.3,78.5,0.98,0.0
2020-01-14 05:00:00+00:00,31.0,78.2,0.8773941465668146,-0.03435446387334373
2020-01-14 05:00:00+00:00,30.8,79.2,0.98,0.0
2020-01-14 05:00:00+00:00,29.9,78.9,0.98,0.0
2020-01-14 05:00:00+00:00,30.1,78.3,0.98,0.0
2020-01-14 05:00:00+00:00,30.7,78.9,0.98,0.0
2020-01-14 06:00:00+00:00,30.1,78.3,0.98,0.0
2020-01-14 06:00:00+00:00,30.8,79.2,0.98,0.0
2020-01-14 06:00:00+00:00,30.3,78.5,0.98,0.0
2020-01-14 06:00:00+00:00,30.5,78.7,0.98,0.0
2020-01-14 06:00:00+00:00,29.9,78.9,0.98,0.0
2020-01-14 06:00:00+00:00,31.0,78.2,0.8902885568017915,0.01289441023497695
2020-01-14 06:00:00+00:00,30.7,78.9,0.98,0.0
2020-01-14 06:00:00+00:00,31.2,78.6,0.98,0.0
2020-01-14 07:00:00+00:00,29.9,78.9,0.98,0.0
2020-01-14 07:00:00+00:00,30.1,78.3,0.98,0.0
2020-01-14 07:00:00+00:00,31.0,78.2,0.9133143471368113,0.023025790335019725
2020-01-14 07:00:00+00:00,30.5,78.7,0.98,0.0
2020-01-14 07:00:00+00:00,31.2,78.6,0.98,0.0
2020-01-14 07:00:00+00:00,30.8,79.2,0.98,0.0
2020-01-14 07:00:00+00:00,30.3,78.5,0.98,0.0
2020-01-14 07:00:00+00:00,30.7,78.9,0.98,0.0
2020-01-14 08:00:00+00:00,31.2,78.6,0.98,0.0
2020-01-14 08:00:00+00:00,30.5,78.7,0.98,0.0
2020-01-14 08:00:00+00:00,31.0,78.2,0.9728822131409196,0.05956786600410835
2020-01-14 08:00:00+00:00,30.7,78.9,0.98,0.0
2020-01-14 08:00:00+00:00,30.3,78.5,0.98,0.0
2020-01-14 08:00:00+00:00,29.9,78.9,0.98,0.0
2020-01-14 08:00:00+00:00,30.1,78.3,0.98,0.0
2020-01-14 08:00:00+00:00,30.8,79.2,0.98,0.0
2020-01-14 09:00:00+00:00,30.8,79.2,0.98,0.0
2020-01-14 09:00:00+00:00,31.0,78.2,0.98,0.007117786859080377
2020-01-14 09:00:00+00:00,31.2,78.6,0.98,0.0
2020-01-14 09:00:00+00:00,30.5,78.7,0.98,0.0
2020-01-14 09:00:00+00:00,30.1,78.3,0.98,0.0
2020-01-14 09:00:00+00:00,29.9,78.9,0.98,0.0
2020-01-14 09:00:00+00:00,30.3,78.5,0.98,0.0
2020-01-14 09:00:00+00:00,30.7,78.9,0.98,0.0
2020-01-14 10:00:00+00:00,31.2,78.6,0.98,0.0
2020-01-14 10:00:00+00:00,29.9,78.9,0.98,0.0
2020-01-14 10:00:00+00:00,30.8,79.2,0.98,0.0
2020-01-14 10:00:00+00:00,30.1,78.3,0.98,0.0
2020-01-14 10:00:00+00:00,30.7,78.9,0.98,0.0
2020-01-14 10:00:00+00:00,30.3,78.5,0.98,0.0
2020-01-14 10:00:00+00:00,30.5,78.7,0.98,0.0
2020-01-14 10:00:00+00:00,31.0,78.2,0.9590434571119653,-0.020956542888034724
2020-01-14 11:00:00+00:00,31.0,78.2,0.98,0.020956542888034724
2020-01-14 11:00:00+00:00,30.8,79.2,0.98,0.0
2020-01-14 11:00:00+00:00,30.3,78.5,0.98,0.0
2020-01-14 11:00:00+00:00,29.9,78.9,0.98,0.0
2020-01-14 11:00:00+00:00,30.7,78.9,0.98,0.0
2020-01-14 11:00:00+00:00,31.2,78.6,0.98,0.0
2020-01-14 11:00:00+00:00,30.1,78.3,0.98,0.0
2020-01-14 11:00:00+00:00,30.5,78.7,0.98,0.0
2020-01-14 12:00:00+00:00,29.9,78.9,0.98,0.0
2020-01-14 12:00:00+00:00,31.2,78.6,0.98,0.0
2020-01-14 12:00:00+00:00,31.0,78.2,0.98,0.0
2020-01-14 12:00:00+00:00,30.8,79.2,0.98,0.0
2020-01-14 12:00:00+00:00,30.1,78.3,0.98,0.0
2020-01-14 12:00:00+00:00,30.3,78.5,0.98,0.0
2020-01-14 12:00:00+00:00,30.7,78.9,0.98,0.0
2020-01-14 12:00:00+00:00,30.5,78.7,0.98,0.0
2020-01-14 13:00:00+00:00,30.1,78.3,0.98,0.0
2020-01-14 13:00:00+00:00,29.9,78.9,0.98,0.0
2020-01-14 13:00:00+00:00,30.8,79.2,0.98,0.0
2020-01-14 13:00:00+00:00,30.3,78.5,0.98,0.0
2020-01-14 13:00:00+00:00,30.5,78.7,0.98,0.0
2020-01-14 13:00:00+00:00,30.7,78.9,0.98,0.0
2020-01-14 13:00:00+00:00,31.0,78.2,0.98,0.0
2020-01-14 13:00:00+00:00,31.2,78.6,0.98,0.0
2020-01-14 14:00:00+00:00,30.1,78.3,0.98,0.0
2020-01-14 14:00:00+00:00,30.8,79.2,0.98,0.0
2020-01-14 14:00:00+00:00,29.9,78.9,0.98,0.0
2020-01-14 14:00:00+00:00,30.7,78.9,0.98,0.0
2020-01-14 14:00:00+00:00,31.0,78.2,0.98,0.0
2020-01-14 14:00:00+00:00,30.5,78.7,0.98,0.0
2020-01-14 14:00:00+00:00,31.2,78.6,0.98,0.0
2020-01-14 14:00:00+00:00,30.3,78.5,0.98,0.0
2020-01-14 15:00:00+00:00,29.9,78.9,0.98,0.0
2020-01-14 15:00:00+00:00,30.3,78.5,0.98,0.0
2020-01-14 15:00:00+00:00,31.0,78.2,0.98,0.0
2020-01-14 15:00:00+00:00,30.1,78.3,0.98,0.0
2020-01-14 15:00:00+00:00,30.8,79.2,0.98,0.0
2020-01-14 15:00:00+00:00,30.5,78.7,0.98,0.0
2020-01-14 15:00:00+00:00,30.7,78.9,0.98,0.0
2020-01-14 15:00:00+00:00,31.2,78.6,0.98,0.0
2020-01-14 16:00:00+00:00,30.1,78.3,0.98,0.0
2020-01-14 16:00:00+00:00,29.9,78.9,0.98,0.0
2020-01-14 16:00:00+00:00,30.8,79.2,0.98,0.0
2020-01-14 16:00:00+00:00,30.5,78.7,0.98,0.0
2020-01-14 16:00:00+00:00,30.3,78.5,0.98,0.0
2020-01-14 16:00:00+00:00,31.2,78.6,0.98,0.0
2020-01-14 16:00:00+00:00,30.7,78.9,0.98,0.0
2020-01-14 16:00:00+00:00,31.0,78.2,0.98,0.0
2020-01-14 17:00:00+00:00,31.2,78.6,0.98,0.0
2020-01-14 17:00:00+00:00,30.8,79.2,0.98,0.0
2020-01-14 17:00:00+00:00,31.0,78.2,0.98,0.0
2020-01-14 17:00:00+00:00,30.1,78.3,0.98,0.0
2020-01-14 17:00:00+00:00,29.9,78.9,0.98,0.0
2020-01-14 17:00:00+00:00,30.5,78.7,0.98,0.0
2020-01-14 17:00:00+00:00,30.3,78.5,0.98,0.0
2020-01-14 17:00:00+00:00,30.7,78.9,0.98,0.0
2020-01-14 18:00:00+00:00,30.8,79.2,0.98,0.0
2020-01-14 18:00:00+00:00,30.1,78.3,0.98,0.0
2020-01-14 18:00:00+00:00,31.0,78.2,0.98,0.0
2020-01-14 18:00:00+00:00,29.9,78.9,0.98,0.0
2020-01-14 18:00:00+00:00,31.2,78.6,0.98,0.0
2020-01-14 18:00:00+00:00,30.3,78.5,0.98,0.0
2020-01-14 18:00:00+00:00,30.5,78.7,0.98,0.0
2020-01-14 18:00:00+00:00,30.7,78.9,0.98,0.0
2020-01-14 19:00:00+00:00,30.7,78.9,0.98,0.0
2020-01-14 19:00:00+00:00,30.1,78.3,0.98,0.0
2020-01-14 19:00:00+00:00,31.2,78.6,0.98,0.0
2020-01-14 19:00:00+00:00,31.0,78.2,0.98,0.0
2020-01-14 19:00:00+00:00,30.3,78.5,0.98,0.0
2020-01-14 19:00:00+00:00,29.9,78.9,0.98,0.0
2020-01-14 19:00:00+00:00,30.8,79.2,0.98,0.0
2020-01-14 19:00:00+00:00,30.5,78.7,0.98,0.0
2020-01-14 20:00:00+00:00,31.0,78.2,0.98,0.0
2020-01-14 20:00:00+00:00,29.9,78.9,0.98,0.0
2020-01-14 20:00:00+00:00,30.5,78.7,0.98,0.0
2020-01-14 20:00:00+00:00,30.1,78.3,0.98,0.0
2020-01-14 20:00:00+00:00,30.3,78.5,0.98,0.0
2020-01-14 20:00:00+00:00,30.8,79.2,0.98,0.0
2020-01-14 20:00:00+00:00,30.7,78.9,0.98,0.0
2020-01-14 20:00:00+00:00,31.2,78.6,0.98,0.0
2020-01-14 21:00:00+00:00,31.2,78.6,0.98,0.0
2020-01-14 21:00:00+00:00,30.8,79.2,0.98,0.0
2020-01-14 21:00:00+00:00,30.5,78.7,0.98,0.0
2020-01-14 21:00:00+00:00,30.1,78.3,0.98,0.0
2020-01-14 21:00:00+00:00,29.9,78.9,0.98,0.0
2020-01-14 21:00:00+00:00,31.0,78.2,0.98,0.0
2020-01-14 21:00:00+00:00,30.3,78.5,0.98,0.0
2020-01-14 21:00:00+00:00,30.7,78.9,0.98,0.0
2020-01-14 22:00:00+00:00,29.9,78.9,0.98,0.0
2020-01-14 22:00:00+00:00,30.3,78.5,0.98,0.0
2020-01-14 22:00:00+00:00,31.2,78.6,0.98,0.0
2020-01-14 22:00:00+00:00,30.5,78.7,0.98,0.0
2020-01-14 22:00:00+00:00,30.7,78.9,0.98,0.0
2020-01-14 22:00:00+00:00,30.8,79.2,0.98,0.0
2020-01-14 22:00:00+00:00,30.1,78.3,0.98,0.0
2020-01-14 22:00:00+00:00,31.0,78.2,0.98,0.0
2020-01-14 23:00:00+00:00,29.9,78.9,0.98,0.0
2020-01-14 23:00:00+00:00,31.2,78.6,0.98,0.0
2020-01-14 23:00:00+00:00,30.3,78.5,0.98,0.0
2020-01-14 23:00:00+00:00,31.0,78.2,0.98,0.0
2020-01-14 23:00:00+00:00,30.8,79.2,0.98,0.0
2020-01-14 23:00:00+00:00,30.1,78.3,0.98,0.0
2020-01-14 23:00:00+00:00,30.7,78.9,0.98,0.0
2020-01-14 23:00:00+00:00,30.5,78.7,0.98,0.0
2020-01-15 00:00:00+00:00,29.9,78.9,0.98,0.0
2020-01-15 00:00:00+00:00,31.0,78.2,0.98,0.0
2020-01-15 00:00:00+00:00,30.1,78.3,0.98,0.0
2020-01-15 00:00:00+00:00,30.3,78.5,0.98,0.0
2020-01-15 00:00:00+00:00,30.7,78.9,0.98,0.0
2020-01-15 00:00:00+00:00,31.2,78.6,0.98,0.0
2020-01-15 00:00:00+00:00,30.8,79.2,0.98,0.0
2020-01-15 00:00:00+00:00,30.5,78.7,0.98,0.0
2020-01-15 01:00:00+00:00,31.0,78.2,0.98,0.0
2020-01-15 01:00:00+00:00,31.2,78.6,0.98,0.0
2020-01-15 01:00:00+00:00,30.8,79.2,0.98,0.0
2020-01-15 01:00:00+00:00,30.7,78.9,0.98,0.0
2020-01-15 01:00:00+00:00,30.1,78.3,0.98,0.0
2020-01-15 01:00:00+00:00,30.3,78.5,0.98,0.0
2020-01-15 01:00:00+00:00,29.9,78.9,0.98,0.0
2020-01-15 01:00:00+00:00,30.5,78.7,0.98,0.0
2020-01-15 02:00:00+00:00,30.7,78.9,0.98,0.0
2020-01-15 02:00:00+00:00,31.0,78.2,0.98,0.0
2020-01-15 02:00:00+00:00,30.8,79.2,0.98,0.0
2020-01-15 02:00:00+00:00,30.3,78.5,0.98,0.0
2020-01-15 02:00:00+00:00,31.2,78.6,0.98,0.0
2020-01-15 02:00:00+00:00,30.1,78.3,0.98,0.0
2020-01-15 02:00:00+00:00,30.5,78.7,0.98,0.0
2020-01-15 02:00:00+00:00,29.9,78.9,0.98,0.0
2020-01-15 03:00:00+00:00,30.1,78.3,0.98,0.0
2020-01-15 03:00:00+00:00,30.5,78.7,0.98,0.0
2020-01-15 03:00:00+00:00,30.8,79.2,0.98,0.0
2020-01-15 03:00:00+00:00,30.7,78.9,0.98,0.0
2020-01-15 03:00:00+00:00,29.9,78.9,0.98,0.0
2020-01-15 03:00:00+00:00,31.2,78.6,0.98,0.0
2020-01-15 03:00:00+00:00,31.0,78.2,0.98,0.0
2020-01-15 03:00:00+00:00,30.3,78.5,0.98,0.0
2020-01-15 04:00:00+00:00,30.1,78.3,0.98,0.0
2020-01-15 04:00:00+00:00,29.9,78.9,0.98,0.0
2020-01-15 04:00:00+00:00,31.2,78.6,0.98,0.0
2020-01-15 04:00:00+00:00,30.3,78.5,0.98,0.0
2020-01-15 04:00:00+00:00,30.5,78.7,0.98,0.0
2020-01-15 04:00:00+00:00,31.0,78.2,0.98,0.0
2020-01-15 04:00:00+00:00,30.8,79.2,0.98,0.0
2020-01-15 04:00:00+00:00,30.7,78.9,0.98,0.0
2020-01-15 05:00:00+00:00,30.1,78.3,0.98,0.0
2020-01-15 05:00:00+00:00,30.3,78.5,0.98,0.0
2020-01-15 05:00:00+00:00,30.5,78.7,0.98,0.0
2020-01-15 05:00:00+00:00,31.2,78.6,0.98,0.0
2020-01-15 05:00:00+00:00,30.8,79.2,0.98,0.0
2020-01-15 05:00:00+00:00,29.9,78.9,0.98,0.0
2020-01-15 05:00:00+00:00,30.7,78.9,0.98,0.0
2020-01-15 05:00:00+00:00,31.0,78.2,0.98,0.0
2020-01-15 06:00:00+00:00,31.0,78.2,0.98,0.0
2020-01-15 06:00:00+00:00,30.8,79.2,0.98,0.0
2020-01-15 06:00:00+00:00,30.7,78.9,0.98,0.0
2020-01-15 06:00:00+00:00,30.3,78.5,0.98,0.0
2020-01-15 06:00:00+00:00,29.9,78.9,0.98,0.0
2020-01-15 06:00:00+00:00,30.1,78.3,0.98,0.0
2020-01-15 06:00:00+00:00,31.2,78.6,0.98,0.0
2020-01-15 06:00:00+00:00,30.5,78.7,0.98,0.0
2020-01-15 07:00:00+00:00,30.8,79.2,0.98,0.0
2020-01-15 07:00:00+00:00,31.0,78.2,0.98,0.0
2020-01-15 07:00:00+00:00,30.1,78.3,0.98,0.0
2020-01-15 07:00:00+00:00,30.5,78.7,0.98,0.0
2020-01-15 07:00:00+00:00,29.9,78.9,0.98,0.0
2020-01-15 07:00:00+00:00,30.7,78.9,0.98,0.0
2020-01-15 07:00:00+00:00,31.2,78.6,0.98,0.0
2020-01-15 07:00:00+00:00,30.3,78.5,0.98,0.0
2020-01-15 08:00:00+00:00,30.5,78.7,0.98,0.0
2020-01-15 08:00:00+00:00,30.1,78.3,0.98,0.0
2020-01-15 08:00:00+00:00,30.8,79.2,0.98,0.0
2020-01-15 08:00:00+00:00,31.2,78.6,0.98,0.0
2020-01-15 08:00:00+00:00,30.7,78.9,0.98,0.0
2020-01-15 08:00:00+00:00,29.9,78.9,0.98,0.0
2020-01-15 08:00:00+00:00,30.3,78.5,0.98,0.0
2020-01-15 08:00:00+00:00,31.0,78.2,0.98,0.0
2020-01-15 09:00:00+00:00,31.0,78.2,0.98,0.0
2020-01-15 09:00:00+00:00,30.7,78.9,0.98,0.0
2020-01-15 09:00:00+00:00,30.5,78.7,0.98,0.0
2020-01-15 09:00:00+00:00,30.3,78.5,0.98,0.0
2020-01-15 09:00:00+00:00,29.9,78.9,0.98,0.0
2020-01-15 09:00:00+00:00,30.8,79.2,0.98,0.0
2020-01-15 09:00:00+00:00,30.1,78.3,0.98,0.0
2020-01-15 09:00:00+00:00,31.2,78.6,0.98,0.0
2020-01-15 10:00:00+00:00,30.7,78.9,0.98,0.0
2020-01-15 10:00:00+00:00,31.0,78.2,0.98,0.0
2020-01-15 10:00:00+00:00,30.8,79.2,0.98,0.0
2020-01-15 10:00:00+00:00,29.9,78.9,0.98,0.0
2020-01-15 10:00:00+00:00,31.2,78.6,0.98,0.0
2020-01-15 10:00:00+00:00,30.5,78.7,0.98,0.0
2020-01-15 10:00:00+00:00,30.3,78.5,0.98,0.0
2020-01-15 10:00:00+00:00,30.1,78.3,0.98,0.0
2020-01-15 11:00:00+00:00,31.2,78.6,0.98,0.0
2020-01-15 11:00:00+00:00,30.1,78.3,0.98,0.0
2020-01-15 11:00:00+00:00,30.8,79.2,0.98,0.0
2020-01-15 11:00:00+00:00,30.3,78.5,0.98,0.0
2020-01-15 11:00:00+00:00,31.0,78.2,0.98,0.0
2020-01-15 11:00:00+00:00,30.5,78.7,0.98,0.0
2020-01-15 11:00:00+00:00,30.7,78.9,0.98,0.0
2020-01-15 11:00:00+00:00,29.9,78.9,0.98,0.0
2020-01-15 12:00:00+00:00,31.0,78.2,0.98,0.0
2020-01-15 12:00:00+00:00,31.2,78.6,0.98,0.0
2020-01-15 12:00:00+00:00,30.8,79.2,0.98,0.0
2020-01-15 12:00:00+00:00,30.3,78.5,0.98,0.0
2020-01-15 12:00:00+00:00,29.9,78.9,0.98,0.0
2020-01-15 12:00:00+00:00,30.1,78.3,0.98,0.0
2020-01-15 12:00:00+00:00,30.7,78.9,0.98,0.0
2020-01-15 12:00:00+00:00,30.5,78.7,0.98,0.0
2020-01-15 13:00:00+00:00,30.8,79.2,0.98,0.0
2020-01-15 13:00:00+00:00,30.1,78.3,0.98,0.0
2020-01-15 13:00:00+00:00,30.3,78.5,0.98,0.0
2020-01-15 13:00:00+00:00,29.9,78.9,0.98,0.0
2020-01-15 13:00:00+00:00,31.2,78.6,0.98,0.0
2020-01-15 13:00:00+00:00,30.7,78.9,0.98,0.0
2020-01-15 13:00:00+00:00,30.5,78.7,0.98,0.0
2020-01-15 13:00:00+00:00,31.0,78.2,0.98,0.0
2020-01-15 14:00:00+00:00,30.7,78.9,0.98,0.0
2020-01-15 14:00:00+00:00,31.2,78.6,0.98,0.0
2020-01-15 14:00:00+00:00,30.5,78.7,0.98,0.0
2020-01-15 14:00:00+00:00,31.0,78.2,0.98,0.0
2020-01-15 14:00:00+00:00,30.1,78.3,0.98,0.0
2020-01-15 14:00:00+00:00,29.9,78.9,0.98,0.0
2020-01-15 14:00:00+00:00,30.3,78.5,0.98,0.0
2020-01-15 14:00:00+00:00,30.8,79.2,0.98,0.0
2020-01-15 15:00:00+00:00,30.3,78.5,0.98,0.0
2020-01-15 15:00:00+00:00,31.2,78.6,0.98,0.0
2020-01-15 15:00:00+00:00,30.7,78.9,0.98,0.0
2020-01-15 15:00:00+00:00,30.5,78.7,0.98,0.0
2020-01-15 15:00:00+00:00,31.0,78.2,0.98,0.0
2020-01-15 15:00:00+00:00,29.9,78.9,0.98,0.0
2020-01-15 15:00:00+00:00,30.8,79.2,0.98,0.0
2020-01-15 15:00:00+00:00,30.1,78.3,0.98,0.0
2020-01-15 16:00:00+00:00,30.8,79.2,0.98,0.0
2020-01-15 16:00:00+00:00,31.2,78.6,0.98,0.0
2020-01-15 16:00:00+00:00,30.5,78.7,0.98,0.0
2020-01-15 16:00:00+00:00,30.3,78.5,0.98,0.0
2020-01-15 16:00:00+00:00,31.0,78.2,0.98,0.0
2020-01-15 16:00:00+00:00,29.9,78.9,0.98,0.0
2020-01-15 16:00:00+00:00,30.7,78.9,0.98,0.0
2020-01-15 16:00:00+00:00,30.1,78.3,0.98,0.0
2020-01-15 17:00:00+00:00,31.2,78.6,0.98,0.0
2020-01-15 17:00:00+00:00,29.9,78.9,0.98,0.0
2020-01-15 17:00:00+00:00,30.1,78.3,0.98,0.0
2020-01-15 17:00:00+00:00,30.3,78.5,0.98,0.0
2020-01-15 17:00:00+00:00,30.8,79.2,0.98,0.0
2020-01-15 17:00:00+00:00,31.0,78.2,0.98,0.0
2020-01-15 17:00:00+00:00,30.5,78.7,0.98,0.0
2020-01-15 17:00:00+00:00,30.7,78.9,0.98,0.0
2020-01-15 18:00:00+00:00,31.0,78.2,0.98,0.0
2020-01-15 18:00:00+00:00,30.8,79.2,0.98,0.0
2020-01-15 18:00:00+00:00,31.2,78.6,0.98,0.0
2020-01-15 18:00:00+00:00,30.3,78.5,0.98,0.0
2020-01-15 18:00:00+00:00,30.7,78.9,0.98,0.0
2020-01-15 18:00:00+00:00,30.5,78.7,0.98,0.0
2020-01-15 18:00:00+00:00,30.1,78.3,0.98,0.0
2020-01-15 18:00:00+00:00,29.9,78.9,0.98,0.0
2020-01-15 19:00:00+00:00,29.9,78.9,0.98,0.0
2020-01-15 19:00:00+00:00,30.5,78.7,0.98,0.0
2020-01-15 19:00:00+00:00,31.2,78.6,0.98,0.0
2020-01-15 19:00:00+00:00,31.0,78.2,0.98,0.0
2020-01-15 19:00:00+00:00,30.7,78.9,0.98,0.0
2020-01-15 19:00:00+00:00,30.8,79.2,0.98,0.0
2020-01-15 19:00:00+00:00,30.1,78.3,0.98,0.0
2020-01-15 19:00:00+00:00,30.3,78.5,0.98,0.0
2020-01-15 20:00:00+00:00,31.2,78.6,0.98,0.0
2020-01-15 20:00:00+00:00,30.7,78.9,0.98,0.0
2020-01-15 20:00:00+00:00,30.5,78.7,0.98,0.0
2020-01-15 20:00:00+00:00,29.9,78.9,0.98,0.0
2020-01-15 20:00:00+00:00,30.1,78.3,0.98,0.0
2020-01-15 20:00:00+00:00,30.8,79.2,0.98,0.0
2020-01-15 20:00:00+00:00,31.0,78.2,0.98,0.0
2020-01-15 20:00:00+00:00,30.3,78.5,0.98,0.0
2020-01-15 21:00:00+00:00,30.1,78.3,0.98,0.0
2020-01-15 21:00:00+00:00,30.5,78.7,0.98,0.0
2020-01-15 21:00:00+00:00,29.9,78.9,0.98,0.0
2020-01-15 21:00:00+00:00,30.3,78.5,0.98,0.0
2020-01-15 21:00:00+00:00,31.2,78.6,0.98,0.0
2020-01-15 21:00:00+00:00,31.0,78.2,0.98,0.0
2020-01-15 21:00:00+00:00,30.8,79.2,0.98,0.0
2020-01-15 21:00:00+00:00,30.7,78.9,0.98,0.0
2020-01-15 22:00:00+00:00,30.5,78.7,0.98,0.0
2020-01-15 22:00:00+00:00,29.9,78.9,0.98,0.0
2020-01-15 22:00:00+00:00,31.0,78.2,0.98,0.0
2020-01-15 22:00:00+00:00,30.7,78.9,0.98,0.0
2020-01-15 22:00:00+00:00,30.1,78.3,0.98,0.0
2020-01-15 22:00:00+00:00,31.2,78.6,0.98,0.0
2020-01-15 22:00:00+00:00,30.3,78.5,0.98,0.0
2020-01-15 22:00:00+00:00,30.8,79.2,0.98,0.0
2020-01-15 23:00:00+00:00,30.5,78.7,0.98,0.0
2020-01-15 23:00:00+00:00,31.2,78.6,0.98,0.0
2020-01-15 23:00:00+00:00,30.3,78.5,0.98,0.0
2020-01-15 23:00:00+00:00,29.9,78.9,0.98,0.0
2020-01-15 23:00:00+00:00,30.1,78.3,0.98,0.0
2020-01-15 23:00:00+00:00,30.8,79.2,0.98,0.0
2020-01-15 23:00:00+00:00,30.7,78.9,0.98,0.0
2020-01-15 23:00:00+00:00,31.0,78.2,0.98,0.0
2020-01-16 00:00:00+00:00,31.0,78.2,0.98,0.0
2020-01-16 00:00:00+00:00,30.5,78.7,0.98,0.0
2020-01-16 00:00:00+00:00,29.9,78.9,0.98,0.0
2020-01-16 00:00:00+00:00,30.7,78.9,0.98,0.0
2020-01-16 00:00:00+00:00,31.2,78.6,0.98,0.0
2020-01-16 00:00:00+00:00,30.3,78.5,0.98,0.0
2020-01-16 00:00:00+00:00,30.1,78.3,0.8927055862153478,-0.08729441378465219
2020-01-16 00:00:00+00:00,30.8,79.2,0.98,0.0
2020-01-16 01:00:00+00:00,29.9,78.9,0.98,0.0
2020-01-16 01:00:00+00:00,30.5,78.7,0.98,0.0
2020-01-16 01:00:00+00:00,30.7,78.9,0.98,0.0
2020-01-16 01:00:00+00:00,30.8,79.2,0.98,0.0
2020-01-16 01:00:00+00:00,31.2,78.6,0.98,0.0
2020-01-16 01:00:00+00:00,30.3,78.5,0.98,0.0
2020-01-16 01:00:00+00:00,31.0,78.2,0.98,0.0
2020-01-16 01:00:00+00:00,30.1,78.3,0.9019784105305749,0.009272824315227135
2020-01-16 02:00:00+00:00,30.8,79.2,0.98,0.0
2020-01-16 02:00:00+00:00,30.3,78.5,0.98,0.0
2020-01-16 02:00:00+00:00,31.0,78.2,0.98,0.0
2020-01-16 02:00:00+00:00,30.5,78.7,0.98,0.0
2020-01-16 02:00:00+00:00,29.9,78.9,0.98,0.0
2020-01-16 02:00:00+00:00,30.1,78.3,0.90467521370109,0.0026968031705151274
2020-01-16 02:00:00+00:00,30.7,78.9,0.98,0.0
2020-01-16 02:00:00+00:00,31.2,78.6,0.98,0.0
2020-01-16 03:00:00+00:00,30.7,78.9,0.98,0.0
2020-01-16 03:00:00+00:00,29.9,78.9,0.98,0.0
2020-01-16 03:00:00+00:00,30.3,78.5,0.98,0.0
2020-01-16 03:00:00+00:00,31.2,78.6,0.98,0.0
2020-01-16 03:00:00+00:00,30.8,79.2,0.98,0.0
2020-01-16 03:00:00+00:00,30.1,78.3,0.874848119519098,-0.02982709418199203
2020-01-16 03:00:00+00:00,31.0,78.2,0.98,0.0
2020-01-16 03:00:00+00:00,30.5,78.7,0.98,0.0
2020-01-16 04:00:00+00:00,31.0,78.2,0.98,0.0
2020-01-16 04:00:00+00:00,30.8,79.2,0.98,0.0
2020-01-16 04:00:00+00:00,30.5,78.7,0.98,0.0
2020-01-16 04:00:00+00:00,30.3,78.5,0.98,0.0
2020-01-16 04:00:00+00:00,30.7,78.9,0.98,0.0
2020-01-16 04:00:00+00:00,31.2,78.6,0.98,0.0
2020-01-16 04:00:00+00:00,29.9,78.9,0.98,0.0
2020-01-16 04:00:00+00:00,30.1,78.3,0.8034213985544341,-0.07142672096466396
2020-01-16 05:00:00+00:00,31.2,78.6,0.98,0.0
2020-01-16 05:00:00+00:00,30.8,79.2,0.98,0.0
2020-01-16 05:00:00+00:00,30.7,78.9,0.98,0.0
2020-01-16 05:00:00+00:00,30.1,78.3,0.7853865259590707,-0.018034872595363405
2020-01-16 05:00:00+00:00,29.9,78.9,0.98,0.0
2020-01-16 05:00:00+00:00,30.3,78.5,0.98,0.0
2020-01-16 05:00:00+00:00,30.5,78.7,0.98,0.0
2020-01-16 05:00:00+00:00,31.0,78.2,0.98,0.0
2020-01-16 06:00:00+00:00,29.9,78.9,0.98,0.0
2020-01-16 06:00:00+00:00,30.3,78.5,0.98,0.0
2020-01-16 06:00:00+00:00,30.8,79.2,0.98,0.0
2020-01-16 06:00:00+00:00,30.5,78.7,0.98,0.0
2020-01-16 06:00:00+00:00,31.0,78.2,0.98,0.0
2020-01-16 06:00:00+00:00,30.7,78.9,0.98,0.0
2020-01-16 06:00:00+00:00,31.2,78.6,0.98,0.0
2020-01-16 06:00:00+00:00,30.1,78.3,0.8570599674527665,0.07167344149369581
2020-01-16 07:00:00+00:00,30.8,79.2,0.98,0.0
2020-01-16 07:00:00+00:00,29.9,78.9,0.98,0.0
2020-01-16 07:00:00+00:00,31.0,78.2,0.98,0.0
2020-01-16 07:00:00+00:00,30.7,78.9,0.98,0.0
2020-01-16 07:00:00+00:00,30.5,78.7,0.98,0.0
2020-01-16 07:00:00+00:00,30.3,78.5,0.98,0.0
2020-01-16 07:00:00+00:00,31.2,78.6,0.98,0.0
2020-01-16 07:00:00+00:00,30.1,78.3,0.8190461108955611,-0.03801385655720535
2020-01-16 08:00:00+00:00,30.7,78.9,0.98,0.0
2020-01-16 08:00:00+00:00,30.1,78.3,0.8532589152960598,0.034212804400498675
2020-01-16 08:00:00+00:00,29.9,78.9,0.98,0.0
2020-01-16 08:00:00+00:00,31.0,78.2,0.98,0.0
2020-01-16 08:00:00+00:00,30.3,78.5,0.98,0.0
2020-01-16 08:00:00+00:00,30.5,78.7,0.98,0.0
2020-01-16 08:00:00+00:00,31.2,78.6,0.98,0.0
2020-01-16 08:00:00+00:00,30.8,79.2,0.98,0.0
2020-01-16 09:00:00+00:00,30.3,78.5,0.98,0.0
2020-01-16 09:00:00+00:00,30.1,78.3,0.8486209374367049,-0.004637977859354936
2020-01-16 09:00:00+00:00,30.8,79.2,0.98,0.0
2020-01-16 09:00:00+00:00,29.9,78.9,0.98,0.0
2020-01-16 09:00:00+00:00,31.0,78.2,0.98,0.0
2020-01-16 09:00:00+00:00,31.2,78.6,0.98,0.0
2020-01-16 09:00:00+00:00,30.7,78.9,0.98,0.0
2020-01-16 09:00:00+00:00,30.5,78.7,0.98,0.0
2020-01-16 10:00:00+00:00,30.8,79.2,0.98,0.0
2020-01-16 10:00:00+00:00,31.0,78.2,0.98,0.0
2020-01-16 10:00:00+00:00,31.2,78.6,0.98,0.0
2020-01-16 10:00:00+00:00,30.5,78.7,0.98,0.0
2020-01-16 10:00:00+00:00,29.9,78.9,0.98,0.0
2020-01-16 10:00:00+00:00,30.3,78.5,0.98,0.0
2020-01-16 10:00:00+00:00,30.7,78.9,0.98,0.0
2020-01-16 10:00:00+00:00,30.1,78.3,0.8043899003464118,-0.04423103709029308
2020-01-16 11:00:00+00:00,31.0,78.2,0.98,0.0
2020-01-16 11:00:00+00:00,30.3,78.5,0.98,0.0
2020-01-16 11:00:00+00:00,30.1,78.3,0.8505336384365274,0.04614373809011563
2020-01-16 11:00:00+00:00,31.2,78.6,0.98,0.0
2020-01-16 11:00:00+00:00,30.7,78.9,0.98,0.0
2020-01-16 11:00:00+00:00,29.9,78.9,0.98,0.0
2020-01-16 11:00:00+00:00,30.8,79.2,0.98,0.0
2020-01-16 11:00:00+00:00,30.5,78.7,0.9183908052107939,-0.06160919478920612
2020-01-16 12:00:00+00:00,30.1,78.3,0.8486810370052269,-0.0018526014313005046
2020-01-16 12:00:00+00:00,29.9,78.9,0.98,0.0
2020-01-16 12:00:00+00:00,30.8,79.2,0.98,0.0
2020-01-16 12:00:00+00:00,31.2,78.6,0.98,0.0
2020-01-16 12:00:00+00:00,31.0,78.2,0.98,0.0
2020-01-16 12:00:00+00:00,30.5,78.7,0.94775514028176,0.02936433507096614
2020-01-16 12:00:00+00:00,30.3,78.5,0.98,0.0
2020-01-16 12:00:00+00:00,30.7,78.9,0.98,0.0
2020-01-16 13:00:00+00:00,30.3,78.5,0.98,0.0
2020-01-16 13:00:00+00:00,30.8,79.2,0.98,0.0
2020-01-16 13:00:00+00:00,31.0,78.2,0.98,0.0
2020-01-16 13:00:00+00:00,29.9,78.9,0.98,0.0
2020-01-16 13:00:00+00:00,30.5,78.7,0.9749325640235059,0.02717742374174592
2020-01-16 13:00:00+00:00,30.7,78.9,0.98,0.0
2020-01-16 13:00:00+00:00,31.2,78.6,0.98,0.0
2020-01-16 13:00:00+00:00,30.1,78.3,0.8079696178906548,-0.0407114191145721
2020-01-16 14:00:00+00:00,30.1,78.3,0.8250918485294368,0.017122230638782043
2020-01-16 14:00:00+00:00,30.5,78.7,0.9785485399053091,0.0036159758818031795
2020-01-16 14:00:00+00:00,31.0,78.2,0.98,0.0
2020-01-16 14:00:00+00:00,30.7,78.9,0.98,0.0
2020-01-16 14:00:00+00:00,29.9,78.9,0.98,0.0
2020-01-16 14:00:00+00:00,30.3,78.5,0.98,0.0
2020-01-16 14:00:00+00:00,31.2,78.6,0.98,0.0
2020-01-16 14:00:00+00:00,30.8,79.2,0.98,0.0
2020-01-16 15:00:00+00:00,30.8,79.2,0.98,0.0
2020-01-16 15:00:00+00:00,30.1,78.3,0.8802828517622299,0.05519100323279302
2020-01-16 15:00:00+00:00,30.3,78.5,0.98,0.0
2020-01-16 15:00:00+00:00,30.7,78.9,0.98,0.0
2020-01-16 15:00:00+00:00,31.2,78.6,0.98,0.0
2020-01-16 15:00:00+00:00,29.9,78.9,0.98,0.0
2020-01-16 15:00:00+00:00,31.0,78.2,0.98,0.0
2020-01-16 15:00:00+00:00,30.5,78.7,0.98,0.0014514600946908818
2020-01-16 16:00:00+00:00,30.1,78.3,0.9108900811185145,0.030607229356284682
2020-01-16 16:00:00+00:00,30.3,78.5,0.98,0.0
2020-01-16 16:00:00+00:00,31.0,78.2,0.98,0.0
2020-01-16 16:00:00+00:00,30.8,79.2,0.98,0.0
2020-01-16 16:00:00+00:00,29.9,78.9,0.98,0.0
2020-01-16 16:00:00+00:00,30.7,78.9,0.98,0.0
2020-01-16 16:00:00+00:00,31.2,78.6,0.98,0.0
2020-01-16 16:00:00+00:00,30.5,78.7,0.98,0.0
2020-01-16 17:00:00+00:00,30.1,78.3,0.9645682056975663,0.053678124579051745
2020-01-16 17:00:00+00:00,29.9,78.9,0.98,0.0
2020-01-16 17:00:00+00:00,30.7,78.9,0.98,0.0
2020-01-16 17:00:00+00:00,30.3,78.5,0.98,0.0
2020-01-16 17:00:00+00:00,31.2,78.6,0.98,0.0
2020-01-16 17:00:00+00:00,31.0,78.2,0.98,0.0
2020-01-16 17:00:00+00:00,30.8,79.2,0.98,0.0
2020-01-16 17:00:00+00:00,30.5,78.7,0.98,0.0
2020-01-16 18:00:00+00:00,30.3,78.5,0.98,0.0
2020-01-16 18:00:00+00:00,31.2,78.6,0.98,0.0
2020-01-16 18:00:00+00:00,30.5,78.7,0.98,0.0
2020-01-16 18:00:00+00:00,30.8,79.2,0.98,0.0
2020-01-16 18:00:00+00:00,31.0,78.2,0.98,0.0
2020-01-16 18:00:00+00:00,30.1,78.3,0.98,0.015431794302433688
2020-01-16 18:00:00+00:00,30.7,78.9,0.98,0.0
2020-01-16 18:00:00+00:00,29.9,78.9,0.98,0.0
2020-01-16 19:00:00+00:00,30.7,78.9,0.98,0.0
2020-01-16 19:00:00+00:00,31.2,78.6,0.98,0.0
2020-01-16 19:00:00+00:00,31.0,78.2,0.98,0.0
2020-01-16 19:00:00+00:00,30.8,79.2,0.98,0.0
2020-01-16 19:00:00+00:00,30.5,78.7,0.9674849931063298,-0.012515006893670133
2020-01-16 19:00:00+00:00,29.9,78.9,0.98,0.0
2020-01-16 19:00:00+00:00,30.3,78.5,0.98,0.0
2020-01-16 19:00:00+00:00,30.1,78.3,0.98,0.0
2020-01-16 20:00:00+00:00,30.8,79.2,0.98,0.0
2020-01-16 20:00:00+00:00,30.3,78.5,0.98,0.0
2020-01-16 20:00:00+00:00,31.0,78.2,0.98,0.0
2020-01-16 20:00:00+00:00,29.9,78.9,0.98,0.0
2020-01-16 20:00:00+00:00,31.2,78.6,0.98,0.0
2020-01-16 20:00:00+00:00,30.7,78.9,0.98,0.0
2020-01-16 20:00:00+00:00,30.5,78.7,0.9059488358074163,-0.061536157298913596
2020-01-16 20:00:00+00:00,30.1,78.3,0.98,0.0
2020-01-16 21:00:00+00:00,31.2,78.6,0.98,0.0
2020-01-16 21:00:00+00:00,31.0,78.2,0.98,0.0
2020-01-16 21:00:00+00:00,30.1,78.3,0.98,0.0
2020-01-16 21:00:00+00:00,30.5,78.7,0.9744310236463174,0.06848218783890114
2020-01-16 21:00:00+00:00,30.3,78.5,0.98,0.0
2020-01-16 21:00:00+00:00,29.9,78.9,0.98,0.0
2020-01-16 21:00:00+00:00,30.8,79.2,0.98,0.0
2020-01-16 21:00:00+00:00,30.7,78.9,0.98,0.0
2020-01-16 22:00:00+00:00,30.1,78.3,0.98,0.0
2020-01-16 22:00:00+00:00,30.8,79.2,0.98,0.0
2020-01-16 22:00:00+00:00,30.7,78.9,0.98,0.0
2020-01-16 22:00:00+00:00,31.0,78.2,0.98,0.0
2020-01-16 22:00:00+00:00,31.2,78.6,0.98,0.0
2020-01-16 22:00:00+00:00,30.3,78.5,0.98,0.0
2020-01-16 22:00:00+00:00,29.9,78.9,0.98,0.0
2020-01-16 22:00:00+00:00,30.5,78.7,0.9505375352312948,-0.02389348841502259
2020-01-16 23:00:00+00:00,30.3,78.5,0.98,0.0
2020-01-16 23:00:00+00:00,30.1,78.3,0.98,0.0
2020-01-16 23:00:00+00:00,30.7,78.9,0.98,0.0
2020-01-16 23:00:00+00:00,31.0,78.2,0.98,0.0
2020-01-16 23:00:00+00:00,30.8,79.2,0.98,0.0
2020-01-16 23:00:00+00:00,31.2,78.6,0.98,0.0
2020-01-16 23:00:00+00:00,29.9,78.9,0.98,0.0
2020-01-16 23:00:00+00:00,30.5,78.7,0.98,0.029462464768705177
2020-01-17 00:00:00+00:00,30.3,78.5,0.98,0.0
2020-01-17 00:00:00+00:00,30.7,78.9,0.98,0.0
2020-01-17 00:00:00+00:00,31.0,78.2,0.98,0.0
2020-01-17 00:00:00+00:00,31.2,78.6,0.98,0.0
2020-01-17 00:00:00+00:00,30.1,78.3,0.98,0.0
2020-01-17 00:00:00+00:00,29.9,78.9,0.98,0.0
2020-01-17 00:00:00+00:00,30.8,79.2,0.98,0.0
2020-01-17 00:00:00+00:00,30.5,78.7,0.9699423084514747,-0.010057691548525316
2020-01-17 01:00:00+00:00,30.3,78.5,0.98,0.0
2020-01-17 01:00:00+00:00,30.5,78.7,0.9236925526021414,-0.04624975584933322
2020-01-17 01:00:00+00:00,31.2,78.6,0.98,0.0
2020-01-17 01:00:00+00:00,30.1,78.3,0.98,0.0
2020-01-17 01:00:00+00:00,29.9,78.9,0.98,0.0
2020-01-17 01:00:00+00:00,31.0,78.2,0.98,0.0
2020-01-17 01:00:00+00:00,30.8,79.2,0.98,0.0
2020-01-17 01:00:00+00:00,30.7,78.9,0.98,0.0
2020-01-17 02:00:00+00:00,31.0,78.2,0.98,0.0
2020-01-17 02:00:00+00:00,31.2,78.6,0.98,0.0
2020-01-17 02:00:00+00:00,30.7,78.9,0.98,0.0
2020-01-17 02:00:00+00:00,30.1,78.3,0.98,0.0
2020-01-17 02:00:00+00:00,29.9,78.9,0.98,0.0
2020-01-17 02:00:00+00:00,30.3,78.5,0.98,0.0
2020-01-17 02:00:00+00:00,30.8,79.2,0.98,0.0
2020-01-17 02:00:00+00:00,30.5,78.7,0.9311446643719313,0.007452111769789882
2020-01-17 03:00:00+00:00,30.1,78.3,0.98,0.0
2020-01-17 03:00:00+00:00,29.9,78.9,0.98,0.0
2020-01-17 03:00:00+00:00,30.3,78.5,0.98,0.0
2020-01-17 03:00:00+00:00,30.5,78.7,0.98,0.04885533562806865
2020-01-17 03:00:00+00:00,31.2,78.6,0.98,0.0
2020-01-17 03:00:00+00:00,31.0,78.2,0.98,0.0
2020-01-17 03:00:00+00:00,30.8,79.2,0.98,0.0
2020-01-17 03:00:00+00:00,30.7,78.9,0.98,0.0
2020-01-17 04:00:00+00:00,30.1,78.3,0.98,0.0
2020-01-17 04:00:00+00:00,31.0,78.2,0.98,0.0
2020-01-17 04:00:00+00:00,30.8,79.2,0.98,0.0
2020-01-17 04:00:00+00:00,31.2,78.6,0.98,0.0
2020-01-17 04:00:00+00:00,30.7,78.9,0.98,0.0
2020-01-17 04:00:00+00:00,30.3,78.5,0.98,0.0
2020-01-17 04:00:00+00:00,29.9,78.9,0.98,0.0
2020-01-17 04:00:00+00:00,30.5,78.7,0.98,0.0
2020-01-17 05:00:00+00:00,31.0,78.2,0.98,0.0
2020-01-17 05:00:00+00:00,30.8,79.2,0.98,0.0
2020-01-17 05:00:00+00:00,30.3,78.5,0.98,0.0
2020-01-17 05:00:00+00:00,30.1,78.3,0.98,0.0
2020-01-17 05:00:00+00:00,29.9,78.9,0.98,0.0
2020-01-17 05:00:00+00:00,30.7,78.9,0.98,0.0
2020-01-17 05:00:00+00:00,30.5,78.7,0.9536284839657186,-0.02637151603428134
2020-01-17 05:00:00+00:00,31.2,78.6,0.98,0.0
2020-01-17 06:00:00+00:00,30.5,78.7,0.9407565413523732,-0.012871942613345455
2020-01-17 06:00:00+00:00,31.0,78.2,0.98,0.0
2020-01-17 06:00:00+00:00,30.1,78.3,0.98,0.0
2020-01-17 06:00:00+00:00,29.9,78.9,0.98,0.0
2020-01-17 06:00:00+00:00,30.7,78.9,0.98,0.0
2020-01-17 06:00:00+00:00,30.3,78.5,0.98,0.0
2020-01-17 06:00:00+00:00,30.8,79.2,0.98,0.0
2020-01-17 06:00:00+00:00,31.2,78.6,0.98,0.0
2020-01-17 07:00:00+00:00,30.3,78.5,0.98,0.0
2020-01-17 07:00:00+00:00,31.0,78.2,0.98,0.0
2020-01-17 07:00:00+00:00,30.5,78.7,0.98,0.039243458647626794
2020-01-17 07:00:00+00:00,30.8,79.2,0.98,0.0
2020-01-17 07:00:00+00:00,29.9,78.9,0.98,0.0
2020-01-17 07:00:00+00:00,30.1,78.3,0.98,0.0
2020-01-17 07:00:00+00:00,31.2,78.6,0.98,0.0
2020-01-17 07:00:00+00:00,30.7,78.9,0.98,0.0
2020-01-17 08:00:00+00:00,30.3,78.5,0.98,0.0
2020-01-17 08:00:00+00:00,30.5,78.7,0.9210703672912641,-0.05892963270873586
2020-01-17 08:00:00+00:00,29.9,78.9,0.98,0.0
2020-01-17 08:00:00+00:00,31.2,78.6,0.98,0.0
2020-01-17 08:00:00+00:00,30.7,78.9,0.98,0.0
2020-01-17 08:00:00+00:00,30.1,78.3,0.98,0.0
2020-01-17 08:00:00+00:00,30.8,79.2,0.98,0.0
2020-01-17 08:00:00+00:00,31.0,78.2,0.98,0.0
2020-01-17 09:00:00+00:00,30.7,78.9,0.98,0.0
2020-01-17 09:00:00+00:00,29.9,78.9,0.98,0.0
2020-01-17 09:00:00+00:00,30.1,78.3,0.98,0.0
2020-01-17 09:00:00+00:00,31.2,78.6,0.98,0.0
2020-01-17 09:00:00+00:00,30.5,78.7,0.98,0.05892963270873586
2020-01-17 09:00:00+00:00,30.8,79.2,0.98,0.0
2020-01-17 09:00:00+00:00,30.3,78.5,0.98,0.0
2020-01-17 09:00:00+00:00,31.0,78.2,0.98,0.0
2020-01-17 10:00:00+00:00,30.7,78.9,0.98,0.0
2020-01-17 10:00:00+00:00,31.2,78.6,0.98,0.0
2020-01-17 10:00:00+00:00,30.5,78.7,0.98,0.0
2020-01-17 10:00:00+00:00,31.0,78.2,0.98,0.0
2020-01-17 10:00:00+00:00,30.8,79.2,0.98,0.0
2020-01-17 10:00:00+00:00,29.9,78.9,0.98,0.0
2020-01-17 10:00:00+00:00,30.3,78.5,0.98,0.0
2020-01-17 10:00:00+00:00,30.1,78.3,0.98,0.0
2020-01-17 11:00:00+00:00,30.3,78.5,0.98,0.0
2020-01-17 11:00:00+00:00,30.8,79.2,0.98,0.0
2020-01-17 11:00:00+00:00,31.0,78.2,0.98,0.0
2020-01-17 11:00:00+00:00,30.1,78.3,0.98,0.0
2020-01-17 11:00:00+00:00,29.9,78.9,0.98,0.0
2020-01-17 11:00:00+00:00,31.2,78.6,0.98,0.0
2020-01-17 11:00:00+00:00,30.5,78.7,0.98,0.0
2020-01-17 11:00:00+00:00,30.7,78.9,0.98,0.0
2020-01-17 12:00:00+00:00,30.8,79.2,0.98,0.0
2020-01-17 12:00:00+00:00,30.1,78.3,0.98,0.0
2020-01-17 12:00:00+00:00,30.5,78.7,0.98,0.0
2020-01-17 12:00:00+00:00,30.7,78.9,0.98,0.0
2020-01-17 12:00:00+00:00,31.2,78.6,0.98,0.0
2020-01-17 12:00:00+00:00,29.9,78.9,0.98,0.0
2020-01-17 12:00:00+00:00,31.0,78.2,0.98,0.0
2020-01-17 12:00:00+00:00,30.3,78.5,0.98,0.0
2020-01-17 13:00:00+00:00,30.7,78.9,0.98,0.0
2020-01-17 13:00:00+00:00,30.5,78.7,0.9642224390806006,-0.015777560919399414
2020-01-17 13:00:00+00:00,29.9,78.9,0.98,0.0
2020-01-17 13:00:00+00:00,31.0,78.2,0.98,0.0
2020-01-17 13:00:00+00:00,30.3,78.5,0.98,0.0
2020-01-17 13:00:00+00:00,31.2,78.6,0.98,0.0
2020-01-17 13:00:00+00:00,30.8,79.2,0.98,0.0
2020-01-17 13:00:00+00:00,30.1,78.3,0.98,0.0
2020-01-17 14:00:00+00:00,30.5,78.7,0.9293369200926683,-0.03488551898793224
2020-01-17 14:00:00+00:00,30.3,78.5,0.98,0.0
2020-01-17 14:00:00+00:00,31.2,78.6,0.98,0.0
2020-01-17 14:00:00+00:00,30.1,78.3,0.98,0.0
2020-01-17 14:00:00+00:00,30.8,79.2,0.98,0.0
2020-01-17 14:00:00+00:00,31.0,78.2,0.98,0.0
2020-01-17 14:00:00+00:00,29.9,78.9,0.98,0.0
2020-01-17 14:00:00+00:00,30.7,78.9,0.98,0.0
2020-01-17 15:00:00+00:00,31.0,78.2,0.98,0.0
2020-01-17 15:00:00+00:00,29.9,78.9,0.98,0.0
2020-01-17 15:00:00+00:00,30.8,79.2,0.98,0.0
2020-01-17 15:00:00+00:00,30.7,78.9,0.98,0.0
2020-01-17 15:00:00+00:00,30.5,78.7,0.9386760911159256,0.00933917102325732
2020-01-17 15:00:00+00:00,30.3,78.5,0.98,0.0
2020-01-17 15:00:00+00:00,31.2,78.6,0.98,0.0
2020-01-17 15:00:00+00:00,30.1,78.3,0.98,0.0
2020-01-17 16:00:00+00:00,30.5,78.7,0.9576264373190643,0.018950346203138624
2020-01-17 16:00:00+00:00,29.9,78.9,0.98,0.0
2020-01-17 16:00:00+00:00,30.3,78.5,0.98,0.0
2020-01-17 16:00:00+00:00,30.7,78.9,0.98,0.0
2020-01-17 16:00:00+00:00,31.2,78.6,0.98,0.0
2020-01-17 16:00:00+00:00,31.0,78.2,0.98,0.0
2020-01-17 16:00:00+00:00,30.8,79.2,0.98,0.0
2020-01-17 16:00:00+00:00,30.1,78.3,0.98,0.0
2020-01-17 17:00:00+00:00,29.9,78.9,0.98,0.0
2020-01-17 17:00:00+00:00,31.0,78.2,0.98,0.0
2020-01-17 17:00:00+00:00,30.3,78.5,0.98,0.0
2020-01-17 17:00:00+00:00,30.1,78.3,0.98,0.0
2020-01-17 17:00:00+00:00,30.8,79.2,0.98,0.0
2020-01-17 17:00:00+00:00,30.7,78.9,0.98,0.0
2020-01-17 17:00:00+00:00,30.5,78.7,0.9271051349132453,-0.030521302405818962
2020-01-17 17:00:00+00:00,31.2,78.6,0.98,0.0
2020-01-17 18:00:00+00:00,30.8,79.2,0.98,0.0
2020-01-17 18:00:00+00:00,30.1,78.3,0.98,0.0
2020-01-17 18:00:00+00:00,30.5,78.7,0.968480799639284,0.04137566472603871
2020-01-17 18:00:00+00:00,29.9,78.9,0.98,0.0
2020-01-17 18:00:00+00:00,31.2,78.6,0.98,0.0
2020-01-17 18:00:00+00:00,30.3,78.5,0.98,0.0
2020-01-17 18:00:00+00:00,30.7,78.9,0.98,0.0
2020-01-17 18:00:00+00:00,31.0,78.2,0.98,0.0
2020-01-17 19:00:00+00:00,29.9,78.9,0.98,0.0
2020-01-17 19:00:00+00:00,31.2,78.6,0.98,0.0
2020-01-17 19:00:00+00:00,30.5,78.7,0.98,0.011519200360715964
2020-01-17 19:00:00+00:00,30.1,78.3,0.98,0.0
2020-01-17 19:00:00+00:00,30.3,78.5,0.98,0.0
2020-01-17 19:00:00+00:00,30.7,78.9,0.98,0.0
2020-01-17 19:00:00+00:00,30.8,79.2,0.98,0.0
2020-01-17 19:00:00+00:00,31.0,78.2,0.98,0.0
2020-01-17 20:00:00+00:00,29.9,78.9,0.98,0.0
2020-01-17 20:00:00+00:00,30.1,78.3,0.98,0.0
2020-01-17 20:00:00+00:00,30.3,78.5,0.98,0.0
2020-01-17 20:00:00+00:00,30.5,78.7,0.98,0.0
2020-01-17 20:00:00+00:00,30.7,78.9,0.98,0.0
2020-01-17 20:00:00+00:00,30.8,79.2,0.98,0.0
2020-01-17 20:00:00+00:00,31.2,78.6,0.98,0.0
2020-01-17 20:00:00+00:00,31.0,78.2,0.98,0.0
2020-01-17 21:00:00+00:00,29.9,78.9,0.98,0.0
2020-01-17 21:00:00+00:00,30.8,79.2,0.98,0.0
2020-01-17 21:00:00+00:00,30.7,78.9,0.98,0.0
2020-01-17 21:00:00+00:00,30.3,78.5,0.98,0.0
2020-01-17 21:00:00+00:00,30.5,78.7,0.9789572679878346,-0.001042732012165426
2020-01-17 21:00:00+00:00,30.1,78.3,0.98,0.0
2020-01-17 21:00:00+00:00,31.2,78.6,0.98,0.0
2020-01-17 21:00:00+00:00,31.0,78.2,0.98,0.0
2020-01-17 22:00:00+00:00,30.7,78.9,0.98,0.0
2020-01-17 22:00:00+00:00,31.2,78.6,0.98,0.0
2020-01-17 22:00:00+00:00,30.5,78.7,0.98,0.001042732012165426
2020-01-17 22:00:00+00:00,31.0,78.2,0.98,0.0
2020-01-17 22:00:00+00:00,29.9,78.9,0.98,0.0
2020-01-17 22:00:00+00:00,30.1,78.3,0.98,0.0
2020-01-17 22:00:00+00:00,30.3,78.5,0.98,0.0
2020-01-17 22:00:00+00:00,30.8,79.2,0.98,0.0
2020-01-17 23:00:00+00:00,30.7,78.9,0.98,0.0
2020-01-17 23:00:00+00:00,29.9,78.9,0.98,0.0
2020-01-17 23:00:00+00:00,30.5,78.7,0.98,0.0
2020-01-17 23:00:00+00:00,30.3,78.5,0.98,0.0
2020-01-17 23:00:00+00:00,31.2,78.6,0.98,0.0
2020-01-17 23:00:00+00:00,30.1,78.3,0.98,0.0
2020-01-17 23:00:00+00:00,30.8,79.2,0.98,0.0
2020-01-17 23:00:00+00:00,31.0,78.2,0.98,0.0
2020-01-18 00:00:00+00:00,30.8,79.2,0.98,0.0
2020-01-18 00:00:00+00:00,30.7,78.9,0.98,0.0
2020-01-18 00:00:00+00:00,30.3,78.5,0.98,0.0
2020-01-18 00:00:00+00:00,31.0,78.2,0.98,0.0
2020-01-18 00:00:00+00:00,30.5,78.7,0.98,0.0
2020-01-18 00:00:00+00:00,29.9,78.9,0.98,0.0
2020-01-18 00:00:00+00:00,30.1,78.3,0.98,0.0
2020-01-18 00:00:00+00:00,31.2,78.6,0.98,0.0
2020-01-18 01:00:00+00:00,30.1,78.3,0.98,0.0
2020-01-18 01:00:00+00:00,30.7,78.9,0.98,0.0
2020-01-18 01:00:00+00:00,30.8,79.2,0.98,0.0
2020-01-18 01:00:00+00:00,31.0,78.2,0.98,0.0
2020-01-18 01:00:00+00:00,31.2,78.6,0.98,0.0
2020-01-18 01:00:00+00:00,30.3,78.5,0.98,0.0
2020-01-18 01:00:00+00:00,29.9,78.9,0.98,0.0
2020-01-18 01:00:00+00:00,30.5,78.7,0.98,0.0
2020-01-18 02:00:00+00:00,30.3,78.5,0.98,0.0
2020-01-18 02:00:00+00:00,29.9,78.9,0.98,0.0
2020-01-18 02:00:00+00:00,30.5,78.7,0.98,0.0
2020-01-18 02:00:00+00:00,30.1,78.3,0.98,0.0
2020-01-18 02:00:00+00:00,31.2,78.6,0.98,0.0
2020-01-18 02:00:00+00:00,30.7,78.9,0.98,0.0
2020-01-18 02:00:00+00:00,31.0,78.2,0.98,0.0
2020-01-18 02:00:00+00:00,30.8,79.2,0.98,0.0
2020-01-18 03:00:00+00:00,31.0,78.2,0.98,0.0
2020-01-18 03:00:00+00:00,30.7,78.9,0.9460642668114035,-0.03393573318859644
2020-01-18 03:00:00+00:00,29.9,78.9,0.98,0.0
2020-01-18 03:00:00+00:00,30.1,78.3,0.98,0.0
2020-01-18 03:00:00+00:00,31.2,78.6,0.98,0.0
2020-01-18 03:00:00+00:00,30.3,78.5,0.98,0.0
2020-01-18 03:00:00+00:00,30.5,78.7,0.98,0.0
2020-01-18 03:00:00+00:00,30.8,79.2,0.98,0.0
2020-01-18 04:00:00+00:00,31.2,78.6,0.98,0.0
2020-01-18 04:00:00+00:00,30.5,78.7,0.98,0.0
2020-01-18 04:00:00+00:00,30.8,79.2,0.98,0.0
2020-01-18 04:00:00+00:00,30.7,78.9,0.9253521264392165,-0.02071214037218705
2020-01-18 04:00:00+00:00,31.0,78.2,0.98,0.0
2020-01-18 04:00:00+00:00,30.1,78.3,0.98,0.0
2020-01-18 04:00:00+00:00,30.3,78.5,0.98,0.0
2020-01-18 04:00:00+00:00,29.9,78.9,0.98,0.0
2020-01-18 05:00:00+00:00,30.8,79.2,0.98,0.0
2020-01-18 05:00:00+00:00,31.0,78.2,0.98,0.0
2020-01-18 05:00:00+00:00,31.2,78.6,0.98,0.0
2020-01-18 05:00:00+00:00,30.7,78.9,0.9193705110062531,-0.005981615432963383
2020-01-18 05:00:00+00:00,29.9,78.9,0.98,0.0
2020-01-18 05:00:00+00:00,30.3,78.5,0.98,0.0
2020-01-18 05:00:00+00:00,30.1,78.3,0.98,0.0
2020-01-18 05:00:00+00:00,30.5,78.7,0.98,0.0
2020-01-18 06:00:00+00:00,29.9,78.9,0.98,0.0
2020-01-18 06:00:00+00:00,30.3,78.5,0.98,0.0
2020-01-18 06:00:00+00:00,30.5,78.7,0.98,0.0
2020-01-18 06:00:00+00:00,31.0,78.2,0.98,0.0
2020-01-18 06:00:00+00:00,31.2,78.6,0.98,0.0
2020-01-18 06:00:00+00:00,30.8,79.2,0.98,0.0
2020-01-18 06:00:00+00:00,30.1,78.3,0.98,0.0
2020-01-18 06:00:00+00:00,30.7,78.9,0.9463554928596034,0.0269849818533503
2020-01-18 07:00:00+00:00,30.8,79.2,0.98,0.0
2020-01-18 07:00:00+00:00,31.0,78.2,0.98,0.0
2020-01-18 07:00:00+00:00,30.1,78.3,0.98,0.0
2020-01-18 07:00:00+00:00,30.3,78.5,0.98,0.0
2020-01-18 07:00:00+00:00,30.7,78.9,0.9309979124524213,-0.015357580407182159
2020-01-18 07:00:00+00:00,31.2,78.6,0.98,0.0
2020-01-18 07:00:00+00:00,29.9,78.9,0.98,0.0
2020-01-18 07:00:00+00:00,30.5,78.7,0.98,0.0
2020-01-18 08:00:00+00:00,29.9,78.9,0.98,0.0
2020-01-18 08:00:00+00:00,30.1,78.3,0.98,0.0
2020-01-18 08:00:00+00:00,31.2,78.6,0.98,0.0
2020-01-18 08:00:00+00:00,30.8,79.2,0.98,0.0
2020-01-18 08:00:00+00:00,30.7,78.9,0.9053132751963541,-0.025684637256067178
2020-01-18 08:00:00+00:00,30.3,78.5,0.98,0.0
2020-01-18 08:00:00+00:00,31.0,78.2,0.98,0.0
2020-01-18 08:00:00+00:00,30.5,78.7,0.98,0.0
2020-01-18 09:00:00+00:00,31.2,78.6,0.98,0.0
2020-01-18 09:00:00+00:00,30.8,79.2,0.98,0.0
2020-01-18 09:00:00+00:00,30.1,78.3,0.98,0.0
2020-01-18 09:00:00+00:00,29.9,78.9,0.98,0.0
2020-01-18 09:00:00+00:00,30.3,78.5,0.98,0.0
2020-01-18 09:00:00+00:00,31.0,78.2,0.98,0.0
2020-01-18 09:00:00+00:00,30.5,78.7,0.98,0.0
2020-01-18 09:00:00+00:00,30.7,78.9,0.9356561487879609,0.03034287359160681
2020-01-18 10:00:00+00:00,31.0,78.2,0.98,0.0
2020-01-18 10:00:00+00:00,30.8,79.2,0.890240783658476,-0.08975921634152395
2020-01-18 10:00:00+00:00,29.9,78.9,0.98,0.0
2020-01-18 10:00:00+00:00,31.2,78.6,0.98,0.0
2020-01-18 10:00:00+00:00,30.7,78.9,0.8730190585032438,-0.06263709028471709
2020-01-18 10:00:00+00:00,30.3,78.5,0.98,0.0
2020-01-18 10:00:00+00:00,30.5,78.7,0.98,0.0
2020-01-18 10:00:00+00:00,30.1,78.3,0.98,0.0
2020-01-18 11:00:00+00:00,30.7,78.9,0.9345472051759256,0.061528146672681805
2020-01-18 11:00:00+00:00,30.5,78.7,0.98,0.0
2020-01-18 11:00:00+00:00,31.0,78.2,0.98,0.0
2020-01-18 11:00:00+00:00,30.8,79.2,0.9095472642509437,0.019306480592467645
2020-01-18 11:00:00+00:00,29.9,78.9,0.98,0.0
2020-01-18 11:00:00+00:00,31.2,78.6,0.98,0.0
2020-01-18 11:00:00+00:00,30.1,78.3,0.98,0.0
2020-01-18 11:00:00+00:00,30.3,78.5,0.98,0.0
2020-01-18 12:00:00+00:00,30.7,78.9,0.9154491870483347,-0.019098018127590932
2020-01-18 12:00:00+00:00,30.8,79.2,0.98,0.0704527357490563
2020-01-18 12:00:00+00:00,29.9,78.9,0.98,0.0
2020-01-18 12:00:00+00:00,30.1,78.3,0.98,0.0
2020-01-18 12:00:00+00:00,30.3,78.5,0.98,0.0
2020-01-18 12:00:00+00:00,30.5,78.7,0.98,0.0
2020-01-18 12:00:00+00:00,31.0,78.2,0.98,0.0
2020-01-18 12:00:00+00:00,31.2,78.6,0.98,0.0
2020-01-18 13:00:00+00:00,30.8,79.2,0.8672432620681666,-0.11275673793183338
2020-01-18 13:00:00+00:00,31.0,78.2,0.98,0.0
2020-01-18 13:00:00+00:00,30.5,78.7,0.98,0.0
2020-01-18 13:00:00+00:00,29.9,78.9,0.98,0.0
2020-01-18 13:00:00+00:00,30.1,78.3,0.98,0.0
2020-01-18 13:00:00+00:00,30.7,78.9,0.8656316444810822,-0.04981754256725246
2020-01-18 13:00:00+00:00,30.3,78.5,0.98,0.0
2020-01-18 13:00:00+00:00,31.2,78.6,0.98,0.0
2020-01-18 14:00:00+00:00,30.1,78.3,0.98,0.0
2020-01-18 14:00:00+00:00,30.7,78.9,0.8626987299552809,-0.0029329145258013556
2020-01-18 14:00:00+00:00,31.0,78.2,0.98,0.0
2020-01-18 14:00:00+00:00,31.2,78.6,0.98,0.0
2020-01-18 14:00:00+00:00,29.9,78.9,0.98,0.0
2020-01-18 14:00:00+00:00,30.5,78.7,0.98,0.0
2020-01-18 14:00:00+00:00,30.8,79.2,0.9053750174758431,0.03813175540767655
2020-01-18 14:00:00+00:00,30.3,78.5,0.98,0.0
2020-01-18 15:00:00+00:00,30.1,78.3,0.98,0.0
2020-01-18 15:00:00+00:00,30.3,78.5,0.98,0.0
2020-01-18 15:00:00+00:00,29.9,78.9,0.98,0.0
2020-01-18 15:00:00+00:00,31.0,78.2,0.98,0.0
2020-01-18 15:00:00+00:00,30.7,78.9,0.8902736461194035,0.027574916164122665
2020-01-18 15:00:00+00:00,31.2,78.6,0.98,0.0
2020-01-18 15:00:00+00:00,30.8,79.2,0.864742232659208,-0.040632784816635126
2020-01-18 15:00:00+00:00,30.5,78.7,0.98,0.0
2020-01-18 16:00:00+00:00,31.2,78.6,0.98,0.0
2020-01-18 16:00:00+00:00,30.8,79.2,0.8409947230309783,-0.02374750962822969
2020-01-18 16:00:00+00:00,29.9,78.9,0.98,0.0
2020-01-18 16:00:00+00:00,30.1,78.3,0.98,0.0
2020-01-18 16:00:00+00:00,30.5,78.7,0.98,0.0
2020-01-18 16:00:00+00:00,30.7,78.9,0.9216643571896248,0.03139071107022129
2020-01-18 16:00:00+00:00,31.0,78.2,0.98,0.0
2020-01-18 16:00:00+00:00,30.3,78.5,0.98,0.0
2020-01-18 17:00:00+00:00,31.2,78.6,0.98,0.0
2020-01-18 17:00:00+00:00,30.1,78.3,0.98,0.0
2020-01-18 17:00:00+00:00,30.5,78.7,0.98,0.0
2020-01-18 17:00:00+00:00,29.9,78.9,0.98,0.0
2020-01-18 17:00:00+00:00,30.7,78.9,0.8723573849398167,-0.04930697224980807
2020-01-18 17:00:00+00:00,30.8,79.2,0.8599466580044127,0.018951934973434392
2020-01-18 17:00:00+00:00,30.3,78.5,0.98,0.0
2020-01-18 17:00:00+00:00,31.0,78.2,0.98,0.0
2020-01-18 18:00:00+00:00,30.5,78.7,0.98,0.0
2020-01-18 18:00:00+00:00,30.1,78.3,0.98,0.0
2020-01-18 18:00:00+00:00,30.3,78.5,0.98,0.0
2020-01-18 18:00:00+00:00,31.2,78.6,0.98,0.0
2020-01-18 18:00:00+00:00,30.7,78.9,0.9076293722163519,0.03527198727653513
2020-01-18 18:00:00+00:00,29.9,78.9,0.98,0.0
2020-01-18 18:00:00+00:00,31.0,78.2,0.98,0.0
2020-01-18 18:00:00+00:00,30.8,79.2,0.9286500997144,0.06870344170998732
2020-01-18 19:00:00+00:00,29.9,78.9,0.98,0.0
2020-01-18 19:00:00+00:00,30.8,79.2,0.9084679949763521,-0.020182104738047935
2020-01-18 19:00:00+00:00,30.1,78.3,0.98,0.0
2020-01-18 19:00:00+00:00,30.7,78.9,0.9361800932726075,0.028550721056255668
2020-01-18 19:00:00+00:00,31.0,78.2,0.98,0.0
2020-01-18 19:00:00+00:00,30.3,78.5,0.98,0.0
2020-01-18 19:00:00+00:00,30.5,78.7,0.98,0.0
2020-01-18 19:00:00+00:00,31.2,78.6,0.98,0.0
2020-01-18 20:00:00+00:00,30.7,78.9,0.8745120998933558,-0.06166799337925177
2020-01-18 20:00:00+00:00,31.0,78.2,0.98,0.0
2020-01-18 20:00:00+00:00,29.9,78.9,0.98,0.0
2020-01-18 20:00:00+00:00,31.2,78.6,0.98,0.0
2020-01-18 20:00:00+00:00,30.8,79.2,0.9281951027065711,0.019727107730219018
2020-01-18 20:00:00+00:00,30.3,78.5,0.98,0.0
2020-01-18 20:00:00+00:00,30.5,78.7,0.98,0.0
2020-01-18 20:00:00+00:00,30.1,78.3,0.98,0.0
2020-01-18 21:00:00+00:00,30.7,78.9,0.9189035220112326,0.04439142211787683
2020-01-18 21:00:00+00:00,31.0,78.2,0.98,0.0
2020-01-18 21:00:00+00:00,30.5,78.7,0.98,0.0
2020-01-18 21:00:00+00:00,31.2,78.6,0.98,0.0
2020-01-18 21:00:00+00:00,30.1,78.3,0.98,0.0
2020-01-18 21:00:00+00:00,30.3,78.5,0.98,0.0
2020-01-18 21:00:00+00:00,29.9,78.9,0.98,0.0
2020-01-18 21:00:00+00:00,30.8,79.2,0.9564230284072922,0.02822792570072108
2020-01-18 22:00:00+00:00,30.1,78.3,0.98,0.0
2020-01-18 22:00:00+00:00,30.7,78.9,0.9329904235155557,0.014086901504323124
2020-01-18 22:00:00+00:00,30.5,78.7,0.98,0.0
2020-01-18 22:00:00+00:00,30.3,78.5,0.98,0.0
2020-01-18 22:00:00+00:00,29.9,78.9,0.9698239350637649,-0.01017606493623513
2020-01-18 22:00:00+00:00,31.0,78.2,0.98,0.0
2020-01-18 22:00:00+00:00,31.2,78.6,0.98,0.0
2020-01-18 22:00:00+00:00,30.8,79.2,0.8665761717437616,-0.08984685666353065
2020-01-18 23:00:00+00:00,31.2,78.6,0.98,0.0
2020-01-18 23:00:00+00:00,30.3,78.5,0.98,0.0
2020-01-18 23:00:00+00:00,30.5,78.7,0.98,0.0
2020-01-18 23:00:00+00:00,31.0,78.2,0.98,0.0
2020-01-18 23:00:00+00:00,30.8,79.2,0.8441234550328799,-0.02245271671088167
2020-01-18 23:00:00+00:00,30.7,78.9,0.8946506692882886,-0.0383397542272671
2020-01-18 23:00:00+00:00,29.9,78.9,0.9576879293922242,-0.012136005671540606
2020-01-18 23:00:00+00:00,30.1,78.3,0.98,0.0
2020-01-19 00:00:00+00:00,30.8,79.2,0.8832943264115451,0.03917087137866526
2020-01-19 00:00:00+00:00,31.2,78.6,0.98,0.0
2020-01-19 00:00:00+00:00,30.5,78.7,0.98,0.0
2020-01-19 00:00:00+00:00,30.1,78.3,0.98,0.0
2020-01-19 00:00:00+00:00,30.3,78.5,0.98,0.0
2020-01-19 00:00:00+00:00,29.9,78.9,0.9004661131605859,-0.057221816231638356
2020-01-19 00:00:00+00:00,30.7,78.9,0.9423196840681307,0.04766901477984209
2020-01-19 00:00:00+00:00,31.0,78.2,0.98,0.0
2020-01-19 01:00:00+00:00,30.3,78.5,0.98,0.0
2020-01-19 01:00:00+00:00,30.1,78.3,0.98,0.0
2020-01-19 01:00:00+00:00,31.0,78.2,0.98,0.0
2020-01-19 01:00:00+00:00,30.7,78.9,0.8270598217780827,-0.11525986229004803
2020-01-19 01:00:00+00:00,30.5,78.7,0.98,0.0
2020-01-19 01:00:00+00:00,31.2,78.6,0.98,0.0
2020-01-19 01:00:00+00:00,29.9,78.9,0.8488501171592624,-0.051615996001323494
2020-01-19 01:00:00+00:00,30.8,79.2,0.934630449460544,0.051336123048998816
2020-01-19 02:00:00+00:00,30.5,78.7,0.98,0.0
2020-01-19 02:00:00+00:00,31.0,78.2,0.98,0.0
2020-01-19 02:00:00+00:00,31.2,78.6,0.98,0.0
2020-01-19 02:00:00+00:00,30.7,78.9,0.9107251689891881,0.08366534721110541
2020-01-19 02:00:00+00:00,30.1,78.3,0.98,0.0
2020-01-19 02:00:00+00:00,30.3,78.5,0.98,0.0
2020-01-19 02:00:00+00:00,30.8,79.2,0.8837438713221367,-0.050886578138407246
2020-01-19 02:00:00+00:00,29.9,78.9,0.9673829373984429,0.11853282023918055
2020-01-19 03:00:00+00:00,30.7,78.9,0.944722992087197,0.03399782309800892
2020-01-19 03:00:00+00:00,30.3,78.5,0.98,0.0
2020-01-19 03:00:00+00:00,30.8,79.2,0.8318434315684586,-0.051900439753678085
2020-01-19 03:00:00+00:00,30.5,78.7,0.98,0.0
2020-01-19 03:00:00+00:00,31.2,78.6,0.98,0.0
2020-01-19 03:00:00+00:00,30.1,78.3,0.98,0.0
2020-01-19 03:00:00+00:00,29.9,78.9,0.9500824685051836,-0.017300468893259313
2020-01-19 03:00:00+00:00,31.0,78.2,0.98,0.0
2020-01-19 04:00:00+00:00,30.7,78.9,0.8868116495933522,-0.057911342493844775
2020-01-19 04:00:00+00:00,30.5,78.7,0.98,0.0
2020-01-19 04:00:00+00:00,30.1,78.3,0.98,0.0
2020-01-19 04:00:00+00:00,31.0,78.2,0.98,0.0
2020-01-19 04:00:00+00:00,29.9,78.9,0.9480895301175719,-0.00199293838761172
2020-01-19 04:00:00+00:00,30.8,79.2,0.9198181655688207,0.08797473400036204
2020-01-19 04:00:00+00:00,30.3,78.5,0.98,0.0
2020-01-19 04:00:00+00:00,31.2,78.6,0.98,0.0
2020-01-19 05:00:00+00:00,31.0,78.2,0.98,0.0
2020-01-19 05:00:00+00:00,30.3,78.5,0.98,0.0
2020-01-19 05:00:00+00:00,30.1,78.3,0.98,0.0
2020-01-19 05:00:00+00:00,30.5,78.7,0.98,0.0
2020-01-19 05:00:00+00:00,31.2,78.6,0.98,0.0
2020-01-19 05:00:00+00:00,30.7,78.9,0.9287808691394587,0.04196921954610644
2020-01-19 05:00:00+00:00,30.8,79.2,0.8046792902867079,-0.11513887528211275
2020-01-19 05:00:00+00:00,29.9,78.9,0.900706945831901,-0.04738258428567088
2020-01-19 06:00:00+00:00,30.3,78.5,0.98,0.0
2020-01-19 06:00:00+00:00,31.2,78.6,0.98,0.0
2020-01-19 06:00:00+00:00,30.5,78.7,0.98,0.0
2020-01-19 06:00:00+00:00,30.7,78.9,0.8758958373334962,-0.05288503180596249
2020-01-19 06:00:00+00:00,31.0,78.2,0.98,0.0
2020-01-19 06:00:00+00:00,30.8,79.2,0.7634763112247919,-0.041202979061916056
2020-01-19 06:00:00+00:00,29.9,78.9,0.9703290287844744,0.06962208295257333
2020-01-19 06:00:00+00:00,30.1,78.3,0.98,0.0
2020-01-19 07:00:00+00:00,31.0,78.2,0.98,0.0
2020-01-19 07:00:00+00:00,29.9,78.9,0.9548590730306608,-0.015469955753813602
2020-01-19 07:00:00+00:00,30.8,79.2,0.7726865147149958,0.009210203490203961
2020-01-19 07:00:00+00:00,30.3,78.5,0.98,0.0
2020-01-19 07:00:00+00:00,30.5,78.7,0.98,0.0
2020-01-19 07:00:00+00:00,30.7,78.9,0.8991914612815629,0.023295623948066724
2020-01-19 07:00:00+00:00,30.1,78.3,0.98,0.0
2020-01-19 07:00:00+00:00,31.2,78.6,0.98,0.0
2020-01-19 08:00:00+00:00,29.9,78.9,0.8629068472735225,-0.09195222575713824
2020-01-19 08:00:00+00:00,30.5,78.7,0.98,0.0
2020-01-19 08:00:00+00:00,30.8,79.2,0.7843168804155993,0.011630365700603496
2020-01-19 08:00:00+00:00,30.7,78.9,0.8548749218252214,-0.04431653945634151
2020-01-19 08:00:00+00:00,30.1,78.3,0.98,0.0
2020-01-19 08:00:00+00:00,31.0,78.2,0.98,0.0
2020-01-19 08:00:00+00:00,30.3,78.5,0.98,0.0
2020-01-19 08:00:00+00:00,31.2,78.6,0.98,0.0
2020-01-19 09:00:00+00:00,30.8,79.2,0.7749470806837083,-0.009369799731891004
2020-01-19 09:00:00+00:00,31.2,78.6,0.98,0.0
2020-01-19 09:00:00+00:00,30.3,78.5,0.98,0.0
2020-01-19 09:00:00+00:00,30.5,78.7,0.98,0.0
2020-01-19 09:00:00+00:00,31.0,78.2,0.98,0.0
2020-01-19 09:00:00+00:00,30.1,78.3,0.98,0.0
2020-01-19 09:00:00+00:00,29.9,78.9,0.9029087091867224,0.040001861913199876
2020-01-19 09:00:00+00:00,30.7,78.9,0.8638681024808831,0.008993180655661681
2020-01-19 10:00:00+00:00,31.0,78.2,0.98,0.0
2020-01-19 10:00:00+00:00,30.8,79.2,0.8247439127295116,0.04979683204580332
2020-01-19 10:00:00+00:00,30.5,78.7,0.98,0.0
2020-01-19 10:00:00+00:00,29.9,78.9,0.8637915241533065,-0.03911718503341588
2020-01-19 10:00:00+00:00,30.3,78.5,0.98,0.0
2020-01-19 10:00:00+00:00,30.7,78.9,0.90937149330842,0.04550339082753696
2020-01-19 10:00:00+00:00,30.1,78.3,0.98,0.0
2020-01-19 10:00:00+00:00,31.2,78.6,0.98,0.0
2020-01-19 11:00:00+00:00,31.0,78.2,0.98,0.0
2020-01-19 11:00:00+00:00,30.5,78.7,0.98,0.0
2020-01-19 11:00:00+00:00,30.7,78.9,0.977142863575264,0.06777137026684399
2020-01-19 11:00:00+00:00,30.3,78.5,0.98,0.0
2020-01-19 11:00:00+00:00,30.1,78.3,0.98,0.0
2020-01-19 11:00:00+00:00,30.8,79.2,0.8866463550293279,0.06190244229981623
2020-01-19 11:00:00+00:00,29.9,78.9,0.8909033874705724,0.027111863317265894
2020-01-19 11:00:00+00:00,31.2,78.6,0.98,0.0
2020-01-19 12:00:00+00:00,31.2,78.6,0.98,0.0
2020-01-19 12:00:00+00:00,30.3,78.5,0.98,0.0
2020-01-19 12:00:00+00:00,30.8,79.2,0.9208629528012886,0.03421659777196073
2020-01-19 12:00:00+00:00,30.5,78.7,0.98,0.0
2020-01-19 12:00:00+00:00,29.9,78.9,0.8986714125235261,0.007768025052953709
2020-01-19 12:00:00+00:00,30.7,78.9,0.9350434209576,-0.042099442617664073
2020-01-19 12:00:00+00:00,31.0,78.2,0.98,0.0
2020-01-19 12:00:00+00:00,30.1,78.3,0.98,0.0
2020-01-19 13:00:00+00:00,31.0,78.2,0.98,0.0
2020-01-19 13:00:00+00:00,30.8,79.2,0.98,0.05913704719871138
2020-01-19 13:00:00+00:00,30.1,78.3,0.98,0.0
2020-01-19 13:00:00+00:00,29.9,78.9,0.8950153924500469,-0.0036560200734792048
2020-01-19 13:00:00+00:00,30.3,78.5,0.98,0.0
2020-01-19 13:00:00+00:00,31.2,78.6,0.98,0.0
2020-01-19 13:00:00+00:00,30.7,78.9,0.966617933414944,0.031574512457343995
2020-01-19 13:00:00+00:00,30.5,78.7,0.98,0.0
2020-01-19 14:00:00+00:00,31.0,78.2,0.98,0.0
2020-01-19 14:00:00+00:00,29.9,78.9,0.863951835999536,-0.031063556450510954
2020-01-19 14:00:00+00:00,30.7,78.9,0.8771331195040123,-0.08948481391093166
2020-01-19 14:00:00+00:00,30.5,78.7,0.98,0.0
2020-01-19 14:00:00+00:00,30.1,78.3,0.98,0.0
2020-01-19 14:00:00+00:00,30.8,79.2,0.98,0.0
2020-01-19 14:00:00+00:00,30.3,78.5,0.98,0.0
2020-01-19 14:00:00+00:00,31.2,78.6,0.98,0.0
2020-01-19 15:00:00+00:00,29.9,78.9,0.8585025274039145,-0.005449308595621427
2020-01-19 15:00:00+00:00,30.7,78.9,0.8796435617993178,0.002510442295305504
2020-01-19 15:00:00+00:00,30.5,78.7,0.98,0.0
2020-01-19 15:00:00+00:00,30.1,78.3,0.98,0.0
2020-01-19 15:00:00+00:00,31.2,78.6,0.9563109512654336,-0.023689048734566343
2020-01-19 15:00:00+00:00,30.3,78.5,0.98,0.0
2020-01-19 15:00:00+00:00,30.8,79.2,0.98,0.0
2020-01-19 15:00:00+00:00,31.0,78.2,0.98,0.0
2020-01-19 16:00:00+00:00,30.1,78.3,0.98,0.0
2020-01-19 16:00:00+00:00,31.0,78.2,0.98,0.0
2020-01-19 16:00:00+00:00,30.5,78.7,0.98,0.0
2020-01-19 16:00:00+00:00,30.8,79.2,0.98,0.0
2020-01-19 16:00:00+00:00,29.9,78.9,0.9145028935999651,0.05600036619605053
2020-01-19 16:00:00+00:00,30.3,78.5,0.98,0.0
2020-01-19 16:00:00+00:00,31.2,78.6,0.98,0.023689048734566343
2020-01-19 16:00:00+00:00,30.7,78.9,0.8322438970422251,-0.047399664757092674
2020-01-19 17:00:00+00:00,30.3,78.5,0.98,0.0
2020-01-19 17:00:00+00:00,31.2,78.6,0.98,0.0
2020-01-19 17:00:00+00:00,31.0,78.2,0.98,0.0
2020-01-19 17:00:00+00:00,29.9,78.9,0.9414384998101069,0.026935606210141794
2020-01-19 17:00:00+00:00,30.7,78.9,0.8162900577670219,-0.01595383927520322
2020-01-19 17:00:00+00:00,30.1,78.3,0.98,0.0
2020-01-19 17:00:00+00:00,30.8,79.2,0.98,0.0
2020-01-19 17:00:00+00:00,30.5,78.7,0.98,0.0
2020-01-19 18:00:00+00:00,31.0,78.2,0.98,0.0
2020-01-19 18:00:00+00:00,29.9,78.9,0.8703202787447614,-0.07111822106534549
2020-01-19 18:00:00+00:00,31.2,78.6,0.98,0.0
2020-01-19 18:00:00+00:00,30.1,78.3,0.98,0.0
2020-01-19 18:00:00+00:00,30.7,78.9,0.8126269193457573,-0.0036631384212646445
2020-01-19 18:00:00+00:00,30.8,79.2,0.98,0.0
2020-01-19 18:00:00+00:00,30.5,78.7,0.98,0.0
2020-01-19 18:00:00+00:00,30.3,78.5,0.98,0.0
2020-01-19 19:00:00+00:00,30.5,78.7,0.98,0.0
2020-01-19 19:00:00+00:00,30.7,78.9,0.7740256932614092,-0.03860122608434802
2020-01-19 19:00:00+00:00,30.8,79.2,0.98,0.0
2020-01-19 19:00:00+00:00,30.3,78.5,0.98,0.0
2020-01-19 19:00:00+00:00,30.1,78.3,0.98,0.0
2020-01-19 19:00:00+00:00,31.0,78.2,0.98,0.0
2020-01-19 19:00:00+00:00,29.9,78.9,0.8876300204202309,0.017309741675469503
2020-01-19 19:00:00+00:00,31.2,78.6,0.9630912083394422,-0.01690879166055781
2020-01-19 20:00:00+00:00,31.2,78.6,0.966215655012977,0.003124446673534842
2020-01-19 20:00:00+00:00,31.0,78.2,0.98,0.0
2020-01-19 20:00:00+00:00,30.1,78.3,0.98,0.0
2020-01-19 20:00:00+00:00,30.3,78.5,0.98,0.0
2020-01-19 20:00:00+00:00,30.8,79.2,0.98,0.0
2020-01-19 20:00:00+00:00,30.7,78.9,0.7917452114438164,0.017719518182407135
2020-01-19 20:00:00+00:00,30.5,78.7,0.98,0.0
2020-01-19 20:00:00+00:00,29.9,78.9,0.9267645958415501,0.03913457542131926
2020-01-19 21:00:00+00:00,30.7,78.9,0.7343556060804142,-0.05738960536340221
2020-01-19 21:00:00+00:00,30.5,78.7,0.98,0.0
2020-01-19 21:00:00+00:00,31.2,78.6,0.98,0.013784344987022967
2020-01-19 21:00:00+00:00,30.3,78.5,0.98,0.0
2020-01-19 21:00:00+00:00,30.1,78.3,0.98,0.0
2020-01-19 21:00:00+00:00,31.0,78.2,0.98,0.0
2020-01-19 21:00:00+00:00,30.8,79.2,0.98,0.0
2020-01-19 21:00:00+00:00,29.9,78.9,0.9276510785905077,0.0008864827489575289
2020-01-19 22:00:00+00:00,29.9,78.9,0.8228475870931882,-0.10480349149731949
2020-01-19 22:00:00+00:00,30.3,78.5,0.98,0.0
2020-01-19 22:00:00+00:00,30.1,78.3,0.98,0.0
2020-01-19 22:00:00+00:00,31.0,78.2,0.98,0.0
2020-01-19 22:00:00+00:00,30.7,78.9,0.7809362947626548,0.046580688682240634
2020-01-19 22:00:00+00:00,30.8,79.2,0.98,0.0
2020-01-19 22:00:00+00:00,31.2,78.6,0.98,0.0
2020-01-19 22:00:00+00:00,30.5,78.7,0.98,0.0
2020-01-19 23:00:00+00:00,30.3,78.5,0.98,0.0
2020-01-19 23:00:00+00:00,30.7,78.9,0.8174312810650676,0.03649498630241277
2020-01-19 23:00:00+00:00,30.5,78.7,0.98,0.0
2020-01-19 23:00:00+00:00,31.2,78.6,0.98,0.0
2020-01-19 23:00:00+00:00,30.8,79.2,0.98,0.0
2020-01-19 23:00:00+00:00,30.1,78.3,0.98,0.0
2020-01-19 23:00:00+00:00,29.9,78.9,0.9063094015503951,0.0834618144572069
2020-01-19 23:00:00+00:00,31.0,78.2,0.98,0.0
2020-01-20 00:00:00+00:00,30.8,79.2,0.98,0.0
2020-01-20 00:00:00+00:00,29.9,78.9,0.9212801275279178,0.014970725977522692
2020-01-20 00:00:00+00:00,30.3,78.5,0.98,0.0
2020-01-20 00:00:00+00:00,31.2,78.6,0.98,0.0
2020-01-20 00:00:00+00:00,30.5,78.7,0.98,0.0
2020-01-20 00:00:00+00:00,31.0,78.2,0.98,0.0
2020-01-20 00:00:00+00:00,30.7,78.9,0.8258441542016061,0.00841287313653849
2020-01-20 00:00:00+00:00,30.1,78.3,0.98,0.0
2020-01-20 01:00:00+00:00,31.0,78.2,0.98,0.0
2020-01-20 01:00:00+00:00,30.1,78.3,0.98,0.0
2020-01-20 01:00:00+00:00,30.7,78.9,0.8928223650614767,0.06697821085987066
2020-01-20 01:00:00+00:00,30.3,78.5,0.98,0.0
2020-01-20 01:00:00+00:00,30.8,79.2,0.98,0.0
2020-01-20 01:00:00+00:00,31.2,78.6,0.98,0.0
2020-01-20 01:00:00+00:00,29.9,78.9,0.8814747660140355,-0.039805361513882254
2020-01-20 01:00:00+00:00,30.5,78.7,0.98,0.0
2020-01-20 02:00:00+00:00,31.2,78.6,0.98,0.0
2020-01-20 02:00:00+00:00,30.7,78.9,0.98,0.08717763493852326
2020-01-20 02:00:00+00:00,30.1,78.3,0.98,0.0
2020-01-20 02:00:00+00:00,30.5,78.7,0.98,0.0
2020-01-20 02:00:00+00:00,30.3,78.5,0.98,0.0
2020-01-20 02:00:00+00:00,29.9,78.9,0.850504891952858,-0.03096987406117746
2020-01-20 02:00:00+00:00,30.8,79.2,0.98,0.0
2020-01-20 02:00:00+00:00,31.0,78.2,0.98,0.0
2020-01-20 03:00:00+00:00,30.5,78.7,0.98,0.0
2020-01-20 03:00:00+00:00,30.8,79.2,0.98,0.0
2020-01-20 03:00:00+00:00,29.9,78.9,0.8512800692773164,0.0007751773244583093
2020-01-20 03:00:00+00:00,30.3,78.5,0.98,0.0
2020-01-20 03:00:00+00:00,30.7,78.9,0.98,0.0
2020-01-20 03:00:00+00:00,31.2,78.6,0.98,0.0
2020-01-20 03:00:00+00:00,30.1,78.3,0.98,0.0
2020-01-20 03:00:00+00:00,31.0,78.2,0.98,0.0
2020-01-20 04:00:00+00:00,29.9,78.9,0.841456366407913,-0.009823702869403372
2020-01-20 04:00:00+00:00,30.7,78.9,0.98,0.0
2020-01-20 04:00:00+00:00,31.2,78.6,0.98,0.0
2020-01-20 04:00:00+00:00,30.5,78.7,0.98,0.0
2020-01-20 04:00:00+00:00,30.8,79.2,0.98,0.0
2020-01-20 04:00:00+00:00,31.0,78.2,0.98,0.0
2020-01-20 04:00:00+00:00,30.3,78.5,0.98,0.0
2020-01-20 04:00:00+00:00,30.1,78.3,0.98,0.0
2020-01-20 05:00:00+00:00,30.3,78.5,0.98,0.0
2020-01-20 05:00:00+00:00,30.5,78.7,0.98,0.0
2020-01-20 05:00:00+00:00,30.1,78.3,0.98,0.0
2020-01-20 05:00:00+00:00,30.7,78.9,0.98,0.0
2020-01-20 05:00:00+00:00,29.9,78.9,0.848623772250056,0.0071674058421430376
2020-01-20 05:00:00+00:00,30.8,79.2,0.98,0.0
2020-01-20 05:00:00+00:00,31.0,78.2,0.98,0.0
2020-01-20 05:00:00+00:00,31.2,78.6,0.98,0.0
2020-01-20 06:00:00+00:00,30.3,78.5,0.98,0.0
2020-01-20 06:00:00+00:00,29.9,78.9,0.8485422327603848,-8.153948967126734e-05
2020-01-20 06:00:00+00:00,30.5,78.7,0.98,0.0
2020-01-20 06:00:00+00:00,30.8,79.2,0.98,0.0
2020-01-20 06:00:00+00:00,30.1,78.3,0.98,0.0
2020-01-20 06:00:00+00:00,31.0,78.2,0.98,0.0
2020-01-20 06:00:00+00:00,31.2,78.6,0.98,0.0
2020-01-20 06:00:00+00:00,30.7,78.9,0.98,0.0
2020-01-20 07:00:00+00:00,31.0,78.2,0.98,0.0
2020-01-20 07:00:00+00:00,30.8,79.2,0.98,0.0
2020-01-20 07:00:00+00:00,30.7,78.9,0.98,0.0
2020-01-20 07:00:00+00:00,30.3,78.5,0.98,0.0
2020-01-20 07:00:00+00:00,30.5,78.7,0.98,0.0
2020-01-20 07:00:00+00:00,31.2,78.6,0.98,0.0
2020-01-20 07:00:00+00:00,30.1,78.3,0.98,0.0
2020-01-20 07:00:00+00:00,29.9,78.9,0.8647663649514967,0.016224132191111962
2020-01-20 08:00:00+00:00,31.0,78.2,0.98,0.0
2020-01-20 08:00:00+00:00,31.2,78.6,0.98,0.0
2020-01-20 08:00:00+00:00,30.1,78.3,0.98,0.0
2020-01-20 08:00:00+00:00,29.9,78.9,0.8361329627880805,-0.028633402163416255
2020-01-20 08:00:00+00:00,30.3,78.5,0.98,0.0
2020-01-20 08:00:00+00:00,30.5,78.7,0.98,0.0
2020-01-20 08:00:00+00:00,30.7,78.9,0.98,0.0
2020-01-20 08:00:00+00:00,30.8,79.2,0.98,0.0
2020-01-20 09:00:00+00:00,30.5,78.7,0.98,0.0
2020-01-20 09:00:00+00:00,29.9,78.9,0.8411093112751885,0.00497634848710804
2020-01-20 09:00:00+00:00,30.8,79.2,0.98,0.0
2020-01-20 09:00:00+00:00,30.3,78.5,0.98,0.0
2020-01-20 09:00:00+00:00,31.2,78.6,0.98,0.0
2020-01-20 09:00:00+00:00,31.0,78.2,0.98,0.0
2020-01-20 09:00:00+00:00,30.1,78.3,0.98,0.0
2020-01-20 09:00:00+00:00,30.7,78.9,0.98,0.0
2020-01-20 10:00:00+00:00,30.7,78.9,0.98,0.0
2020-01-20 10:00:00+00:00,31.0,78.2,0.98,0.0
2020-01-20 10:00:00+00:00,30.8,79.2,0.98,0.0
2020-01-20 10:00:00+00:00,31.2,78.6,0.98,0.0
2020-01-20 10:00:00+00:00,29.9,78.9,0.8374151639173109,-0.003694147357877653
2020-01-20 10:00:00+00:00,30.3,78.5,0.98,0.0
2020-01-20 10:00:00+00:00,30.1,78.3,0.98,0.0
2020-01-20 10:00:00+00:00,30.5,78.7,0.98,0.0
2020-01-20 11:00:00+00:00,30.8,79.2,0.98,0.0
2020-01-20 11:00:00+00:00,30.7,78.9,0.98,0.0
2020-01-20 11:00:00+00:00,30.5,78.7,0.98,0.0
2020-01-20 11:00:00+00:00,31.0,78.2,0.98,0.0
2020-01-20 11:00:00+00:00,29.9,78.9,0.8354429362122691,-0.001972227705041796
2020-01-20 11:00:00+00:00,30.3,78.5,0.98,0.0
2020-01-20 11:00:00+00:00,30.1,78.3,0.98,0.0
2020-01-20 11:00:00+00:00,31.2,78.6,0.98,0.0
2020-01-20 12:00:00+00:00,30.1,78.3,0.98,0.0
2020-01-20 12:00:00+00:00,30.3,78.5,0.98,0.0
2020-01-20 12:00:00+00:00,31.2,78.6,0.98,0.0
2020-01-20 12:00:00+00:00,29.9,78.9,0.8459440395553144,0.010501103343045326
2020-01-20 12:00:00+00:00,30.8,79.2,0.98,0.0
2020-01-20 12:00:00+00:00,30.7,78.9,0.98,0.0
2020-01-20 12:00:00+00:00,31.0,78.2,0.98,0.0
2020-01-20 12:00:00+00:00,30.5,78.7,0.98,0.0
2020-01-20 13:00:00+00:00,30.3,78.5,0.98,0.0
2020-01-20 13:00:00+00:00,30.1,78.3,0.98,0.0
2020-01-20 13:00:00+00:00,30.8,79.2,0.98,0.0
2020-01-20 13:00:00+00:00,30.5,78.7,0.98,0.0
2020-01-20 13:00:00+00:00,31.2,78.6,0.98,0.0
2020-01-20 13:00:00+00:00,30.7,78.9,0.98,0.0
2020-01-20 13:00:00+00:00,31.0,78.2,0.98,0.0
2020-01-20 13:00:00+00:00,29.9,78.9,0.8610204426594847,0.015076403104170355
2020-01-20 14:00:00+00:00,30.1,78.3,0.98,0.0
2020-01-20 14:00:00+00:00,29.9,78.9,0.8468493500594839,-0.014171092600000823
2020-01-20 14:00:00+00:00,31.2,78.6,0.98,0.0
2020-01-20 14:00:00+00:00,31.0,78.2,0.98,0.0
2020-01-20 14:00:00+00:00,30.3,78.5,0.98,0.0
2020-01-20 14:00:00+00:00,30.7,78.9,0.98,0.0
2020-01-20 14:00:00+00:00,30.8,79.2,0.98,0.0
2020-01-20 14:00:00+00:00,30.5,78.7,0.98,0.0
2020-01-20 15:00:00+00:00,30.7,78.9,0.98,0.0
2020-01-20 15:00:00+00:00,30.5,78.7,0.98,0.0
2020-01-20 15:00:00+00:00,29.9,78.9,0.77313150605587,-0.07371784400361392
2020-01-20 15:00:00+00:00,30.8,79.2,0.98,0.0
2020-01-20 15:00:00+00:00,31.2,78.6,0.98,0.0
2020-01-20 15:00:00+00:00,31.0,78.2,0.98,0.0
2020-01-20 15:00:00+00:00,30.3,78.5,0.98,0.0
2020-01-20 15:00:00+00:00,30.1,78.3,0.98,0.0
2020-01-20 16:00:00+00:00,31.0,78.2,0.98,0.0
2020-01-20 16:00:00+00:00,31.2,78.6,0.98,0.0
2020-01-20 16:00:00+00:00,29.9,78.9,0.8682778417803232,0.09514633572445319
2020-01-20 16:00:00+00:00,30.1,78.3,0.98,0.0
2020-01-20 16:00:00+00:00,30.8,79.2,0.98,0.0
2020-01-20 16:00:00+00:00,30.5,78.7,0.98,0.0
2020-01-20 16:00:00+00:00,30.3,78.5,0.98,0.0
2020-01-20 16:00:00+00:00,30.7,78.9,0.98,0.0
2020-01-20 17:00:00+00:00,29.9,78.9,0.8592992438929014,-0.008978597887421835
2020-01-20 17:00:00+00:00,31.2,78.6,0.98,0.0
2020-01-20 17:00:00+00:00,30.3,78.5,0.98,0.0
2020-01-20 17:00:00+00:00,30.8,79.2,0.98,0.0
2020-01-20 17:00:00+00:00,30.7,78.9,0.98,0.0
2020-01-20 17:00:00+00:00,30.5,78.7,0.98,0.0
2020-01-20 17:00:00+00:00,31.0,78.2,0.98,0.0
2020-01-20 17:00:00+00:00,30.1,78.3,0.98,0.0
2020-01-20 18:00:00+00:00,30.5,78.7,0.98,0.0
2020-01-20 18:00:00+00:00,30.1,78.3,0.98,0.0
2020-01-20 18:00:00+00:00,30.7,78.9,0.98,0.0
2020-01-20 18:00:00+00:00,29.9,78.9,0.98,0.12070075610709863
2020-01-20 18:00:00+00:00,31.0,78.2,0.98,0.0
2020-01-20 18:00:00+00:00,31.2,78.6,0.98,0.0
2020-01-20 18:00:00+00:00,30.3,78.5,0.98,0.0
2020-01-20 18:00:00+00:00,30.8,79.2,0.98,0.0
2020-01-20 19:00:00+00:00,30.3,78.5,0.98,0.0
2020-01-20 19:00:00+00:00,30.7,78.9,0.98,0.0
2020-01-20 19:00:00+00:00,29.9,78.9,0.9692887260697929,-0.0107112739302071
2020-01-20 19:00:00+00:00,31.2,78.6,0.98,0.0
2020-01-20 19:00:00+00:00,30.5,78.7,0.98,0.0
2020-01-20 19:00:00+00:00,31.0,78.2,0.98,0.0
2020-01-20 19:00:00+00:00,30.1,78.3,0.98,0.0
2020-01-20 19:00:00+00:00,30.8,79.2,0.98,0.0
2020-01-20 20:00:00+00:00,31.2,78.6,0.98,0.0
2020-01-20 20:00:00+00:00,31.0,78.2,0.98,0.0
2020-01-20 20:00:00+00:00,29.9,78.9,0.98,0.0107112739302071
2020-01-20 20:00:00+00:00,30.8,79.2,0.98,0.0
2020-01-20 20:00:00+00:00,30.1,78.3,0.98,0.0
2020-01-20 20:00:00+00:00,30.5,78.7,0.98,0.0
2020-01-20 20:00:00+00:00,30.7,78.9,0.98,0.0
2020-01-20 20:00:00+00:00,30.3,78.5,0.98,0.0
2020-01-20 21:00:00+00:00,31.0,78.2,0.98,0.0
2020-01-20 21:00:00+00:00,29.9,78.9,0.98,0.0
2020-01-20 21:00:00+00:00,30.5,78.7,0.98,0.0
2020-01-20 21:00:00+00:00,30.3,78.5,0.98,0.0
2020-01-20 21:00:00+00:00,30.7,78.9,0.98,0.0
2020-01-20 21:00:00+00:00,30.1,78.3,0.98,0.0
2020-01-20 21:00:00+00:00,31.2,78.6,0.98,0.0
2020-01-20 21:00:00+00:00,30.8,79.2,0.98,0.0
2020-01-20 22:00:00+00:00,30.5,78.7,0.98,0.0
2020-01-20 22:00:00+00:00,30.7,78.9,0.98,0.0
2020-01-20 22:00:00+00:00,30.1,78.3,0.98,0.0
2020-01-20 22:00:00+00:00,29.9,78.9,0.98,0.0
2020-01-20 22:00:00+00:00,31.0,78.2,0.98,0.0
2020-01-20 22:00:00+00:00,31.2,78.6,0.98,0.0
2020-01-20 22:00:00+00:00,30.3,78.5,0.98,0.0
2020-01-20 22:00:00+00:00,30.8,79.2,0.98,0.0
2020-01-20 23:00:00+00:00,30.1,78.3,0.98,0.0
2020-01-20 23:00:00+00:00,30.5,78.7,0.98,0.0
2020-01-20 23:00:00+00:00,31.2,78.6,0.98,0.0
2020-01-20 23:00:00+00:00,29.9,78.9,0.98,0.0
2020-01-20 23:00:00+00:00,30.7,78.9,0.98,0.0
2020-01-20 23:00:00+00:00,30.3,78.5,0.98,0.0
2020-01-20 23:00:00+00:00,30.8,79.2,0.98,0.0
2020-01-20 23:00:00+00:00,31.0,78.2,0.98,0.0
2020-01-21 00:00:00+00:00,30.1,78.3,0.98,0.0
2020-01-21 00:00:00+00:00,30.5,78.7,0.98,0.0
2020-01-21 00:00:00+00:00,29.9,78.9,0.98,0.0
2020-01-21 00:00:00+00:00,30.7,78.9,0.98,0.0
2020-01-21 00:00:00+00:00,30.3,78.5,0.98,0.0
2020-01-21 00:00:00+00:00,31.0,78.2,0.98,0.0
2020-01-21 00:00:00+00:00,30.8,79.2,0.98,0.0
2020-01-21 00:00:00+00:00,31.2,78.6,0.98,0.0
2020-01-21 01:00:00+00:00,30.7,78.9,0.98,0.0
2020-01-21 01:00:00+00:00,30.8,79.2,0.98,0.0
2020-01-21 01:00:00+00:00,29.9,78.9,0.98,0.0
2020-01-21 01:00:00+00:00,30.1,78.3,0.98,0.0
2020-01-21 01:00:00+00:00,31.2,78.6,0.98,0.0
2020-01-21 01:00:00+00:00,30.3,78.5,0.98,0.0
2020-01-21 01:00:00+00:00,31.0,78.2,0.98,0.0
2020-01-21 01:00:00+00:00,30.5,78.7,0.98,0.0
2020-01-21 02:00:00+00:00,29.9,78.9,0.98,0.0
2020-01-21 02:00:00+00:00,30.1,78.3,0.98,0.0
2020-01-21 02:00:00+00:00,30.8,79.2,0.98,0.0
2020-01-21 02:00:00+00:00,31.2,78.6,0.98,0.0
2020-01-21 02:00:00+00:00,30.3,78.5,0.98,0.0
2020-01-21 02:00:00+00:00,31.0,78.2,0.98,0.0
2020-01-21 02:00:00+00:00,30.5,78.7,0.98,0.0
2020-01-21 02:00:00+00:00,30.7,78.9,0.98,0.0
2020-01-21 03:00:00+00:00,30.1,78.3,0.98,0.0
2020-01-21 03:00:00+00:00,30.8,79.2,0.98,0.0
2020-01-21 03:00:00+00:00,29.9,78.9,0.98,0.0
2020-01-21 03:00:00+00:00,30.5,78.7,0.98,0.0
2020-01-21 03:00:00+00:00,31.2,78.6,0.98,0.0
2020-01-21 03:00:00+00:00,30.3,78.5,0.98,0.0
2020-01-21 03:00:00+00:00,31.0,78.2,0.98,0.0
2020-01-21 03:00:00+00:00,30.7,78.9,0.98,0.0
2020-01-21 04:00:00+00:00,30.7,78.9,0.98,0.0
2020-01-21 04:00:00+00:00,30.5,78.7,0.98,0.0
2020-01-21 04:00:00+00:00,31.0,78.2,0.98,0.0
2020-01-21 04:00:00+00:00,29.9,78.9,0.98,0.0
2020-01-21 04:00:00+00:00,30.1,78.3,0.98,0.0
2020-01-21 04:00:00+00:00,30.3,78.5,0.98,0.0
2020-01-21 04:00:00+00:00,30.8,79.2,0.98,0.0
2020-01-21 04:00:00+00:00,31.2,78.6,0.98,0.0
2020-01-21 05:00:00+00:00,30.1,78.3,0.98,0.0
2020-01-21 05:00:00+00:00,29.9,78.9,0.98,0.0
2020-01-21 05:00:00+00:00,31.0,78.2,0.98,0.0
2020-01-21 05:00:00+00:00,30.8,79.2,0.98,0.0
2020-01-21 05:00:00+00:00,31.2,78.6,0.98,0.0
2020-01-21 05:00:00+00:00,30.5,78.7,0.98,0.0
2020-01-21 05:00:00+00:00,30.3,78.5,0.98,0.0
2020-01-21 05:00:00+00:00,30.7,78.9,0.98,0.0
2020-01-21 06:00:00+00:00,31.2,78.6,0.98,0.0
2020-01-21 06:00:00+00:00,29.9,78.9,0.98,0.0
2020-01-21 06:00:00+00:00,31.0,78.2,0.98,0.0
2020-01-21 06:00:00+00:00,30.5,78.7,0.98,0.0
2020-01-21 06:00:00+00:00,30.7,78.9,0.98,0.0
2020-01-21 06:00:00+00:00,30.3,78.5,0.98,0.0
2020-01-21 06:00:00+00:00,30.1,78.3,0.98,0.0
2020-01-21 06:00:00+00:00,30.8,79.2,0.98,0.0
2020-01-21 07:00:00+00:00,30.1,78.3,0.98,0.0
2020-01-21 07:00:00+00:00,30.7,78.9,0.98,0.0
2020-01-21 07:00:00+00:00,30.3,78.5,0.98,0.0
2020-01-21 07:00:00+00:00,31.0,78.2,0.98,0.0
2020-01-21 07:00:00+00:00,30.8,79.2,0.98,0.0
2020-01-21 07:00:00+00:00,30.5,78.7,0.98,0.0
2020-01-21 07:00:00+00:00,31.2,78.6,0.98,0.0
2020-01-21 07:00:00+00:00,29.9,78.9,0.98,0.0
2020-01-21 08:00:00+00:00,30.8,79.2,0.98,0.0
2020-01-21 08:00:00+00:00,31.2,78.6,0.98,0.0
2020-01-21 08:00:00+00:00,30.7,78.9,0.98,0.0
2020-01-21 08:00:00+00:00,30.3,78.5,0.98,0.0
2020-01-21 08:00:00+00:00,29.9,78.9,0.98,0.0
2020-01-21 08:00:00+00:00,30.5,78.7,0.98,0.0
2020-01-21 08:00:00+00:00,31.0,78.2,0.98,0.0
2020-01-21 08:00:00+00:00,30.1,78.3,0.98,0.0
2020-01-21 09:00:00+00:00,29.9,78.9,0.98,0.0
2020-01-21 09:00:00+00:00,31.0,78.2,0.98,0.0
2020-01-21 09:00:00+00:00,30.3,78.5,0.98,0.0
2020-01-21 09:00:00+00:00,30.8,79.2,0.98,0.0
2020-01-21 09:00:00+00:00,31.2,78.6,0.98,0.0
2020-01-21 09:00:00+00:00,30.7,78.9,0.98,0.0
2020-01-21 09:00:00+00:00,30.1,78.3,0.98,0.0
2020-01-21 09:00:00+00:00,30.5,78.7,0.98,0.0
2020-01-21 10:00:00+00:00,31.2,78.6,0.98,0.0
2020-01-21 10:00:00+00:00,30.1,78.3,0.98,0.0
2020-01-21 10:00:00+00:00,31.0,78.2,0.98,0.0
2020-01-21 10:00:00+00:00,29.9,78.9,0.98,0.0
2020-01-21 10:00:00+00:00,30.7,78.9,0.98,0.0
2020-01-21 10:00:00+00:00,30.8,79.2,0.98,0.0
2020-01-21 10:00:00+00:00,30.5,78.7,0.98,0.0
2020-01-21 10:00:00+00:00,30.3,78.5,0.98,0.0
2020-01-21 11:00:00+00:00,30.8,79.2,0.98,0.0
2020-01-21 11:00:00+00:00,31.2,78.6,0.98,0.0
2020-01-21 11:00:00+00:00,31.0,78.2,0.98,0.0
2020-01-21 11:00:00+00:00,30.5,78.7,0.98,0.0
2020-01-21 11:00:00+00:00,30.3,78.5,0.98,0.0
2020-01-21 11:00:00+00:00,29.9,78.9,0.98,0.0
2020-01-21 11:00:00+00:00,30.7,78.9,0.98,0.0
2020-01-21 11:00:00+00:00,30.1,78.3,0.98,0.0
2020-01-21 12:00:00+00:00,29.9,78.9,0.98,0.0
2020-01-21 12:00:00+00:00,30.8,79.2,0.98,0.0
2020-01-21 12:00:00+00:00,30.5,78.7,0.98,0.0
2020-01-21 12:00:00+00:00,31.0,78.2,0.98,0.0
2020-01-21 12:00:00+00:00,30.3,78.5,0.98,0.0
2020-01-21 12:00:00+00:00,30.1,78.3,0.98,0.0
2020-01-21 12:00:00+00:00,31.2,78.6,0.98,0.0
2020-01-21 12:00:00+00:00,30.7,78.9,0.98,0.0
2020-01-21 13:00:00+00:00,30.5,78.7,0.98,0.0
2020-01-21 13:00:00+00:00,31.0,78.2,0.98,0.0
2020-01-21 13:00:00+00:00,29.9,78.9,0.98,0.0
2020-01-21 13:00:00+00:00,30.7,78.9,0.98,0.0
2020-01-21 13:00:00+00:00,31.2,78.6,0.98,0.0
2020-01-21 13:00:00+00:00,30.1,78.3,0.98,0.0
2020-01-21 13:00:00+00:00,30.8,79.2,0.98,0.0
2020-01-21 13:00:00+00:00,30.3,78.5,0.98,0.0
2020-01-21 14:00:00+00:00,30.8,79.2,0.98,0.0
2020-01-21 14:00:00+00:00,31.0,78.2,0.98,0.0
2020-01-21 14:00:00+00:00,31.2,78.6,0.98,0.0
2020-01-21 14:00:00+00:00,30.1,78.3,0.98,0.0
2020-01-21 14:00:00+00:00,30.5,78.7,0.98,0.0
2020-01-21 14:00:00+00:00,30.7,78.9,0.98,0.0
2020-01-21 14:00:00+00:00,29.9,78.9,0.98,0.0
2020-01-21 14:00:00+00:00,30.3,78.5,0.98,0.0
2020-01-21 15:00:00+00:00,30.3,78.5,0.98,0.0
2020-01-21 15:00:00+00:00,30.1,78.3,0.98,0.0
2020-01-21 15:00:00+00:00,30.5,78.7,0.98,0.0
2020-01-21 15:00:00+00:00,30.7,78.9,0.98,0.0
2020-01-21 15:00:00+00:00,31.0,78.2,0.98,0.0
2020-01-21 15:00:00+00:00,29.9,78.9,0.98,0.0
2020-01-21 15:00:00+00:00,31.2,78.6,0.98,0.0
2020-01-21 15:00:00+00:00,30.8,79.2,0.98,0.0
2020-01-21 16:00:00+00:00,30.1,78.3,0.98,0.0
2020-01-21 16:00:00+00:00,30.5,78.7,0.98,0.0
2020-01-21 16:00:00+00:00,30.7,78.9,0.98,0.0
2020-01-21 16:00:00+00:00,31.2,78.6,0.98,0.0
2020-01-21 16:00:00+00:00,29.9,78.9,0.98,0.0
2020-01-21 16:00:00+00:00,30.8,79.2,0.98,0.0
2020-01-21 16:00:00+00:00,30.3,78.5,0.98,0.0
2020-01-21 16:00:00+00:00,31.0,78.2,0.98,0.0
2020-01-21 17:00:00+00:00,31.2,78.6,0.98,0.0
2020-01-21 17:00:00+00:00,30.8,79.2,0.98,0.0
2020-01-21 17:00:00+00:00,31.0,78.2,0.98,0.0
2020-01-21 17:00:00+00:00,30.1,78.3,0.98,0.0
2020-01-21 17:00:00+00:00,29.9,78.9,0.98,0.0
2020-01-21 17:00:00+00:00,30.7,78.9,0.98,0.0
2020-01-21 17:00:00+00:00,30.5,78.7,0.98,0.0
2020-01-21 17:00:00+00:00,30.3,78.5,0.98,0.0
2020-01-21 18:00:00+00:00,31.2,78.6,0.98,0.0
2020-01-21 18:00:00+00:00,30.5,78.7,0.98,0.0
2020-01-21 18:00:00+00:00,31.0,78.2,0.98,0.0
2020-01-21 18:00:00+00:00,30.3,78.5,0.98,0.0
2020-01-21 18:00:00+00:00,30.8,79.2,0.98,0.0
2020-01-21 18:00:00+00:00,30.7,78.9,0.98,0.0
2020-01-21 18:00:00+00:00,30.1,78.3,0.98,0.0
2020-01-21 18:00:00+00:00,29.9,78.9,0.98,0.0
2020-01-21 19:00:00+00:00,30.7,78.9,0.98,0.0
2020-01-21 19:00:00+00:00,31.2,78.6,0.98,0.0
2020-01-21 19:00:00+00:00,31.0,78.2,0.98,0.0
2020-01-21 19:00:00+00:00,30.5,78.7,0.98,0.0
2020-01-21 19:00:00+00:00,30.3,78.5,0.98,0.0
2020-01-21 19:00:00+00:00,30.1,78.3,0.98,0.0
2020-01-21 19:00:00+00:00,29.9,78.9,0.98,0.0
2020-01-21 19:00:00+00:00,30.8,79.2,0.98,0.0
